{"apiVersion":"1.0.0","resourcePath":"/Additional Policy Fields","apis":[{"path":"/revisions/{revision_id:[0-9]+}/additional_parameters","operations":[{"baseURL":"/securetrack/api","method":"GET","summary":"Get additional parameters identities by revision","notes":"Some firewall vendors use special fields in their security policy.\u003cbr\u003eFor example: Palo Alto uses Tags, Security Profiles and Log Profiles and Fortinet uses NAT Pools and other NAT configurations.\u003cbr\u003eSecureTrack refers to these fields as “Additional Parameters”.\u003cbr\u003eThe additional parameters API retrieves the possible values of these fields.\u003cbr\u003eThis API is currently supported for Palo Alto Networks firewalls and Fortinet devices managed by Fortimanager.","examples":["https://192.168.1.1/securetrack/api/revisions/162/additional_parameters?type\u003dsecurity_profile_group"],"position":"1","type":"additional_parameters","nickname":"getAdditionalParameters","produces":["application/xml","application/json"],"parameters":[{"name":"context","description":"Global MSSP context","required":false,"type":"integer","format":"int32","paramType":"query","allowMultiple":false,"allowableValues":""},{"name":"revision_id","description":"Revision ID","required":true,"type":"integer","format":"int32","paramType":"path","allowMultiple":false,"allowableValues":""},{"name":"type","description":"Additional parameter type","required":false,"type":"string","paramType":"query","allowMultiple":false,"allowableValues":"security_profile_group,log_forwarding_profile"}],"responseMessages":[{"code":200,"message":"Successful"},{"code":400,"message":"Invalid request"}]}]},{"path":"/revisions/{revision_id:[0-9]+}/additional_parameters/{ids:(([0-9]+,)*[0-9]+|\\*)}","operations":[{"baseURL":"/securetrack/api","method":"GET","summary":"Get specific additional parameter identity","notes":"Some firewall vendors use special fields in their security policy.\u003cbr\u003eFor example: Palo Alto uses Tags, Security Profiles and Log Profiles and Fortinet uses NAT Pools and other NAT configurations.\u003cbr\u003eSecureTrack refers to these fields as “Additional Parameters”.\u003cbr\u003eThe additional parameters API retrieves the possible values of these fields.\u003cbr\u003eThis API is currently supported for Palo Alto Networks firewalls and Fortinet devices managed by Fortimanager.","examples":["https://192.168.1.1/securetrack/api/revisions/162/additional_parameters/242767,242768,242760"],"position":"2","type":"additional_parameters","nickname":"getSpecificAdditionalParameters","produces":["application/xml","application/json"],"parameters":[{"name":"context","description":"Global MSSP context","required":false,"type":"integer","format":"int32","paramType":"query","allowMultiple":false,"allowableValues":""},{"name":"revision_id","description":"Revision ID","required":true,"type":"integer","format":"int32","paramType":"path","allowMultiple":false,"allowableValues":""},{"name":"ids","description":"Additional parameter IDs separated by commas","required":true,"type":"string","paramType":"path","allowMultiple":false,"allowableValues":""}]}]}],"models":{"additional_param_tag_type":{"id":"additional_param_tag_type","rootElement":"additional_parameter","description":"","properties":{"display_name":{"type":"string","description":"The name of the additional parameter","httpMethods":["GET"],"allowableValues":""},"id":{"type":"integer","format":"int64","description":"The identifier of the additional parameter in the revision","httpMethods":["GET"],"allowableValues":""},"class_name":{"type":"string","description":"The class name of the object","httpMethods":["GET"],"allowableValues":""},"name":{"type":"string","description":"The name of the object","httpMethods":["GET"],"allowableValues":""},"uid":{"type":"string","description":"The unique identifier of the entity","httpMethods":["GET"],"allowableValues":""}}},"InterfaceForNetworkObjectListDTO":{"id":"InterfaceForNetworkObjectListDTO","rootElement":"interfaces","description":"","properties":{"interface":{"type":"array","items":{"$ref":"InterfaceForNetworkObjectDTO"}}}},"additional_param_group_type":{"id":"additional_param_group_type","rootElement":"additional_parameter","description":"","properties":{"extended_member":{"type":"array","items":{"$ref":"AdditionalParameterDTO"}},"member":{"type":"array","description":"The list of referenced objects","items":{"$ref":"ObjectReferenceDTO"},"httpMethods":["GET"],"allowableValues":""},"display_name":{"type":"string","description":"The name of the additional parameter","httpMethods":["GET"],"allowableValues":""},"id":{"type":"integer","format":"int64","description":"The identifier of the additional parameter in the revision","httpMethods":["GET"],"allowableValues":""},"class_name":{"type":"string","description":"The class name of the object","httpMethods":["GET"],"allowableValues":""},"name":{"type":"string","description":"The name of the object","httpMethods":["GET"],"allowableValues":""},"uid":{"type":"string","description":"The unique identifier of the entity","httpMethods":["GET"],"allowableValues":""}}},"DipNatInfoDTO":{"id":"DipNatInfoDTO","rootElement":"nat_info","description":"","required":["interface_name","id"],"properties":{"shift_from":{"type":"string","description":"shift_from","allowableValues":""},"interface_name":{"type":"string","description":"Interface name of NAT info","allowableValues":""},"id":{"type":"integer","format":"int64","description":"Object ID of NAT info","allowableValues":""}}},"ServiceDTO":{"id":"ServiceDTO","rootElement":"service","description":"","required":["management_domain","uid","device_id","deviceName","application_id","global","comment","display_name","name","id","class_name"],"properties":{"type_on_device":{"type":"string","description":"type on device","allowableValues":""},"management_domain":{"type":"string","description":"management domain ","position":"10","allowableValues":""},"overrides":{"type":"boolean","description":"Original value override, applicable only for Panorama NG","allowableValues":""},"uid":{"type":"string","description":"The uid of the device object","position":"6","allowableValues":""},"device_id":{"type":"integer","format":"int32","description":"The device ID of the device object","position":"6","allowableValues":""},"deviceName":{"type":"string","description":"Device name for device object","position":"9","allowableValues":""},"application_id":{"type":"integer","format":"int64","description":"Application ID of the device object","position":"8","allowableValues":""},"global":{"type":"boolean","description":"Is a global device object","httpMethods":["GET"],"position":"5","allowableValues":""},"comment":{"type":"string","description":"The comment of the device object","httpMethods":["GET","POST","PUT"],"position":"7","allowableValues":""},"display_name":{"type":"string","description":"The display name of the device object","httpMethods":["GET"],"position":"2","allowableValues":""},"name":{"type":"string","description":"The name of the device object","httpMethods":["GET","POST","PUT"],"position":"1","allowableValues":""},"id":{"type":"string","description":"The ID of the device object","httpMethods":["GET","PUT"],"allowableValues":""},"class_name":{"type":"string","description":"The class name of the device object","position":"3","allowableValues":""}},"subTypes":["SingleServiceDTO","ServiceGroupDTO"]},"IdentityAwarenessDTO":{"id":"IdentityAwarenessDTO","rootElement":"network_object","description":"","required":["network","user","nat_info","uid","device_id","deviceName","application_id","global","comment","display_name","name","id","class_name"],"properties":{"network":{"type":"array","description":"The networks","items":{"$ref":"NetworkObjectDTO"},"httpMethods":["GET","POST","PUT"],"allowableValues":""},"user":{"type":"array","description":"The users","items":{"$ref":"IdentityAwarenessUserDTO"},"httpMethods":["GET","POST","PUT"],"allowableValues":""},"type_on_device":{"type":"string","description":"type on device","allowableValues":""},"domain_name":{"type":"string"},"management_domain":{"type":"string"},"overrides":{"type":"boolean","description":"Original value override, applicable only for Panorama NG","allowableValues":""},"any_zone":{"type":"boolean"},"nat_info":{"description":"NAT info for the network object","$ref":"NatInfoDTO","position":"10","allowableValues":""},"implicit":{"type":"boolean"},"uid":{"type":"string","description":"The uid of the device object","position":"6","allowableValues":""},"device_id":{"type":"integer","format":"int32","description":"The device ID of the device object","position":"6","allowableValues":""},"deviceName":{"type":"string","description":"Device name for device object","position":"9","allowableValues":""},"application_id":{"type":"integer","format":"int64","description":"Application ID of the device object","position":"8","allowableValues":""},"global":{"type":"boolean","description":"Is a global device object","httpMethods":["GET"],"position":"5","allowableValues":""},"comment":{"type":"string","description":"The comment of the device object","httpMethods":["GET","POST","PUT"],"position":"7","allowableValues":""},"display_name":{"type":"string","description":"The display name of the device object","httpMethods":["GET"],"position":"2","allowableValues":""},"name":{"type":"string","description":"The name of the device object","httpMethods":["GET","POST","PUT"],"position":"1","allowableValues":""},"id":{"type":"string","description":"The ID of the device object","httpMethods":["GET","PUT"],"allowableValues":""},"class_name":{"type":"string","description":"The class name of the device object","position":"3","allowableValues":""}}},"FortigateNatInfoDTO":{"id":"FortigateNatInfoDTO","rootElement":"nat_info","description":"","required":["interface_name","id"],"properties":{"port_forwarding_type":{"type":"string","description":"port_forwarding_type","allowableValues":""},"src_filter":{"type":"string","description":"src_filter","allowableValues":""},"src_interface_filter":{"type":"string","description":"src_interface_filter","allowableValues":""},"mapped-ip":{"type":"string","description":"mapped-ip","allowableValues":""},"mapped-ip-max":{"type":"string","description":"mapped-ip-max","allowableValues":""},"external-port":{"type":"string","description":"external-port","allowableValues":""},"mapped-port":{"type":"string","description":"mapped-port","allowableValues":""},"forti_vip":{"type":"boolean","description":"forti_vip","allowableValues":""},"Interface":{"type":"string","description":"Interface","allowableValues":""},"interface_name":{"type":"string","description":"Interface name of NAT info","allowableValues":""},"id":{"type":"integer","format":"int64","description":"Object ID of NAT info","allowableValues":""}}},"ServiceGroupDTO":{"id":"ServiceGroupDTO","rootElement":"service","description":"","required":["member","management_domain","uid","device_id","deviceName","application_id","global","comment","display_name","name","id","class_name"],"properties":{"member":{"type":"array","description":"List of references to the service group members","items":{"$ref":"ObjectReferenceDTO"},"httpMethods":["GET","POST","PUT"],"position":"11","allowableValues":""},"type_on_device":{"type":"string","description":"type on device","allowableValues":""},"management_domain":{"type":"string","description":"management domain ","position":"10","allowableValues":""},"overrides":{"type":"boolean","description":"Original value override, applicable only for Panorama NG","allowableValues":""},"uid":{"type":"string","description":"The uid of the device object","position":"6","allowableValues":""},"device_id":{"type":"integer","format":"int32","description":"The device ID of the device object","position":"6","allowableValues":""},"deviceName":{"type":"string","description":"Device name for device object","position":"9","allowableValues":""},"application_id":{"type":"integer","format":"int64","description":"Application ID of the device object","position":"8","allowableValues":""},"global":{"type":"boolean","description":"Is a global device object","httpMethods":["GET"],"position":"5","allowableValues":""},"comment":{"type":"string","description":"The comment of the device object","httpMethods":["GET","POST","PUT"],"position":"7","allowableValues":""},"display_name":{"type":"string","description":"The display name of the device object","httpMethods":["GET"],"position":"2","allowableValues":""},"name":{"type":"string","description":"The name of the device object","httpMethods":["GET","POST","PUT"],"position":"1","allowableValues":""},"id":{"type":"string","description":"The ID of the device object","httpMethods":["GET","PUT"],"allowableValues":""},"class_name":{"type":"string","description":"The class name of the device object","position":"3","allowableValues":""}}},"additional_param_log_forwarding_type":{"id":"additional_param_log_forwarding_type","rootElement":"additional_parameter","description":"","properties":{"display_name":{"type":"string","description":"The name of the additional parameter","httpMethods":["GET"],"allowableValues":""},"id":{"type":"integer","format":"int64","description":"The identifier of the additional parameter in the revision","httpMethods":["GET"],"allowableValues":""},"class_name":{"type":"string","description":"The class name of the object","httpMethods":["GET"],"allowableValues":""},"name":{"type":"string","description":"The name of the object","httpMethods":["GET"],"allowableValues":""},"uid":{"type":"string","description":"The unique identifier of the entity","httpMethods":["GET"],"allowableValues":""}}},"Comparator":{"id":"Comparator","description":"","properties":{}},"SingleServiceDTO":{"id":"SingleServiceDTO","rootElement":"service","description":"","required":["management_domain","uid","device_id","deviceName","application_id","global","comment","display_name","name","id","class_name"],"properties":{"min":{"type":"integer","format":"int32","description":"For IP, TCP and UDP Services: the minimum port number, ICMP Service: the ICMP type number.","httpMethods":["GET","POST","PUT"],"position":"11","allowableValues":""},"negate":{"type":"boolean","description":"Negates the defined port(s), that is: the defined port(s) are ignored, and only all other logs are analyzed.","position":"14","allowableValues":""},"max":{"type":"integer","format":"int32","description":"For IP, TCP and UDP Services: the maximum port number.","httpMethods":["GET","POST","PUT"],"position":"12","allowableValues":""},"timeout":{"type":"string","description":"The timeout value for the service in seconds","httpMethods":["GET","POST","PUT"],"position":"15","allowableValues":"default, never"},"protocol":{"type":"integer","format":"int16","description":"The port number, for IP service: protocol is not specified.","httpMethods":["GET","POST","PUT"],"position":"13","allowableValues":""},"type_on_device":{"type":"string","description":"type on device","allowableValues":""},"management_domain":{"type":"string","description":"management domain ","position":"10","allowableValues":""},"overrides":{"type":"boolean","description":"Original value override, applicable only for Panorama NG","allowableValues":""},"uid":{"type":"string","description":"The uid of the device object","position":"6","allowableValues":""},"device_id":{"type":"integer","format":"int32","description":"The device ID of the device object","position":"6","allowableValues":""},"deviceName":{"type":"string","description":"Device name for device object","position":"9","allowableValues":""},"application_id":{"type":"integer","format":"int64","description":"Application ID of the device object","position":"8","allowableValues":""},"global":{"type":"boolean","description":"Is a global device object","httpMethods":["GET"],"position":"5","allowableValues":""},"comment":{"type":"string","description":"The comment of the device object","httpMethods":["GET","POST","PUT"],"position":"7","allowableValues":""},"display_name":{"type":"string","description":"The display name of the device object","httpMethods":["GET"],"position":"2","allowableValues":""},"name":{"type":"string","description":"The name of the device object","httpMethods":["GET","POST","PUT"],"position":"1","allowableValues":""},"id":{"type":"string","description":"The ID of the device object","httpMethods":["GET","PUT"],"allowableValues":""},"class_name":{"type":"string","description":"The class name of the device object","position":"3","allowableValues":""}}},"NetworkObjectDTO":{"id":"NetworkObjectDTO","rootElement":"network_object","description":"","required":["nat_info","uid","device_id","deviceName","application_id","global","comment","display_name","name","id","class_name"],"properties":{"type_on_device":{"type":"string","description":"type on device","allowableValues":""},"domain_name":{"type":"string"},"management_domain":{"type":"string"},"overrides":{"type":"boolean","description":"Original value override, applicable only for Panorama NG","allowableValues":""},"any_zone":{"type":"boolean"},"nat_info":{"description":"NAT info for the network object","$ref":"NatInfoDTO","position":"10","allowableValues":""},"implicit":{"type":"boolean"},"uid":{"type":"string","description":"The uid of the device object","position":"6","allowableValues":""},"device_id":{"type":"integer","format":"int32","description":"The device ID of the device object","position":"6","allowableValues":""},"deviceName":{"type":"string","description":"Device name for device object","position":"9","allowableValues":""},"application_id":{"type":"integer","format":"int64","description":"Application ID of the device object","position":"8","allowableValues":""},"global":{"type":"boolean","description":"Is a global device object","httpMethods":["GET"],"position":"5","allowableValues":""},"comment":{"type":"string","description":"The comment of the device object","httpMethods":["GET","POST","PUT"],"position":"7","allowableValues":""},"display_name":{"type":"string","description":"The display name of the device object","httpMethods":["GET"],"position":"2","allowableValues":""},"name":{"type":"string","description":"The name of the device object","httpMethods":["GET","POST","PUT"],"position":"1","allowableValues":""},"id":{"type":"string","description":"The ID of the device object","httpMethods":["GET","PUT"],"allowableValues":""},"class_name":{"type":"string","description":"The class name of the device object","position":"3","allowableValues":""}},"subTypes":["BasicNetworkObjectDTO","DuplicateNetworkObjectDTO","HostNetworkObjectDTO","HostNetworkObjectWithInterfacesDTO","NetworkObjectGroupDTO","NetworkObjectVirtualServerDTO","RangeNetworkObjectDTO","SubnetNetworkObjectDTO","IdentityAwarenessDTO"]},"CheckpointNatInfoDTO":{"id":"CheckpointNatInfoDTO","rootElement":"nat_info","description":"","required":["interface_name","id"],"properties":{"mapped_to_ip":{"type":"string","description":"mapped to ip","allowableValues":""},"checkpoint_nat_type":{"type":"string","description":"checkpoint nat type","allowableValues":""},"interface_name":{"type":"string","description":"Interface name of NAT info","allowableValues":""},"id":{"type":"integer","format":"int64","description":"Object ID of NAT info","allowableValues":""}}},"VipMappingDTO":{"id":"VipMappingDTO","rootElement":"vip_mapping","description":"","properties":{"mapped_to_ip":{"type":"string","description":"mapped to ip","allowableValues":""},"virtual_port":{"type":"string","description":"virtual port","allowableValues":""},"version_id":{"type":"integer","format":"int32","description":"version ip","allowableValues":""},"mapped_to_service":{"description":"mapped to service","$ref":"ServiceDTO","allowableValues":""},"id":{"type":"integer","format":"int64","description":"Vip mapping object ID","allowableValues":""}}},"NatInfoDTO":{"id":"NatInfoDTO","rootElement":"nat_info","description":"","required":["interface_name","id"],"properties":{"interface_name":{"type":"string","description":"Interface name of NAT info","allowableValues":""},"id":{"type":"integer","format":"int64","description":"Object ID of NAT info","allowableValues":""}},"subTypes":["MipNatInfoDTO","VipNatInfoDTO","DipNatInfoDTO","CheckpointNatInfoDTO","FortigateNatInfoDTO"]},"MipNatInfoDTO":{"id":"MipNatInfoDTO","rootElement":"nat_info","description":"","required":["interface_name","id"],"properties":{"mapped_to_ip":{"type":"string","description":"mapped to ip","allowableValues":""},"virtual_router":{"type":"string"},"interface_name":{"type":"string","description":"Interface name of NAT info","allowableValues":""},"id":{"type":"integer","format":"int64","description":"Object ID of NAT info","allowableValues":""}}},"DuplicateNetworkObjectDTO":{"id":"DuplicateNetworkObjectDTO","rootElement":"duplication_criteria","description":"","required":["nat_info","uid","device_id","deviceName","application_id","global","comment","display_name","name","id","class_name"],"properties":{"ip":{"type":"string","description":"IP address","httpMethods":["GET"],"position":"12","allowableValues":""},"netmask":{"type":"string","description":"Netmask","httpMethods":["GET"],"position":"11","allowableValues":""},"min_ip":{"type":"string","description":"Minimal IP address","httpMethods":["GET"],"position":"9","allowableValues":""},"max_ip":{"type":"string","description":"Maximal IP address","httpMethods":["GET"],"position":"10","allowableValues":""},"type_on_device":{"type":"string","description":"type on device","allowableValues":""},"domain_name":{"type":"string"},"management_domain":{"type":"string"},"overrides":{"type":"boolean","description":"Original value override, applicable only for Panorama NG","allowableValues":""},"any_zone":{"type":"boolean"},"nat_info":{"description":"NAT info for the network object","$ref":"NatInfoDTO","position":"10","allowableValues":""},"implicit":{"type":"boolean"},"uid":{"type":"string","description":"The uid of the device object","position":"6","allowableValues":""},"device_id":{"type":"integer","format":"int32","description":"The device ID of the device object","position":"6","allowableValues":""},"deviceName":{"type":"string","description":"Device name for device object","position":"9","allowableValues":""},"application_id":{"type":"integer","format":"int64","description":"Application ID of the device object","position":"8","allowableValues":""},"global":{"type":"boolean","description":"Is a global device object","httpMethods":["GET"],"position":"5","allowableValues":""},"comment":{"type":"string","description":"The comment of the device object","httpMethods":["GET","POST","PUT"],"position":"7","allowableValues":""},"display_name":{"type":"string","description":"The display name of the device object","httpMethods":["GET"],"position":"2","allowableValues":""},"name":{"type":"string","description":"The name of the device object","httpMethods":["GET","POST","PUT"],"position":"1","allowableValues":""},"id":{"type":"string","description":"The ID of the device object","httpMethods":["GET","PUT"],"allowableValues":""},"class_name":{"type":"string","description":"The class name of the device object","position":"3","allowableValues":""}}},"additional_parameters":{"id":"additional_parameters","rootElement":"additional_parameters","required":["additional_parameter"],"properties":{"additional_parameter":{"type":"array","items":{"$ref":"AdditionalParameterDTO"}}}},"alias":{"id":"alias","rootElement":"alias","description":"","required":["access_allowed","exclusion","member","nat_info","uid","device_id","deviceName","application_id","global","comment","display_name","name","id","class_name"],"properties":{"access_allowed":{"type":"boolean","description":"access allowed","httpMethods":["GET","POST","PUT"],"position":"13","allowableValues":""},"exclusion":{"type":"array","description":"The exclusions","items":{"$ref":"ObjectReferenceDTO"},"position":"12","allowableValues":""},"member":{"type":"array","description":"The members","items":{"$ref":"ObjectReferenceDTO"},"httpMethods":["GET","POST","PUT"],"position":"11","allowableValues":""},"type_on_device":{"type":"string","description":"type on device","allowableValues":""},"domain_name":{"type":"string"},"management_domain":{"type":"string"},"overrides":{"type":"boolean","description":"Original value override, applicable only for Panorama NG","allowableValues":""},"any_zone":{"type":"boolean"},"nat_info":{"description":"NAT info for the network object","$ref":"NatInfoDTO","position":"10","allowableValues":""},"implicit":{"type":"boolean"},"uid":{"type":"string","description":"The uid of the device object","position":"6","allowableValues":""},"device_id":{"type":"integer","format":"int32","description":"The device ID of the device object","position":"6","allowableValues":""},"deviceName":{"type":"string","description":"Device name for device object","position":"9","allowableValues":""},"application_id":{"type":"integer","format":"int64","description":"Application ID of the device object","position":"8","allowableValues":""},"global":{"type":"boolean","description":"Is a global device object","httpMethods":["GET"],"position":"5","allowableValues":""},"comment":{"type":"string","description":"The comment of the device object","httpMethods":["GET","POST","PUT"],"position":"7","allowableValues":""},"display_name":{"type":"string","description":"The display name of the device object","httpMethods":["GET"],"position":"2","allowableValues":""},"name":{"type":"string","description":"The name of the device object","httpMethods":["GET","POST","PUT"],"position":"1","allowableValues":""},"id":{"type":"string","description":"The ID of the device object","httpMethods":["GET","PUT"],"allowableValues":""},"class_name":{"type":"string","description":"The class name of the device object","position":"3","allowableValues":""}}},"InterfaceForNetworkObjectDTO":{"id":"InterfaceForNetworkObjectDTO","rootElement":"interface","description":"","required":["interface_ips"],"properties":{"interface_ips":{"description":"List of interfaces IPs","$ref":"InterfaceIpListDTO","httpMethods":["GET"],"position":"10","allowableValues":""},"name":{"type":"string"}}},"NetworkObjectVirtualServerDTO":{"id":"NetworkObjectVirtualServerDTO","rootElement":"network_object","description":"","required":["nat_info","uid","application_id","global","comment","display_name","id","class_name"],"properties":{"virtual_ip":{"type":"string","description":"The virtual IP address of the device","httpMethods":["GET"],"position":"11","allowableValues":""},"pool_member":{"type":"array","description":"The server group members that are associated with the virtual server","items":{"$ref":"pool_member_1"},"httpMethods":["GET"],"position":"15","allowableValues":""},"netmask":{"type":"string","description":"The netmask for the virtual server VIP address","httpMethods":["GET"],"position":"12","allowableValues":""},"f5_device_name":{"type":"string","description":"The name of the device","httpMethods":["GET"],"position":"9","allowableValues":""},"protocol":{"type":"string","description":"The protocol that the virtual server is forwarding","httpMethods":["GET"],"position":"14","allowableValues":"TCP, UDP, SCTP"},"port":{"type":"string","description":"The port that the virtual server is forwarding (Any is shown as “-1”)","httpMethods":["GET"],"position":"13","allowableValues":""},"type_on_device":{"type":"string","description":"type on device","allowableValues":""},"domain_name":{"type":"string"},"management_domain":{"type":"string"},"overrides":{"type":"boolean","description":"Original value override, applicable only for Panorama NG","allowableValues":""},"any_zone":{"type":"boolean"},"nat_info":{"description":"NAT info for the network object","$ref":"NatInfoDTO","position":"10","allowableValues":""},"implicit":{"type":"boolean"},"uid":{"type":"string","description":"The uid of the device object","position":"6","allowableValues":""},"application_id":{"type":"integer","format":"int64","description":"Application ID of the device object","position":"8","allowableValues":""},"global":{"type":"boolean","description":"Is a global device object","httpMethods":["GET"],"position":"5","allowableValues":""},"comment":{"type":"string","description":"The comment of the device object","httpMethods":["GET","POST","PUT"],"position":"7","allowableValues":""},"display_name":{"type":"string","description":"The display name of the device object","httpMethods":["GET"],"position":"2","allowableValues":""},"id":{"type":"string","description":"The ID of the device object","httpMethods":["GET","PUT"],"allowableValues":""},"class_name":{"type":"string","description":"The class name of the device object","position":"3","allowableValues":""}}},"IdentityAwarenessUserDTO":{"id":"IdentityAwarenessUserDTO","rootElement":"user","description":"","required":["uid","device_id","deviceName","application_id","global","comment","display_name","name","id","type","class_name"],"properties":{"dn":{"type":"string","description":"DN","allowableValues":""},"uid":{"type":"string","description":"The uid of the device object","position":"6","allowableValues":""},"device_id":{"type":"integer","format":"int32","description":"The device ID of the device object","position":"6","allowableValues":""},"deviceName":{"type":"string","description":"Device name for device object","position":"9","allowableValues":""},"application_id":{"type":"integer","format":"int64","description":"Application ID of the device object","position":"8","allowableValues":""},"global":{"type":"boolean","description":"Is a global device object","httpMethods":["GET"],"position":"5","allowableValues":""},"comment":{"type":"string","description":"The comment of the device object","httpMethods":["GET","POST","PUT"],"position":"7","allowableValues":""},"display_name":{"type":"string","description":"The display name of the device object","httpMethods":["GET"],"position":"2","allowableValues":""},"name":{"type":"string","description":"The name of the device object","httpMethods":["GET","POST","PUT"],"position":"1","allowableValues":""},"id":{"type":"string","description":"The ID of the device object","httpMethods":["GET","PUT"],"allowableValues":""},"type":{"type":"string","description":"The type of the device object","position":"4","allowableValues":"basic, host, range, subnet, group, user, user-group, ip_service, tcp_service, udp_service, transport_service, icmp_service, rpc_service"},"class_name":{"type":"string","description":"The class name of the device object","position":"3","allowableValues":""}}},"pool_member_1":{"id":"pool_member_1","rootElement":"pool_member","description":"","properties":{"ip":{"type":"string","description":"The IP address of the server group member","httpMethods":["GET"],"position":"1","allowableValues":""},"netmask":{"type":"string","description":"The netmask for the IP address of the server group member","httpMethods":["GET"],"position":"2","allowableValues":""},"name":{"type":"string","description":"The name of the server group member","httpMethods":["GET"],"allowableValues":""}}},"LinkDTO":{"id":"LinkDTO","description":"","required":["@href"],"properties":{"@href":{"type":"string","description":"The location of the referenced object","httpMethods":["GET"],"allowableValues":""}}},"VipMappingListDTO":{"id":"VipMappingListDTO","rootElement":"vip_mappings","description":"","properties":{"vip_mapping":{"type":"array","items":{"$ref":"VipMappingDTO"}}}},"HostNetworkObjectWithInterfacesDTO":{"id":"HostNetworkObjectWithInterfacesDTO","rootElement":"network_object","description":"","required":["nat_info","uid","device_id","deviceName","application_id","global","comment","display_name","name","id","class_name"],"properties":{"interfaces":{"$ref":"InterfaceForNetworkObjectListDTO"},"ip":{"type":"string","description":"The IP of the object","httpMethods":["GET","POST","PUT"],"position":"11","allowableValues":""},"type_on_device":{"type":"string","description":"type on device","allowableValues":""},"domain_name":{"type":"string"},"management_domain":{"type":"string"},"overrides":{"type":"boolean","description":"Original value override, applicable only for Panorama NG","allowableValues":""},"any_zone":{"type":"boolean"},"nat_info":{"description":"NAT info for the network object","$ref":"NatInfoDTO","position":"10","allowableValues":""},"implicit":{"type":"boolean"},"uid":{"type":"string","description":"The uid of the device object","position":"6","allowableValues":""},"device_id":{"type":"integer","format":"int32","description":"The device ID of the device object","position":"6","allowableValues":""},"deviceName":{"type":"string","description":"Device name for device object","position":"9","allowableValues":""},"application_id":{"type":"integer","format":"int64","description":"Application ID of the device object","position":"8","allowableValues":""},"global":{"type":"boolean","description":"Is a global device object","httpMethods":["GET"],"position":"5","allowableValues":""},"comment":{"type":"string","description":"The comment of the device object","httpMethods":["GET","POST","PUT"],"position":"7","allowableValues":""},"display_name":{"type":"string","description":"The display name of the device object","httpMethods":["GET"],"position":"2","allowableValues":""},"name":{"type":"string","description":"The name of the device object","httpMethods":["GET","POST","PUT"],"position":"1","allowableValues":""},"id":{"type":"string","description":"The ID of the device object","httpMethods":["GET","PUT"],"allowableValues":""},"class_name":{"type":"string","description":"The class name of the device object","position":"3","allowableValues":""}}},"InterfaceIpListDTO":{"id":"InterfaceIpListDTO","rootElement":"interface_ips","description":"","required":["interface_ip"],"properties":{"interface_ip":{"type":"array","description":"Interface IPs","items":{"$ref":"InterfaceIpDTO"},"httpMethods":["GET"],"position":"9","allowableValues":""}}},"additional_param_security_profile_type":{"id":"additional_param_security_profile_type","rootElement":"additional_parameter","description":"","properties":{"security_profile_category":{"type":"string","description":"The security profile category","httpMethods":["GET"],"allowableValues":""},"description":{"type":"string","description":"The security profile description","httpMethods":["GET"],"allowableValues":""},"display_name":{"type":"string","description":"The name of the additional parameter","httpMethods":["GET"],"allowableValues":""},"id":{"type":"integer","format":"int64","description":"The identifier of the additional parameter in the revision","httpMethods":["GET"],"allowableValues":""},"class_name":{"type":"string","description":"The class name of the object","httpMethods":["GET"],"allowableValues":""},"name":{"type":"string","description":"The name of the object","httpMethods":["GET"],"allowableValues":""},"uid":{"type":"string","description":"The unique identifier of the entity","httpMethods":["GET"],"allowableValues":""}}},"ObjectReferenceDTO":{"id":"ObjectReferenceDTO","description":"","required":["id"],"properties":{"uid":{"type":"string","description":"The unique identifier of the referenced object","httpMethods":["GET"],"position":"1","allowableValues":""},"member":{"type":"array","description":"List of references to a DM_INLINE group members","items":{"$ref":"ObjectReferenceDTO"},"position":"6","allowableValues":""},"display_name":{"type":"string","description":"The display name of the referenced object","httpMethods":["GET"],"position":"2","allowableValues":""},"link":{"description":"The data structure that contains the href tag, which sets the location of the referenced object in the SecureApp database","$ref":"LinkDTO","httpMethods":["GET"],"position":"5","allowableValues":""},"name":{"type":"string","description":"The name of the referenced object","httpMethods":["GET"],"position":"3","allowableValues":""},"id":{"type":"string","description":"ID","httpMethods":["GET","POST","PUT"],"allowableValues":""},"type":{"type":"string","description":"The type of the referenced object","httpMethods":["GET"],"position":"4","allowableValues":""}}},"RangeNetworkObjectDTO":{"id":"RangeNetworkObjectDTO","rootElement":"network_object","description":"","required":["nat_info","uid","device_id","deviceName","application_id","global","comment","display_name","name","id","class_name"],"properties":{"first_ip":{"type":"string","description":"Min ip","httpMethods":["GET","POST","PUT"],"position":"11","allowableValues":""},"last_ip":{"type":"string","description":"Max ip","httpMethods":["GET","POST","PUT"],"position":"12","allowableValues":""},"type_on_device":{"type":"string","description":"type on device","allowableValues":""},"domain_name":{"type":"string"},"management_domain":{"type":"string"},"overrides":{"type":"boolean","description":"Original value override, applicable only for Panorama NG","allowableValues":""},"any_zone":{"type":"boolean"},"nat_info":{"description":"NAT info for the network object","$ref":"NatInfoDTO","position":"10","allowableValues":""},"implicit":{"type":"boolean"},"uid":{"type":"string","description":"The uid of the device object","position":"6","allowableValues":""},"device_id":{"type":"integer","format":"int32","description":"The device ID of the device object","position":"6","allowableValues":""},"deviceName":{"type":"string","description":"Device name for device object","position":"9","allowableValues":""},"application_id":{"type":"integer","format":"int64","description":"Application ID of the device object","position":"8","allowableValues":""},"global":{"type":"boolean","description":"Is a global device object","httpMethods":["GET"],"position":"5","allowableValues":""},"comment":{"type":"string","description":"The comment of the device object","httpMethods":["GET","POST","PUT"],"position":"7","allowableValues":""},"display_name":{"type":"string","description":"The display name of the device object","httpMethods":["GET"],"position":"2","allowableValues":""},"name":{"type":"string","description":"The name of the device object","httpMethods":["GET","POST","PUT"],"position":"1","allowableValues":""},"id":{"type":"string","description":"The ID of the device object","httpMethods":["GET","PUT"],"allowableValues":""},"class_name":{"type":"string","description":"The class name of the device object","position":"3","allowableValues":""}}},"HostNetworkObjectDTO":{"id":"HostNetworkObjectDTO","rootElement":"network_object","description":"","required":["nat_info","uid","device_id","deviceName","application_id","global","comment","display_name","name","id","class_name"],"properties":{"ip":{"type":"string","description":"The IP of the object","httpMethods":["GET","POST","PUT"],"position":"11","allowableValues":""},"type_on_device":{"type":"string","description":"type on device","allowableValues":""},"domain_name":{"type":"string"},"management_domain":{"type":"string"},"overrides":{"type":"boolean","description":"Original value override, applicable only for Panorama NG","allowableValues":""},"any_zone":{"type":"boolean"},"nat_info":{"description":"NAT info for the network object","$ref":"NatInfoDTO","position":"10","allowableValues":""},"implicit":{"type":"boolean"},"uid":{"type":"string","description":"The uid of the device object","position":"6","allowableValues":""},"device_id":{"type":"integer","format":"int32","description":"The device ID of the device object","position":"6","allowableValues":""},"deviceName":{"type":"string","description":"Device name for device object","position":"9","allowableValues":""},"application_id":{"type":"integer","format":"int64","description":"Application ID of the device object","position":"8","allowableValues":""},"global":{"type":"boolean","description":"Is a global device object","httpMethods":["GET"],"position":"5","allowableValues":""},"comment":{"type":"string","description":"The comment of the device object","httpMethods":["GET","POST","PUT"],"position":"7","allowableValues":""},"display_name":{"type":"string","description":"The display name of the device object","httpMethods":["GET"],"position":"2","allowableValues":""},"name":{"type":"string","description":"The name of the device object","httpMethods":["GET","POST","PUT"],"position":"1","allowableValues":""},"id":{"type":"string","description":"The ID of the device object","httpMethods":["GET","PUT"],"allowableValues":""},"class_name":{"type":"string","description":"The class name of the device object","position":"3","allowableValues":""}},"subTypes":["HostNetworkObjectWithInterfacesDTO"]},"NetworkObjectGroupDTO":{"id":"NetworkObjectGroupDTO","rootElement":"network_object","description":"","required":["access_allowed","exclusion","member","nat_info","uid","device_id","deviceName","application_id","global","comment","display_name","name","id","class_name"],"properties":{"access_allowed":{"type":"boolean","description":"access allowed","httpMethods":["GET","POST","PUT"],"position":"13","allowableValues":""},"exclusion":{"type":"array","description":"The exclusions","items":{"$ref":"ObjectReferenceDTO"},"position":"12","allowableValues":""},"member":{"type":"array","description":"The members","items":{"$ref":"ObjectReferenceDTO"},"httpMethods":["GET","POST","PUT"],"position":"11","allowableValues":""},"type_on_device":{"type":"string","description":"type on device","allowableValues":""},"domain_name":{"type":"string"},"management_domain":{"type":"string"},"overrides":{"type":"boolean","description":"Original value override, applicable only for Panorama NG","allowableValues":""},"any_zone":{"type":"boolean"},"nat_info":{"description":"NAT info for the network object","$ref":"NatInfoDTO","position":"10","allowableValues":""},"implicit":{"type":"boolean"},"uid":{"type":"string","description":"The uid of the device object","position":"6","allowableValues":""},"device_id":{"type":"integer","format":"int32","description":"The device ID of the device object","position":"6","allowableValues":""},"deviceName":{"type":"string","description":"Device name for device object","position":"9","allowableValues":""},"application_id":{"type":"integer","format":"int64","description":"Application ID of the device object","position":"8","allowableValues":""},"global":{"type":"boolean","description":"Is a global device object","httpMethods":["GET"],"position":"5","allowableValues":""},"comment":{"type":"string","description":"The comment of the device object","httpMethods":["GET","POST","PUT"],"position":"7","allowableValues":""},"display_name":{"type":"string","description":"The display name of the device object","httpMethods":["GET"],"position":"2","allowableValues":""},"name":{"type":"string","description":"The name of the device object","httpMethods":["GET","POST","PUT"],"position":"1","allowableValues":""},"id":{"type":"string","description":"The ID of the device object","httpMethods":["GET","PUT"],"allowableValues":""},"class_name":{"type":"string","description":"The class name of the device object","position":"3","allowableValues":""}},"subTypes":["alias","CloudSecurityGroupDTO"]},"BasicNetworkObjectDTO":{"id":"BasicNetworkObjectDTO","rootElement":"network_object","description":"","required":["nat_info","uid","device_id","deviceName","application_id","global","comment","display_name","name","id","class_name"],"properties":{"type_on_device":{"type":"string","description":"type on device","allowableValues":""},"domain_name":{"type":"string"},"management_domain":{"type":"string"},"overrides":{"type":"boolean","description":"Original value override, applicable only for Panorama NG","allowableValues":""},"any_zone":{"type":"boolean"},"nat_info":{"description":"NAT info for the network object","$ref":"NatInfoDTO","position":"10","allowableValues":""},"implicit":{"type":"boolean"},"uid":{"type":"string","description":"The uid of the device object","position":"6","allowableValues":""},"device_id":{"type":"integer","format":"int32","description":"The device ID of the device object","position":"6","allowableValues":""},"deviceName":{"type":"string","description":"Device name for device object","position":"9","allowableValues":""},"application_id":{"type":"integer","format":"int64","description":"Application ID of the device object","position":"8","allowableValues":""},"global":{"type":"boolean","description":"Is a global device object","httpMethods":["GET"],"position":"5","allowableValues":""},"comment":{"type":"string","description":"The comment of the device object","httpMethods":["GET","POST","PUT"],"position":"7","allowableValues":""},"display_name":{"type":"string","description":"The display name of the device object","httpMethods":["GET"],"position":"2","allowableValues":""},"name":{"type":"string","description":"The name of the device object","httpMethods":["GET","POST","PUT"],"position":"1","allowableValues":""},"id":{"type":"string","description":"The ID of the device object","httpMethods":["GET","PUT"],"allowableValues":""},"class_name":{"type":"string","description":"The class name of the device object","position":"3","allowableValues":""}}},"InterfaceIpDTO":{"id":"InterfaceIpDTO","rootElement":"interface_ip","description":"","required":["ip","netmask"],"properties":{"ip":{"type":"string","description":"IP address of interface","httpMethods":["GET"],"position":"9","allowableValues":""},"netmask":{"type":"string","description":"Network mask of interface","httpMethods":["GET"],"position":"10","allowableValues":""},"visibility":{"type":"string","description":"ip visibility (private/public)","httpMethods":["GET"],"position":"11","allowableValues":""},"precedence":{"type":"string","description":"ip precedence (primary/secondary)","httpMethods":["GET"],"position":"12","allowableValues":""},"vendorAttachmentPolicy":{"type":"string","description":"ip vendor attachment policy","httpMethods":["GET"],"position":"13","allowableValues":""}}},"AdditionalParameterDTO":{"id":"AdditionalParameterDTO","rootElement":"additional_parameter","description":"","properties":{"display_name":{"type":"string","description":"The name of the additional parameter","httpMethods":["GET"],"allowableValues":""},"id":{"type":"integer","format":"int64","description":"The identifier of the additional parameter in the revision","httpMethods":["GET"],"allowableValues":""},"class_name":{"type":"string","description":"The class name of the object","httpMethods":["GET"],"allowableValues":""},"name":{"type":"string","description":"The name of the object","httpMethods":["GET"],"allowableValues":""},"uid":{"type":"string","description":"The unique identifier of the entity","httpMethods":["GET"],"allowableValues":""}},"subTypes":["behind_interface_nat_type","additional_param_tag_type","additional_param_security_profile_type","additional_param_log_forwarding_type","additional_param_nat_pool_type","additional_param_group_type"]},"behind_interface_nat_type":{"id":"behind_interface_nat_type","rootElement":"additional_parameter","description":"","properties":{"display_name":{"type":"string","description":"The name of the additional parameter","httpMethods":["GET"],"allowableValues":""},"id":{"type":"integer","format":"int64","description":"The identifier of the additional parameter in the revision","httpMethods":["GET"],"allowableValues":""},"class_name":{"type":"string","description":"The class name of the object","httpMethods":["GET"],"allowableValues":""},"name":{"type":"string","description":"The name of the object","httpMethods":["GET"],"allowableValues":""},"uid":{"type":"string","description":"The unique identifier of the entity","httpMethods":["GET"],"allowableValues":""}}},"SubnetNetworkObjectDTO":{"id":"SubnetNetworkObjectDTO","rootElement":"network_object","description":"","required":["nat_info","uid","device_id","deviceName","application_id","global","comment","display_name","name","id","class_name"],"properties":{"ip":{"type":"string","description":"The ip","httpMethods":["GET","POST","PUT"],"position":"11","allowableValues":""},"netmask":{"type":"string","description":"The netmask","httpMethods":["GET","POST","PUT"],"position":"12","allowableValues":""},"type_on_device":{"type":"string","description":"type on device","allowableValues":""},"domain_name":{"type":"string"},"management_domain":{"type":"string"},"overrides":{"type":"boolean","description":"Original value override, applicable only for Panorama NG","allowableValues":""},"any_zone":{"type":"boolean"},"nat_info":{"description":"NAT info for the network object","$ref":"NatInfoDTO","position":"10","allowableValues":""},"implicit":{"type":"boolean"},"uid":{"type":"string","description":"The uid of the device object","position":"6","allowableValues":""},"device_id":{"type":"integer","format":"int32","description":"The device ID of the device object","position":"6","allowableValues":""},"deviceName":{"type":"string","description":"Device name for device object","position":"9","allowableValues":""},"application_id":{"type":"integer","format":"int64","description":"Application ID of the device object","position":"8","allowableValues":""},"global":{"type":"boolean","description":"Is a global device object","httpMethods":["GET"],"position":"5","allowableValues":""},"comment":{"type":"string","description":"The comment of the device object","httpMethods":["GET","POST","PUT"],"position":"7","allowableValues":""},"display_name":{"type":"string","description":"The display name of the device object","httpMethods":["GET"],"position":"2","allowableValues":""},"name":{"type":"string","description":"The name of the device object","httpMethods":["GET","POST","PUT"],"position":"1","allowableValues":""},"id":{"type":"string","description":"The ID of the device object","httpMethods":["GET","PUT"],"allowableValues":""},"class_name":{"type":"string","description":"The class name of the device object","position":"3","allowableValues":""}}},"additional_param_nat_pool_type":{"id":"additional_param_nat_pool_type","rootElement":"additional_parameter","description":"","properties":{"nat_pool_object":{"type":"array","description":"The NAT pool object","items":{"$ref":"NetworkObjectDTO"},"httpMethods":["GET"],"allowableValues":""},"display_name":{"type":"string","description":"The name of the additional parameter","httpMethods":["GET"],"allowableValues":""},"id":{"type":"integer","format":"int64","description":"The identifier of the additional parameter in the revision","httpMethods":["GET"],"allowableValues":""},"class_name":{"type":"string","description":"The class name of the object","httpMethods":["GET"],"allowableValues":""},"name":{"type":"string","description":"The name of the object","httpMethods":["GET"],"allowableValues":""},"uid":{"type":"string","description":"The unique identifier of the entity","httpMethods":["GET"],"allowableValues":""}}},"CloudSecurityGroupDTO":{"id":"CloudSecurityGroupDTO","description":"","required":["access_allowed","exclusion","member","nat_info","uid","device_id","deviceName","application_id","global","comment","display_name","name","id","class_name"],"properties":{"access_allowed":{"type":"boolean","description":"access allowed","httpMethods":["GET","POST","PUT"],"position":"13","allowableValues":""},"exclusion":{"type":"array","description":"The exclusions","items":{"$ref":"ObjectReferenceDTO"},"position":"12","allowableValues":""},"member":{"type":"array","description":"The members","items":{"$ref":"ObjectReferenceDTO"},"httpMethods":["GET","POST","PUT"],"position":"11","allowableValues":""},"type_on_device":{"type":"string","description":"type on device","allowableValues":""},"domain_name":{"type":"string"},"management_domain":{"type":"string"},"overrides":{"type":"boolean","description":"Original value override, applicable only for Panorama NG","allowableValues":""},"any_zone":{"type":"boolean"},"nat_info":{"description":"NAT info for the network object","$ref":"NatInfoDTO","position":"10","allowableValues":""},"implicit":{"type":"boolean"},"uid":{"type":"string","description":"The uid of the device object","position":"6","allowableValues":""},"device_id":{"type":"integer","format":"int32","description":"The device ID of the device object","position":"6","allowableValues":""},"deviceName":{"type":"string","description":"Device name for device object","position":"9","allowableValues":""},"application_id":{"type":"integer","format":"int64","description":"Application ID of the device object","position":"8","allowableValues":""},"global":{"type":"boolean","description":"Is a global device object","httpMethods":["GET"],"position":"5","allowableValues":""},"comment":{"type":"string","description":"The comment of the device object","httpMethods":["GET","POST","PUT"],"position":"7","allowableValues":""},"display_name":{"type":"string","description":"The display name of the device object","httpMethods":["GET"],"position":"2","allowableValues":""},"name":{"type":"string","description":"The name of the device object","httpMethods":["GET","POST","PUT"],"position":"1","allowableValues":""},"id":{"type":"string","description":"The ID of the device object","httpMethods":["GET","PUT"],"allowableValues":""},"class_name":{"type":"string","description":"The class name of the device object","position":"3","allowableValues":""}}},"VipNatInfoDTO":{"id":"VipNatInfoDTO","rootElement":"nat_info","description":"","required":["interface_name","id"],"properties":{"interface_name":{"type":"string","description":"Interface name of NAT info","allowableValues":""},"id":{"type":"integer","format":"int64","description":"Object ID of NAT info","allowableValues":""}}}}}