{"apiVersion":"1.0.0","resourcePath":"/Application IDs","apis":[{"path":"/revisions/{id:[0-9]+}/applications","operations":[{"baseURL":"/securetrack/api","method":"GET","summary":"Get applications identities by revision","notes":"Fetches list of applications defined in a revision given by ID.\u003cbr\u003eThis API is currently supported for Palo Alto Networks firewalls.\u003cbr\u003eIn Panorama NG, overrides property in returned ApplicationDTO will be set to true, if the application overrides an original value.\u003cbr\u003e","examples":["https://192.168.1.1/securetrack/api/revisions/762/applications"],"position":"1","type":"ApplicationListDTO","nickname":"getApplications","produces":["application/xml","application/json"],"parameters":[{"name":"context","description":"Global MSSP context","required":false,"type":"integer","format":"int32","paramType":"query","allowMultiple":false,"allowableValues":""},{"name":"id","description":"Revision id","required":true,"type":"integer","format":"int32","paramType":"path","allowMultiple":false,"allowableValues":""},{"name":"start","description":"Starting page for query allowable value is numeric","required":false,"type":"string","paramType":"query","allowMultiple":false,"allowableValues":""},{"name":"count","description":"Number of pages for query starting from starting page, allowable type is numeric","required":false,"type":"string","paramType":"query","allowMultiple":false,"allowableValues":""}]}]},{"path":"/revisions/{revision_id:[0-9]+}/applications/{ids:(([0-9]+,)*[0-9]+|\\*)}","operations":[{"baseURL":"/securetrack/api","method":"GET","summary":"Get specific application identity","notes":"Fetches one or more applications defined by a revision ID and Application Id or comma separated applications ids list.\u003cbr\u003eThis API is currently supported for Palo Alto Networks firewalls.\u003cbr\u003eIn Panorama NG, overrides property in returned ApplicationDTO will be set to true, if the application overrides an original value.\u003cbr\u003e","examples":["https://192.168.1.1/securetrack/api/revisions/762/applications/242767,242768,242760"],"position":"3","type":"ApplicationListDTO","nickname":"getSpecificApplication","produces":["application/xml","application/json"],"parameters":[{"name":"context","description":"Global MSSP context","required":false,"type":"integer","format":"int32","paramType":"query","allowMultiple":false,"allowableValues":""},{"name":"revision_id","description":"Revision ID","required":true,"type":"integer","format":"int32","paramType":"path","allowMultiple":false,"allowableValues":""},{"name":"ids","description":"Application IDs separated by commas","required":true,"type":"string","paramType":"path","allowMultiple":false,"allowableValues":""}]}]},{"path":"/devices/{id:[0-9]+}/applications","operations":[{"baseURL":"/securetrack/api","method":"GET","summary":"Get application identities by device","notes":"Fetches list of applications defined on device given by ID.\u003cbr\u003eThis API is currently supported for Palo Alto Networks firewalls.\u003cbr\u003eIn Panorama NG, overrides property in returned ApplicationDTO will be set to true, if the application overrides an original value.\u003cbr\u003e","examples":["https://192.168.1.1/securetrack/api/devices/31/applications"],"position":"","type":"ApplicationListDTO","nickname":"getApplications","produces":["application/xml","application/json"],"parameters":[{"name":"context","description":"Global MSSP context","required":false,"type":"integer","format":"int32","paramType":"query","allowMultiple":false,"allowableValues":""},{"name":"id","description":"Device ID","required":true,"type":"integer","format":"int32","paramType":"path","allowMultiple":false,"allowableValues":""},{"name":"start","description":"Starting page for query allowable values are numeric","required":false,"type":"string","paramType":"query","allowMultiple":false,"allowableValues":""},{"name":"count","description":"Number of pages for query allowable values are numeric","required":false,"type":"string","paramType":"query","allowMultiple":false,"allowableValues":""}]}]},{"path":"/devices/{id:[0-9]+}/applications/{ids:(([0-9]+,)*[0-9]+|\\*)}","operations":[{"baseURL":"/securetrack/api","method":"GET","summary":"Get specific application identity","notes":"Fetches one or more applications defined by a device ID and Application Id or comma separated applications ids list.\u003cbr\u003eThis API is currently supported for Palo Alto Networks firewalls.\u003cbr\u003e\u003cb\u003eNote:\u003c/b\u003e This API retrieves the information from the latest revision.\u003cbr\u003eIn Panorama NG, overrides property in returned ApplicationDTO will be set to true, if the application overrides an original value.\u003cbr\u003e","examples":["https://192.168.1.1/securetrack/api/devices/1/applications/701"],"position":"2","type":"ApplicationListDTO","nickname":"getSpecificApplication","produces":["application/xml","application/json"],"parameters":[{"name":"context","description":"Global MSSP context","required":false,"type":"integer","format":"int32","paramType":"query","allowMultiple":false,"allowableValues":""},{"name":"id","description":"Device ID","required":true,"type":"integer","format":"int32","paramType":"path","allowMultiple":false,"allowableValues":""},{"name":"ids","description":"Application IDs separated by commas","required":true,"type":"string","paramType":"path","allowMultiple":false,"allowableValues":""}]}]}],"models":{"ApplicationDTO":{"id":"ApplicationDTO","rootElement":"application","description":"","required":["uid","device_id","deviceName","application_id","global","comment","display_name","name","id","type","class_name"],"properties":{"overrides":{"type":"boolean","description":"Original value override, applicable only for Panorama NG","allowableValues":""},"uid":{"type":"string","description":"The uid of the device object","position":"6","allowableValues":""},"device_id":{"type":"integer","format":"int32","description":"The device ID of the device object","position":"6","allowableValues":""},"deviceName":{"type":"string","description":"Device name for device object","position":"9","allowableValues":""},"application_id":{"type":"integer","format":"int64","description":"Application ID of the device object","position":"8","allowableValues":""},"global":{"type":"boolean","description":"Is a global device object","httpMethods":["GET"],"position":"5","allowableValues":""},"comment":{"type":"string","description":"The comment of the device object","httpMethods":["GET","POST","PUT"],"position":"7","allowableValues":""},"display_name":{"type":"string","description":"The display name of the device object","httpMethods":["GET"],"position":"2","allowableValues":""},"name":{"type":"string","description":"The name of the device object","httpMethods":["GET","POST","PUT"],"position":"1","allowableValues":""},"id":{"type":"string","description":"The ID of the device object","httpMethods":["GET","PUT"],"allowableValues":""},"type":{"type":"string","description":"The type of the device object","position":"4","allowableValues":"basic, host, range, subnet, group, user, user-group, ip_service, tcp_service, udp_service, transport_service, icmp_service, rpc_service"},"class_name":{"type":"string","description":"The class name of the device object","position":"3","allowableValues":""}},"subTypes":["SingleApplicationDTO","ApplicationGroupDTO"]},"LinkDTO":{"id":"LinkDTO","description":"","required":["@href"],"properties":{"@href":{"type":"string","description":"The location of the referenced object","httpMethods":["GET"],"allowableValues":""}}},"SingleApplicationDTO":{"id":"SingleApplicationDTO","rootElement":"application","description":"","required":["uid","device_id","deviceName","application_id","global","comment","display_name","name","id","type","class_name"],"properties":{"service":{"type":"array","description":"Application relevant services","items":{"$ref":"ObjectReferenceDTO"},"httpMethods":["GET"],"position":"9","allowableValues":""},"overrides":{"type":"boolean","description":"Original value override, applicable only for Panorama NG","allowableValues":""},"uid":{"type":"string","description":"The uid of the device object","position":"6","allowableValues":""},"device_id":{"type":"integer","format":"int32","description":"The device ID of the device object","position":"6","allowableValues":""},"deviceName":{"type":"string","description":"Device name for device object","position":"9","allowableValues":""},"application_id":{"type":"integer","format":"int64","description":"Application ID of the device object","position":"8","allowableValues":""},"global":{"type":"boolean","description":"Is a global device object","httpMethods":["GET"],"position":"5","allowableValues":""},"comment":{"type":"string","description":"The comment of the device object","httpMethods":["GET","POST","PUT"],"position":"7","allowableValues":""},"display_name":{"type":"string","description":"The display name of the device object","httpMethods":["GET"],"position":"2","allowableValues":""},"name":{"type":"string","description":"The name of the device object","httpMethods":["GET","POST","PUT"],"position":"1","allowableValues":""},"id":{"type":"string","description":"The ID of the device object","httpMethods":["GET","PUT"],"allowableValues":""},"type":{"type":"string","description":"The type of the device object","position":"4","allowableValues":"basic, host, range, subnet, group, user, user-group, ip_service, tcp_service, udp_service, transport_service, icmp_service, rpc_service"},"class_name":{"type":"string","description":"The class name of the device object","position":"3","allowableValues":""}}},"ApplicationGroupDTO":{"id":"ApplicationGroupDTO","rootElement":"application","description":"","required":["application","uid","device_id","deviceName","application_id","global","comment","display_name","name","id","type","class_name"],"properties":{"application":{"type":"array","description":"Object references list","items":{"$ref":"ObjectReferenceDTO"},"httpMethods":["GET"],"position":"9","allowableValues":""},"overrides":{"type":"boolean","description":"Original value override, applicable only for Panorama NG","allowableValues":""},"uid":{"type":"string","description":"The uid of the device object","position":"6","allowableValues":""},"device_id":{"type":"integer","format":"int32","description":"The device ID of the device object","position":"6","allowableValues":""},"deviceName":{"type":"string","description":"Device name for device object","position":"9","allowableValues":""},"application_id":{"type":"integer","format":"int64","description":"Application ID of the device object","position":"8","allowableValues":""},"global":{"type":"boolean","description":"Is a global device object","httpMethods":["GET"],"position":"5","allowableValues":""},"comment":{"type":"string","description":"The comment of the device object","httpMethods":["GET","POST","PUT"],"position":"7","allowableValues":""},"display_name":{"type":"string","description":"The display name of the device object","httpMethods":["GET"],"position":"2","allowableValues":""},"name":{"type":"string","description":"The name of the device object","httpMethods":["GET","POST","PUT"],"position":"1","allowableValues":""},"id":{"type":"string","description":"The ID of the device object","httpMethods":["GET","PUT"],"allowableValues":""},"type":{"type":"string","description":"The type of the device object","position":"4","allowableValues":"basic, host, range, subnet, group, user, user-group, ip_service, tcp_service, udp_service, transport_service, icmp_service, rpc_service"},"class_name":{"type":"string","description":"The class name of the device object","position":"3","allowableValues":""}}},"ObjectReferenceDTO":{"id":"ObjectReferenceDTO","description":"","required":["id"],"properties":{"uid":{"type":"string","description":"The unique identifier of the referenced object","httpMethods":["GET"],"position":"1","allowableValues":""},"member":{"type":"array","description":"List of references to a DM_INLINE group members","items":{"$ref":"ObjectReferenceDTO"},"position":"6","allowableValues":""},"display_name":{"type":"string","description":"The display name of the referenced object","httpMethods":["GET"],"position":"2","allowableValues":""},"link":{"description":"The data structure that contains the href tag, which sets the location of the referenced object in the SecureApp database","$ref":"LinkDTO","httpMethods":["GET"],"position":"5","allowableValues":""},"name":{"type":"string","description":"The name of the referenced object","httpMethods":["GET"],"position":"3","allowableValues":""},"id":{"type":"string","description":"ID","httpMethods":["GET","POST","PUT"],"allowableValues":""},"type":{"type":"string","description":"The type of the referenced object","httpMethods":["GET"],"position":"4","allowableValues":""}}},"ApplicationListDTO":{"id":"ApplicationListDTO","rootElement":"applications","description":"","required":["application"],"properties":{"application":{"type":"array","description":"Applications list","items":{"$ref":"ApplicationDTO"},"httpMethods":["GET"],"position":"9","allowableValues":""}}},"Comparator":{"id":"Comparator","description":"","properties":{}}}}