{"apiVersion":"1.0.0","resourcePath":"/Device Interfaces and Zones","apis":[{"path":"/revisions/{id:[0-9]+}/zones","operations":[{"baseURL":"/securetrack/api","method":"GET","summary":"Get device zones by revision","notes":"Returns a list of the zones for the specified Juniper, Stonesoft, Fortinet or Palo Alto Networks revision.\u003cbr\u003eNote: this API returns device zones, not Tufin zones.","examples":["https://192.168.1.1/securetrack/api/revisions/787/zones"],"position":"4","type":"zones","nickname":"getZones","produces":["application/xml","application/json"],"parameters":[{"name":"context","description":"Global MSSP context","required":false,"type":"integer","format":"int32","paramType":"query","allowMultiple":false,"allowableValues":""},{"name":"id","description":"Revision ID","required":true,"type":"integer","format":"int32","paramType":"path","allowMultiple":false,"allowableValues":""}]}]},{"path":"/revisions/{id:[0-9]+}/interfaces","operations":[{"baseURL":"/securetrack/api","method":"GET","summary":"Get network interfaces by revision","notes":"Reflects static data from the running-config.\u003cbr\u003eFor dynamic information see the /topology_interfaces API.\u003cbr\u003eThis API is not applicable for Check Point.","examples":["https://192.168.1.1/securetrack/api/revisions/227/interfaces"],"position":"2","type":"InterfaceListDTO","nickname":"getInterfaces","produces":["application/xml","application/json"],"parameters":[{"name":"context","description":"Global MSSP context","required":false,"type":"integer","format":"int32","paramType":"query","allowMultiple":false,"allowableValues":""},{"name":"id","description":"Revision ID","required":true,"type":"integer","format":"int32","paramType":"path","allowMultiple":false,"allowableValues":""}]}]},{"path":"/devices/{id:[0-9]+}/zones","operations":[{"baseURL":"/securetrack/api","method":"GET","summary":"Get device zones by device","notes":"Returns a list of the zones for the specified Juniper, Stonesoft, Fortinet or Palo Alto Networks device.\u003cbr\u003eNote: this API returns device zones, not Tufin zones.","examples":["https://192.168.1.1/securetrack/api/devices/104/zones"],"position":"6","type":"zones","nickname":"getZones","produces":["application/xml","application/json"],"parameters":[{"name":"context","description":"Global MSSP context","required":false,"type":"integer","format":"int32","paramType":"query","allowMultiple":false,"allowableValues":""},{"name":"id","description":"Device ID","required":true,"type":"integer","format":"int32","paramType":"path","allowMultiple":false,"allowableValues":""}]}]},{"path":"/devices/{id:[0-9]+}/bindable_objects","operations":[{"baseURL":"/securetrack/api","method":"GET","summary":"Get zones and network interfaces that participate in sub-policies","notes":"","examples":["https://192.168.1.1/securetrack/api/devices/104/bindable_objects"],"position":"5","type":"BindableObjectDTOs","nickname":"getBindableObjects","produces":["application/xml","application/json"],"parameters":[{"name":"context","description":"Global MSSP context","required":false,"type":"integer","format":"int32","paramType":"query","allowMultiple":false,"allowableValues":""},{"name":"id","description":"Device ID","required":true,"type":"integer","format":"int32","paramType":"path","allowMultiple":false,"allowableValues":""}]}]},{"path":"/devices/{id:[0-9]+}/interfaces","operations":[{"baseURL":"/securetrack/api","method":"GET","summary":"Get network interfaces by device","notes":"Reflects static data from the running-config.\u003cbr\u003eFor dynamic information see the /topology_interfaces API.\u003cbr\u003eThis API is not applicable for Check Point.","examples":["https://192.168.1.1/securetrack/api/devices/10/interfaces"],"position":"1","type":"InterfaceListDTO","nickname":"getInterfaces","produces":["application/xml","application/json"],"parameters":[{"name":"context","description":"Global MSSP context","required":false,"type":"integer","format":"int32","paramType":"query","allowMultiple":false,"allowableValues":""},{"name":"id","description":"Device ID","required":true,"type":"integer","format":"int32","paramType":"path","allowMultiple":false,"allowableValues":""}]}]}],"models":{"BindableObjectDTOs":{"id":"BindableObjectDTOs","rootElement":"BindableObjectDTOs","required":["BindableObjectDTO"],"properties":{"BindableObjectDTO":{"type":"array","items":{"$ref":"BindableObjectDTO"}}}},"PolicyZoneDTO":{"id":"PolicyZoneDTO","rootElement":"zone","description":"","required":["global","id","name"],"properties":{"global":{"type":"boolean","description":"Is a global zone","httpMethods":["GET"],"position":"10","allowableValues":""},"id":{"type":"integer","format":"int64","description":"ID of the zone","httpMethods":["GET"],"position":"9","allowableValues":""},"name":{"type":"string","description":"The name of the object","httpMethods":["GET"],"position":"9","allowableValues":""}}},"MdomZoneDTO":{"id":"MdomZoneDTO","rootElement":"zone","description":"","required":["global","id","name"],"properties":{"interface_mapping":{"type":"array","items":{"$ref":"MdomZoneToInterfaceMappingDTO"}},"global":{"type":"boolean","description":"Is a global zone","httpMethods":["GET"],"position":"10","allowableValues":""},"id":{"type":"integer","format":"int64","description":"ID of the zone","httpMethods":["GET"],"position":"9","allowableValues":""},"name":{"type":"string","description":"The name of the object","httpMethods":["GET"],"position":"9","allowableValues":""}}},"BindableObjectDTO":{"id":"BindableObjectDTO","rootElement":"BindableObjectDTO","description":"","required":["name"],"properties":{"name":{"type":"string","description":"The name of the object","httpMethods":["GET"],"position":"9","allowableValues":""}},"subTypes":["PolicyZoneDTO","InterfaceDTO","MdomZoneDTO"]},"InterfaceListDTO":{"id":"InterfaceListDTO","rootElement":"interfaces","description":"","properties":{"interface":{"type":"array","description":"interfaces list","items":{"$ref":"BasicInterfaceDTO"},"httpMethods":["GET"],"position":"9","allowableValues":""}}},"BasicInterfaceDTO":{"id":"BasicInterfaceDTO","rootElement":"interface","description":"","required":["name"],"properties":{"name":{"type":"string","description":"The name of the object","httpMethods":["GET"],"position":"9","allowableValues":""}},"subTypes":["InterfaceDTO"]},"InterfaceIpDTO":{"id":"InterfaceIpDTO","rootElement":"interface_ip","description":"","required":["ip","netmask"],"properties":{"ip":{"type":"string","description":"IP address of interface","httpMethods":["GET"],"position":"9","allowableValues":""},"netmask":{"type":"string","description":"Network mask of interface","httpMethods":["GET"],"position":"10","allowableValues":""},"visibility":{"type":"string","description":"ip visibility (private/public)","httpMethods":["GET"],"position":"11","allowableValues":""},"precedence":{"type":"string","description":"ip precedence (primary/secondary)","httpMethods":["GET"],"position":"12","allowableValues":""},"vendorAttachmentPolicy":{"type":"string","description":"ip vendor attachment policy","httpMethods":["GET"],"position":"13","allowableValues":""}}},"InterfaceIpListDTO":{"id":"InterfaceIpListDTO","rootElement":"interface_ips","description":"","required":["interface_ip"],"properties":{"interface_ip":{"type":"array","description":"Interface IPs","items":{"$ref":"InterfaceIpDTO"},"httpMethods":["GET"],"position":"9","allowableValues":""}}},"InterfaceDTO":{"id":"InterfaceDTO","rootElement":"interface","description":"","required":["direction","global","device_id","interface_ips","acl_name","id","name"],"properties":{"direction":{"type":"string","description":"The direction of the interface","httpMethods":["GET"],"position":"12","allowableValues":""},"global":{"type":"boolean","description":"Is a global interface","httpMethods":["GET"],"position":"12","allowableValues":""},"device_id":{"type":"integer","format":"int32","description":"Device ID for interface","httpMethods":["GET"],"position":"9","allowableValues":""},"interface_ips":{"description":"List of interfaces IPs","$ref":"InterfaceIpListDTO","httpMethods":["GET"],"position":"10","allowableValues":""},"acl_name":{"type":"string","description":"ACL name of the interface","httpMethods":["GET"],"position":"13","allowableValues":""},"id":{"type":"integer","format":"int64","description":"The ID of interface","httpMethods":["GET"],"position":"11","allowableValues":""},"name":{"type":"string","description":"The name of the object","httpMethods":["GET"],"position":"9","allowableValues":""}}},"zones":{"id":"zones","rootElement":"zones","required":["zone"],"properties":{"zone":{"type":"array","items":{"$ref":"PolicyZoneDTO"}}}},"MdomZoneToInterfaceMappingDTO":{"id":"MdomZoneToInterfaceMappingDTO","rootElement":"interface_mapping","description":"","required":["interface_name","device_id"],"properties":{"interface_name":{"type":"string","description":"interface name","httpMethods":["GET"],"position":"2","allowableValues":""},"device_id":{"type":"integer","format":"int32","description":"Device id","httpMethods":["GET"],"position":"1","allowableValues":""}}}}}