{"apiVersion":"1.0.0","resourcePath":"/Domains","apis":[{"path":"/domains/{id}","operations":[{"baseURL":"/securetrack/api","method":"GET","summary":"Get domain","notes":"","examples":["https://192.168.1.1/securetrack/api/domains/1"],"position":"1","type":"DomainDTO","nickname":"getDomain","produces":["application/xml","application/json"],"parameters":[{"name":"id","description":"Domain id","required":true,"type":"integer","format":"int32","paramType":"path","allowMultiple":false,"allowableValues":""}],"responseMessages":[{"code":401,"message":"User not permitted to access domains"},{"code":400,"message":"Domain with ID was not found"}]},{"baseURL":"/securetrack/api","method":"PUT","summary":"Update a domain","notes":"","examples":["https://192.168.1.1/securetrack/api/domains/1"],"position":"3","type":"void","nickname":"updateDomain","consumes":["application/xml","application/json"],"parameters":[{"name":"id","description":"Domain id","required":true,"type":"integer","format":"int32","paramType":"path","allowMultiple":false,"allowableValues":""},{"name":"body","rootElement":"domain","description":"","required":false,"type":"DomainDTO","format":"","paramType":"body","allowMultiple":false}],"responseMessages":[{"code":401,"message":"User not permitted to access domains"},{"code":400,"message":"Domain with ID was not found"},{"code":400,"message":"Domain with this name already exists"},{"code":400,"message":"Domain name is empty"},{"code":400,"message":"Default domain cannot be changed"}]}]},{"path":"/domains/","operations":[{"baseURL":"/securetrack/api","method":"GET","summary":"Get all domains","notes":"","examples":["https://192.168.1.1/securetrack/api/domains"],"position":"","type":"domains","nickname":"getDomains","produces":["application/xml","application/json"],"parameters":[],"responseMessages":[{"code":401,"message":"User not permitted to access domains"}]},{"baseURL":"/securetrack/api","method":"POST","summary":"Add a domain","notes":"","examples":["https://192.168.1.1/securetrack/api/domains"],"position":"2","type":"void","nickname":"insertDomain","consumes":["application/xml","application/json"],"parameters":[{"name":"body","rootElement":"domain","description":"","required":false,"type":"DomainDTO","format":"","paramType":"body","allowMultiple":false}],"responseMessages":[{"code":401,"message":"User not permitted to access domains"},{"code":400,"message":"Domain with this name already exists"},{"code":400,"message":"Domain name is empty"}]}]}],"models":{"domains":{"id":"domains","rootElement":"domains","required":["domain"],"properties":{"domain":{"type":"array","items":{"$ref":"DomainDTO"}}}},"DomainDTO":{"id":"DomainDTO","rootElement":"domain","description":"","required":["name"],"properties":{"description":{"type":"string","description":"The Description","position":"3","allowableValues":""},"address":{"type":"string","description":"The Address","position":"2","allowableValues":""},"name":{"type":"string","description":"The Name","position":"1","allowableValues":""},"id":{"type":"string","description":"The id","allowableValues":""}}}}}