{"apiVersion":"1.0.0","resourcePath":"/Internet Objects","apis":[{"path":"/internet_referral/{deviceId:[0-9]+}/object","operations":[{"baseURL":"/securetrack/api","method":"GET","summary":"Get resolved Internet representation for device","notes":"The order of precedence used to resolve the Internet object is:\u003cbr\u003eStep 1: Identify the Internet referral:\u003cbr\u003eSearch for a defined Internet referral on the specified device.\u003cbr\u003eIf it is not found on the device, search the parent and grandparents (up the device tree) for a defined Internet referral.\u003cbr\u003eIf a defined Internet referral is found, then match the name in the Internet referral to a network object, as defined in Step 2.\u003cbr\u003eIf an Internet referral is not found, it resolves to “Any”.\u003cbr\u003eStep 2: Resolve the object by name:\u003cbr\u003eSearch the specified device for a defined network object that matches the name returned in Step 1.\u003cbr\u003eIf a matching network object is not found, an error will be returned.","examples":["https://192.168.1.1/securetrack/api/internet_referral/2/object"],"position":"3","type":"NetworkObjectDTO","nickname":"getInternetObject","parameters":[{"name":"deviceId","description":"SecureTrack Device ID","required":true,"type":"integer","format":"int32","paramType":"path","allowMultiple":false,"allowableValues":""}],"responseMessages":[{"code":200,"message":"Resolved Internet referral object for device is returned"},{"code":400,"message":"Device with given ID does not exist"},{"code":400,"message":"Internet referral object can only be configured for StoneSoft (except master engine) or Check Point SMC/CMA devices"},{"code":404,"message":"Configured object was not found on the device"},{"code":401,"message":"Access is denied."}]}]},{"path":"/internet_referral/{deviceId:[0-9]+}","operations":[{"baseURL":"/securetrack/api","method":"PUT","summary":"Update Internet representation for device","notes":"Updates the Internet referral configuration for the device.\u003cbr\u003eIf there was no previous configuration, it will be created.","examples":["https://192.168.1.1/securetrack/api/internet_referral|\u0026lt;?xml version\u003d\"1.0\" encoding\u003d\"UTF-8\" standalone\u003d\"yes\"?\u0026gt;\n\u0026lt;internet_referral_object\u0026gt;\n\t   \u0026lt;device_id\u0026gt;2\u0026lt;/device_id\u0026gt;\n\t   \u0026lt;object_name\u0026gt;Host_10.11.73.1\u0026lt;/object_name\u0026gt;\n\u0026lt;/internet_referral_object\u0026gt;\n"],"position":"1","type":"void","nickname":"update","parameters":[{"name":"deviceId","description":"SecureTrack Device ID","required":true,"type":"integer","format":"int32","paramType":"path","allowMultiple":false,"allowableValues":""},{"name":"body","rootElement":"internet_referral","description":"Internet referral configuration","required":true,"type":"InternetReferralDTO","format":"","paramType":"body","allowMultiple":false,"allowableValues":""}],"responseMessages":[{"code":200,"message":"Internet referral configuration was updated"},{"code":400,"message":"Device with given ID does not exist"},{"code":400,"message":"Internet referral object can only be configured for StoneSoft (except master engine) or Check Point SMC/CMA devices"},{"code":400,"message":"Internet referral configuration was malformed"},{"code":401,"message":"Access is denied."}]},{"baseURL":"/securetrack/api","method":"GET","summary":"Get Internet representation for device","notes":"","examples":["https://192.168.1.1/securetrack/api/internet_referral/2"],"position":"2","type":"InternetReferralDTO","nickname":"get","parameters":[{"name":"deviceId","description":"SecureTrack Device ID","required":true,"type":"integer","format":"int32","paramType":"path","allowMultiple":false,"allowableValues":""}],"responseMessages":[{"code":200,"message":"Internet referral configuration is returned"},{"code":400,"message":"Device with given ID does not exist"},{"code":400,"message":"Internet referral object can only be configured for StoneSoft (except master engine) or Check Point SMC/CMA devices"},{"code":404,"message":"Internet referral configuration was not found for device ID"},{"code":401,"message":"Access is denied."}]},{"baseURL":"/securetrack/api","method":"DELETE","summary":"Delete Internet representation for device","notes":"","examples":["https://192.168.1.1/securetrack/api/internet_referral/2"],"position":"4","type":"void","nickname":"delete","parameters":[{"name":"deviceId","description":"SecureTrack Device ID","required":true,"type":"integer","format":"int32","paramType":"path","allowMultiple":false,"allowableValues":""}],"responseMessages":[{"code":200,"message":"Internet referral configuration was deleted"},{"code":400,"message":"Device with given ID does not exist"},{"code":400,"message":"Internet referral object can only be configured for StoneSoft (except master engine) or Check Point SMC/CMA devices"},{"code":400,"message":"Internet referral configuration for device ID does not exist"},{"code":401,"message":"Access is denied."}]}]},{"path":"/internet_referral/","operations":[{"baseURL":"/securetrack/api","method":"POST","summary":"Create new Internet representation for a device","notes":"The internet referral lets you represent the Internet as an object on a device.\u003cbr\u003eSee REST API: /internet_referral/{deviceId:[0-9]+}/object for a description of how internet referral is resolved.","examples":["https://192.168.1.1/securetrack/api/internet_referral|\u0026lt;?xml version\u003d\"1.0\" encoding\u003d\"UTF-8\" standalone\u003d\"yes\"?\u0026gt;\n\u0026lt;internet_referral_object\u0026gt;\n\t   \u0026lt;device_id\u0026gt;2\u0026lt;/device_id\u0026gt;\n\t   \u0026lt;object_name\u0026gt;Host_2.2.2.2\u0026lt;/object_name\u0026gt;\n\u0026lt;/internet_referral_object\u0026gt;\n"],"position":"","type":"void","nickname":"create","parameters":[{"name":"body","rootElement":"internet_referral","description":"Internet referral configuration","required":true,"type":"InternetReferralDTO","format":"","paramType":"body","allowMultiple":false,"allowableValues":""}],"responseMessages":[{"code":201,"message":"Internet referral configuration was created"},{"code":400,"message":"Device with given ID does not exist"},{"code":400,"message":"Internet referral object can only be configured for StoneSoft (except master engine) or Check Point SMC/CMA devices"},{"code":400,"message":"Internet referral configuration was malformed"},{"code":400,"message":"Internet referral configuration for given device ID already exists"},{"code":401,"message":"Access is denied."}]}]}],"models":{"InterfaceForNetworkObjectListDTO":{"id":"InterfaceForNetworkObjectListDTO","rootElement":"interfaces","description":"","properties":{"interface":{"type":"array","items":{"$ref":"InterfaceForNetworkObjectDTO"}}}},"DipNatInfoDTO":{"id":"DipNatInfoDTO","rootElement":"nat_info","description":"","required":["interface_name","id"],"properties":{"shift_from":{"type":"string","description":"shift_from","allowableValues":""},"interface_name":{"type":"string","description":"Interface name of NAT info","allowableValues":""},"id":{"type":"integer","format":"int64","description":"Object ID of NAT info","allowableValues":""}}},"ServiceDTO":{"id":"ServiceDTO","rootElement":"service","description":"","required":["management_domain","uid","device_id","deviceName","application_id","global","comment","display_name","name","id","class_name"],"properties":{"type_on_device":{"type":"string","description":"type on device","allowableValues":""},"management_domain":{"type":"string","description":"management domain ","position":"10","allowableValues":""},"overrides":{"type":"boolean","description":"Original value override, applicable only for Panorama NG","allowableValues":""},"uid":{"type":"string","description":"The uid of the device object","position":"6","allowableValues":""},"device_id":{"type":"integer","format":"int32","description":"The device ID of the device object","position":"6","allowableValues":""},"deviceName":{"type":"string","description":"Device name for device object","position":"9","allowableValues":""},"application_id":{"type":"integer","format":"int64","description":"Application ID of the device object","position":"8","allowableValues":""},"global":{"type":"boolean","description":"Is a global device object","httpMethods":["GET"],"position":"5","allowableValues":""},"comment":{"type":"string","description":"The comment of the device object","httpMethods":["GET","POST","PUT"],"position":"7","allowableValues":""},"display_name":{"type":"string","description":"The display name of the device object","httpMethods":["GET"],"position":"2","allowableValues":""},"name":{"type":"string","description":"The name of the device object","httpMethods":["GET","POST","PUT"],"position":"1","allowableValues":""},"id":{"type":"string","description":"The ID of the device object","httpMethods":["GET","PUT"],"allowableValues":""},"class_name":{"type":"string","description":"The class name of the device object","position":"3","allowableValues":""}},"subTypes":["SingleServiceDTO","ServiceGroupDTO"]},"IdentityAwarenessDTO":{"id":"IdentityAwarenessDTO","rootElement":"network_object","description":"","required":["network","user","nat_info","uid","device_id","deviceName","application_id","global","comment","display_name","name","id","class_name"],"properties":{"network":{"type":"array","description":"The networks","items":{"$ref":"NetworkObjectDTO"},"httpMethods":["GET","POST","PUT"],"allowableValues":""},"user":{"type":"array","description":"The users","items":{"$ref":"IdentityAwarenessUserDTO"},"httpMethods":["GET","POST","PUT"],"allowableValues":""},"type_on_device":{"type":"string","description":"type on device","allowableValues":""},"domain_name":{"type":"string"},"management_domain":{"type":"string"},"overrides":{"type":"boolean","description":"Original value override, applicable only for Panorama NG","allowableValues":""},"any_zone":{"type":"boolean"},"nat_info":{"description":"NAT info for the network object","$ref":"NatInfoDTO","position":"10","allowableValues":""},"implicit":{"type":"boolean"},"uid":{"type":"string","description":"The uid of the device object","position":"6","allowableValues":""},"device_id":{"type":"integer","format":"int32","description":"The device ID of the device object","position":"6","allowableValues":""},"deviceName":{"type":"string","description":"Device name for device object","position":"9","allowableValues":""},"application_id":{"type":"integer","format":"int64","description":"Application ID of the device object","position":"8","allowableValues":""},"global":{"type":"boolean","description":"Is a global device object","httpMethods":["GET"],"position":"5","allowableValues":""},"comment":{"type":"string","description":"The comment of the device object","httpMethods":["GET","POST","PUT"],"position":"7","allowableValues":""},"display_name":{"type":"string","description":"The display name of the device object","httpMethods":["GET"],"position":"2","allowableValues":""},"name":{"type":"string","description":"The name of the device object","httpMethods":["GET","POST","PUT"],"position":"1","allowableValues":""},"id":{"type":"string","description":"The ID of the device object","httpMethods":["GET","PUT"],"allowableValues":""},"class_name":{"type":"string","description":"The class name of the device object","position":"3","allowableValues":""}}},"FortigateNatInfoDTO":{"id":"FortigateNatInfoDTO","rootElement":"nat_info","description":"","required":["interface_name","id"],"properties":{"port_forwarding_type":{"type":"string","description":"port_forwarding_type","allowableValues":""},"src_filter":{"type":"string","description":"src_filter","allowableValues":""},"src_interface_filter":{"type":"string","description":"src_interface_filter","allowableValues":""},"mapped-ip":{"type":"string","description":"mapped-ip","allowableValues":""},"mapped-ip-max":{"type":"string","description":"mapped-ip-max","allowableValues":""},"external-port":{"type":"string","description":"external-port","allowableValues":""},"mapped-port":{"type":"string","description":"mapped-port","allowableValues":""},"forti_vip":{"type":"boolean","description":"forti_vip","allowableValues":""},"Interface":{"type":"string","description":"Interface","allowableValues":""},"interface_name":{"type":"string","description":"Interface name of NAT info","allowableValues":""},"id":{"type":"integer","format":"int64","description":"Object ID of NAT info","allowableValues":""}}},"InternetReferralDTO":{"id":"InternetReferralDTO","rootElement":"internet_referral","description":"","required":["device_id"],"properties":{"device_id":{"type":"integer","format":"int32","description":"device ID","httpMethods":["GET","POST"],"allowableValues":""}},"subTypes":["InternetReferralAnyDTO","InternetReferralObjectNameDTO"]},"ServiceGroupDTO":{"id":"ServiceGroupDTO","rootElement":"service","description":"","required":["member","management_domain","uid","device_id","deviceName","application_id","global","comment","display_name","name","id","class_name"],"properties":{"member":{"type":"array","description":"List of references to the service group members","items":{"$ref":"ObjectReferenceDTO"},"httpMethods":["GET","POST","PUT"],"position":"11","allowableValues":""},"type_on_device":{"type":"string","description":"type on device","allowableValues":""},"management_domain":{"type":"string","description":"management domain ","position":"10","allowableValues":""},"overrides":{"type":"boolean","description":"Original value override, applicable only for Panorama NG","allowableValues":""},"uid":{"type":"string","description":"The uid of the device object","position":"6","allowableValues":""},"device_id":{"type":"integer","format":"int32","description":"The device ID of the device object","position":"6","allowableValues":""},"deviceName":{"type":"string","description":"Device name for device object","position":"9","allowableValues":""},"application_id":{"type":"integer","format":"int64","description":"Application ID of the device object","position":"8","allowableValues":""},"global":{"type":"boolean","description":"Is a global device object","httpMethods":["GET"],"position":"5","allowableValues":""},"comment":{"type":"string","description":"The comment of the device object","httpMethods":["GET","POST","PUT"],"position":"7","allowableValues":""},"display_name":{"type":"string","description":"The display name of the device object","httpMethods":["GET"],"position":"2","allowableValues":""},"name":{"type":"string","description":"The name of the device object","httpMethods":["GET","POST","PUT"],"position":"1","allowableValues":""},"id":{"type":"string","description":"The ID of the device object","httpMethods":["GET","PUT"],"allowableValues":""},"class_name":{"type":"string","description":"The class name of the device object","position":"3","allowableValues":""}}},"Comparator":{"id":"Comparator","description":"","properties":{}},"SingleServiceDTO":{"id":"SingleServiceDTO","rootElement":"service","description":"","required":["management_domain","uid","device_id","deviceName","application_id","global","comment","display_name","name","id","class_name"],"properties":{"min":{"type":"integer","format":"int32","description":"For IP, TCP and UDP Services: the minimum port number, ICMP Service: the ICMP type number.","httpMethods":["GET","POST","PUT"],"position":"11","allowableValues":""},"negate":{"type":"boolean","description":"Negates the defined port(s), that is: the defined port(s) are ignored, and only all other logs are analyzed.","position":"14","allowableValues":""},"max":{"type":"integer","format":"int32","description":"For IP, TCP and UDP Services: the maximum port number.","httpMethods":["GET","POST","PUT"],"position":"12","allowableValues":""},"timeout":{"type":"string","description":"The timeout value for the service in seconds","httpMethods":["GET","POST","PUT"],"position":"15","allowableValues":"default, never"},"protocol":{"type":"integer","format":"int16","description":"The port number, for IP service: protocol is not specified.","httpMethods":["GET","POST","PUT"],"position":"13","allowableValues":""},"type_on_device":{"type":"string","description":"type on device","allowableValues":""},"management_domain":{"type":"string","description":"management domain ","position":"10","allowableValues":""},"overrides":{"type":"boolean","description":"Original value override, applicable only for Panorama NG","allowableValues":""},"uid":{"type":"string","description":"The uid of the device object","position":"6","allowableValues":""},"device_id":{"type":"integer","format":"int32","description":"The device ID of the device object","position":"6","allowableValues":""},"deviceName":{"type":"string","description":"Device name for device object","position":"9","allowableValues":""},"application_id":{"type":"integer","format":"int64","description":"Application ID of the device object","position":"8","allowableValues":""},"global":{"type":"boolean","description":"Is a global device object","httpMethods":["GET"],"position":"5","allowableValues":""},"comment":{"type":"string","description":"The comment of the device object","httpMethods":["GET","POST","PUT"],"position":"7","allowableValues":""},"display_name":{"type":"string","description":"The display name of the device object","httpMethods":["GET"],"position":"2","allowableValues":""},"name":{"type":"string","description":"The name of the device object","httpMethods":["GET","POST","PUT"],"position":"1","allowableValues":""},"id":{"type":"string","description":"The ID of the device object","httpMethods":["GET","PUT"],"allowableValues":""},"class_name":{"type":"string","description":"The class name of the device object","position":"3","allowableValues":""}}},"NetworkObjectDTO":{"id":"NetworkObjectDTO","rootElement":"network_object","description":"","required":["nat_info","uid","device_id","deviceName","application_id","global","comment","display_name","name","id","class_name"],"properties":{"type_on_device":{"type":"string","description":"type on device","allowableValues":""},"domain_name":{"type":"string"},"management_domain":{"type":"string"},"overrides":{"type":"boolean","description":"Original value override, applicable only for Panorama NG","allowableValues":""},"any_zone":{"type":"boolean"},"nat_info":{"description":"NAT info for the network object","$ref":"NatInfoDTO","position":"10","allowableValues":""},"implicit":{"type":"boolean"},"uid":{"type":"string","description":"The uid of the device object","position":"6","allowableValues":""},"device_id":{"type":"integer","format":"int32","description":"The device ID of the device object","position":"6","allowableValues":""},"deviceName":{"type":"string","description":"Device name for device object","position":"9","allowableValues":""},"application_id":{"type":"integer","format":"int64","description":"Application ID of the device object","position":"8","allowableValues":""},"global":{"type":"boolean","description":"Is a global device object","httpMethods":["GET"],"position":"5","allowableValues":""},"comment":{"type":"string","description":"The comment of the device object","httpMethods":["GET","POST","PUT"],"position":"7","allowableValues":""},"display_name":{"type":"string","description":"The display name of the device object","httpMethods":["GET"],"position":"2","allowableValues":""},"name":{"type":"string","description":"The name of the device object","httpMethods":["GET","POST","PUT"],"position":"1","allowableValues":""},"id":{"type":"string","description":"The ID of the device object","httpMethods":["GET","PUT"],"allowableValues":""},"class_name":{"type":"string","description":"The class name of the device object","position":"3","allowableValues":""}},"subTypes":["BasicNetworkObjectDTO","DuplicateNetworkObjectDTO","HostNetworkObjectDTO","HostNetworkObjectWithInterfacesDTO","NetworkObjectGroupDTO","NetworkObjectVirtualServerDTO","RangeNetworkObjectDTO","SubnetNetworkObjectDTO","IdentityAwarenessDTO"]},"CheckpointNatInfoDTO":{"id":"CheckpointNatInfoDTO","rootElement":"nat_info","description":"","required":["interface_name","id"],"properties":{"mapped_to_ip":{"type":"string","description":"mapped to ip","allowableValues":""},"checkpoint_nat_type":{"type":"string","description":"checkpoint nat type","allowableValues":""},"interface_name":{"type":"string","description":"Interface name of NAT info","allowableValues":""},"id":{"type":"integer","format":"int64","description":"Object ID of NAT info","allowableValues":""}}},"VipMappingDTO":{"id":"VipMappingDTO","rootElement":"vip_mapping","description":"","properties":{"mapped_to_ip":{"type":"string","description":"mapped to ip","allowableValues":""},"virtual_port":{"type":"string","description":"virtual port","allowableValues":""},"version_id":{"type":"integer","format":"int32","description":"version ip","allowableValues":""},"mapped_to_service":{"description":"mapped to service","$ref":"ServiceDTO","allowableValues":""},"id":{"type":"integer","format":"int64","description":"Vip mapping object ID","allowableValues":""}}},"NatInfoDTO":{"id":"NatInfoDTO","rootElement":"nat_info","description":"","required":["interface_name","id"],"properties":{"interface_name":{"type":"string","description":"Interface name of NAT info","allowableValues":""},"id":{"type":"integer","format":"int64","description":"Object ID of NAT info","allowableValues":""}},"subTypes":["MipNatInfoDTO","VipNatInfoDTO","DipNatInfoDTO","CheckpointNatInfoDTO","FortigateNatInfoDTO"]},"MipNatInfoDTO":{"id":"MipNatInfoDTO","rootElement":"nat_info","description":"","required":["interface_name","id"],"properties":{"mapped_to_ip":{"type":"string","description":"mapped to ip","allowableValues":""},"virtual_router":{"type":"string"},"interface_name":{"type":"string","description":"Interface name of NAT info","allowableValues":""},"id":{"type":"integer","format":"int64","description":"Object ID of NAT info","allowableValues":""}}},"DuplicateNetworkObjectDTO":{"id":"DuplicateNetworkObjectDTO","rootElement":"duplication_criteria","description":"","required":["nat_info","uid","device_id","deviceName","application_id","global","comment","display_name","name","id","class_name"],"properties":{"ip":{"type":"string","description":"IP address","httpMethods":["GET"],"position":"12","allowableValues":""},"netmask":{"type":"string","description":"Netmask","httpMethods":["GET"],"position":"11","allowableValues":""},"min_ip":{"type":"string","description":"Minimal IP address","httpMethods":["GET"],"position":"9","allowableValues":""},"max_ip":{"type":"string","description":"Maximal IP address","httpMethods":["GET"],"position":"10","allowableValues":""},"type_on_device":{"type":"string","description":"type on device","allowableValues":""},"domain_name":{"type":"string"},"management_domain":{"type":"string"},"overrides":{"type":"boolean","description":"Original value override, applicable only for Panorama NG","allowableValues":""},"any_zone":{"type":"boolean"},"nat_info":{"description":"NAT info for the network object","$ref":"NatInfoDTO","position":"10","allowableValues":""},"implicit":{"type":"boolean"},"uid":{"type":"string","description":"The uid of the device object","position":"6","allowableValues":""},"device_id":{"type":"integer","format":"int32","description":"The device ID of the device object","position":"6","allowableValues":""},"deviceName":{"type":"string","description":"Device name for device object","position":"9","allowableValues":""},"application_id":{"type":"integer","format":"int64","description":"Application ID of the device object","position":"8","allowableValues":""},"global":{"type":"boolean","description":"Is a global device object","httpMethods":["GET"],"position":"5","allowableValues":""},"comment":{"type":"string","description":"The comment of the device object","httpMethods":["GET","POST","PUT"],"position":"7","allowableValues":""},"display_name":{"type":"string","description":"The display name of the device object","httpMethods":["GET"],"position":"2","allowableValues":""},"name":{"type":"string","description":"The name of the device object","httpMethods":["GET","POST","PUT"],"position":"1","allowableValues":""},"id":{"type":"string","description":"The ID of the device object","httpMethods":["GET","PUT"],"allowableValues":""},"class_name":{"type":"string","description":"The class name of the device object","position":"3","allowableValues":""}}},"alias":{"id":"alias","rootElement":"alias","description":"","required":["access_allowed","exclusion","member","nat_info","uid","device_id","deviceName","application_id","global","comment","display_name","name","id","class_name"],"properties":{"access_allowed":{"type":"boolean","description":"access allowed","httpMethods":["GET","POST","PUT"],"position":"13","allowableValues":""},"exclusion":{"type":"array","description":"The exclusions","items":{"$ref":"ObjectReferenceDTO"},"position":"12","allowableValues":""},"member":{"type":"array","description":"The members","items":{"$ref":"ObjectReferenceDTO"},"httpMethods":["GET","POST","PUT"],"position":"11","allowableValues":""},"type_on_device":{"type":"string","description":"type on device","allowableValues":""},"domain_name":{"type":"string"},"management_domain":{"type":"string"},"overrides":{"type":"boolean","description":"Original value override, applicable only for Panorama NG","allowableValues":""},"any_zone":{"type":"boolean"},"nat_info":{"description":"NAT info for the network object","$ref":"NatInfoDTO","position":"10","allowableValues":""},"implicit":{"type":"boolean"},"uid":{"type":"string","description":"The uid of the device object","position":"6","allowableValues":""},"device_id":{"type":"integer","format":"int32","description":"The device ID of the device object","position":"6","allowableValues":""},"deviceName":{"type":"string","description":"Device name for device object","position":"9","allowableValues":""},"application_id":{"type":"integer","format":"int64","description":"Application ID of the device object","position":"8","allowableValues":""},"global":{"type":"boolean","description":"Is a global device object","httpMethods":["GET"],"position":"5","allowableValues":""},"comment":{"type":"string","description":"The comment of the device object","httpMethods":["GET","POST","PUT"],"position":"7","allowableValues":""},"display_name":{"type":"string","description":"The display name of the device object","httpMethods":["GET"],"position":"2","allowableValues":""},"name":{"type":"string","description":"The name of the device object","httpMethods":["GET","POST","PUT"],"position":"1","allowableValues":""},"id":{"type":"string","description":"The ID of the device object","httpMethods":["GET","PUT"],"allowableValues":""},"class_name":{"type":"string","description":"The class name of the device object","position":"3","allowableValues":""}}},"InterfaceForNetworkObjectDTO":{"id":"InterfaceForNetworkObjectDTO","rootElement":"interface","description":"","required":["interface_ips"],"properties":{"interface_ips":{"description":"List of interfaces IPs","$ref":"InterfaceIpListDTO","httpMethods":["GET"],"position":"10","allowableValues":""},"name":{"type":"string"}}},"NetworkObjectVirtualServerDTO":{"id":"NetworkObjectVirtualServerDTO","rootElement":"network_object","description":"","required":["nat_info","uid","application_id","global","comment","display_name","id","class_name"],"properties":{"virtual_ip":{"type":"string","description":"The virtual IP address of the device","httpMethods":["GET"],"position":"11","allowableValues":""},"pool_member":{"type":"array","description":"The server group members that are associated with the virtual server","items":{"$ref":"pool_member_1"},"httpMethods":["GET"],"position":"15","allowableValues":""},"netmask":{"type":"string","description":"The netmask for the virtual server VIP address","httpMethods":["GET"],"position":"12","allowableValues":""},"f5_device_name":{"type":"string","description":"The name of the device","httpMethods":["GET"],"position":"9","allowableValues":""},"protocol":{"type":"string","description":"The protocol that the virtual server is forwarding","httpMethods":["GET"],"position":"14","allowableValues":"TCP, UDP, SCTP"},"port":{"type":"string","description":"The port that the virtual server is forwarding (Any is shown as “-1”)","httpMethods":["GET"],"position":"13","allowableValues":""},"type_on_device":{"type":"string","description":"type on device","allowableValues":""},"domain_name":{"type":"string"},"management_domain":{"type":"string"},"overrides":{"type":"boolean","description":"Original value override, applicable only for Panorama NG","allowableValues":""},"any_zone":{"type":"boolean"},"nat_info":{"description":"NAT info for the network object","$ref":"NatInfoDTO","position":"10","allowableValues":""},"implicit":{"type":"boolean"},"uid":{"type":"string","description":"The uid of the device object","position":"6","allowableValues":""},"application_id":{"type":"integer","format":"int64","description":"Application ID of the device object","position":"8","allowableValues":""},"global":{"type":"boolean","description":"Is a global device object","httpMethods":["GET"],"position":"5","allowableValues":""},"comment":{"type":"string","description":"The comment of the device object","httpMethods":["GET","POST","PUT"],"position":"7","allowableValues":""},"display_name":{"type":"string","description":"The display name of the device object","httpMethods":["GET"],"position":"2","allowableValues":""},"id":{"type":"string","description":"The ID of the device object","httpMethods":["GET","PUT"],"allowableValues":""},"class_name":{"type":"string","description":"The class name of the device object","position":"3","allowableValues":""}}},"IdentityAwarenessUserDTO":{"id":"IdentityAwarenessUserDTO","rootElement":"user","description":"","required":["uid","device_id","deviceName","application_id","global","comment","display_name","name","id","type","class_name"],"properties":{"dn":{"type":"string","description":"DN","allowableValues":""},"uid":{"type":"string","description":"The uid of the device object","position":"6","allowableValues":""},"device_id":{"type":"integer","format":"int32","description":"The device ID of the device object","position":"6","allowableValues":""},"deviceName":{"type":"string","description":"Device name for device object","position":"9","allowableValues":""},"application_id":{"type":"integer","format":"int64","description":"Application ID of the device object","position":"8","allowableValues":""},"global":{"type":"boolean","description":"Is a global device object","httpMethods":["GET"],"position":"5","allowableValues":""},"comment":{"type":"string","description":"The comment of the device object","httpMethods":["GET","POST","PUT"],"position":"7","allowableValues":""},"display_name":{"type":"string","description":"The display name of the device object","httpMethods":["GET"],"position":"2","allowableValues":""},"name":{"type":"string","description":"The name of the device object","httpMethods":["GET","POST","PUT"],"position":"1","allowableValues":""},"id":{"type":"string","description":"The ID of the device object","httpMethods":["GET","PUT"],"allowableValues":""},"type":{"type":"string","description":"The type of the device object","position":"4","allowableValues":"basic, host, range, subnet, group, user, user-group, ip_service, tcp_service, udp_service, transport_service, icmp_service, rpc_service"},"class_name":{"type":"string","description":"The class name of the device object","position":"3","allowableValues":""}}},"pool_member_1":{"id":"pool_member_1","rootElement":"pool_member","description":"","properties":{"ip":{"type":"string","description":"The IP address of the server group member","httpMethods":["GET"],"position":"1","allowableValues":""},"netmask":{"type":"string","description":"The netmask for the IP address of the server group member","httpMethods":["GET"],"position":"2","allowableValues":""},"name":{"type":"string","description":"The name of the server group member","httpMethods":["GET"],"allowableValues":""}}},"LinkDTO":{"id":"LinkDTO","description":"","required":["@href"],"properties":{"@href":{"type":"string","description":"The location of the referenced object","httpMethods":["GET"],"allowableValues":""}}},"VipMappingListDTO":{"id":"VipMappingListDTO","rootElement":"vip_mappings","description":"","properties":{"vip_mapping":{"type":"array","items":{"$ref":"VipMappingDTO"}}}},"HostNetworkObjectWithInterfacesDTO":{"id":"HostNetworkObjectWithInterfacesDTO","rootElement":"network_object","description":"","required":["nat_info","uid","device_id","deviceName","application_id","global","comment","display_name","name","id","class_name"],"properties":{"interfaces":{"$ref":"InterfaceForNetworkObjectListDTO"},"ip":{"type":"string","description":"The IP of the object","httpMethods":["GET","POST","PUT"],"position":"11","allowableValues":""},"type_on_device":{"type":"string","description":"type on device","allowableValues":""},"domain_name":{"type":"string"},"management_domain":{"type":"string"},"overrides":{"type":"boolean","description":"Original value override, applicable only for Panorama NG","allowableValues":""},"any_zone":{"type":"boolean"},"nat_info":{"description":"NAT info for the network object","$ref":"NatInfoDTO","position":"10","allowableValues":""},"implicit":{"type":"boolean"},"uid":{"type":"string","description":"The uid of the device object","position":"6","allowableValues":""},"device_id":{"type":"integer","format":"int32","description":"The device ID of the device object","position":"6","allowableValues":""},"deviceName":{"type":"string","description":"Device name for device object","position":"9","allowableValues":""},"application_id":{"type":"integer","format":"int64","description":"Application ID of the device object","position":"8","allowableValues":""},"global":{"type":"boolean","description":"Is a global device object","httpMethods":["GET"],"position":"5","allowableValues":""},"comment":{"type":"string","description":"The comment of the device object","httpMethods":["GET","POST","PUT"],"position":"7","allowableValues":""},"display_name":{"type":"string","description":"The display name of the device object","httpMethods":["GET"],"position":"2","allowableValues":""},"name":{"type":"string","description":"The name of the device object","httpMethods":["GET","POST","PUT"],"position":"1","allowableValues":""},"id":{"type":"string","description":"The ID of the device object","httpMethods":["GET","PUT"],"allowableValues":""},"class_name":{"type":"string","description":"The class name of the device object","position":"3","allowableValues":""}}},"InterfaceIpListDTO":{"id":"InterfaceIpListDTO","rootElement":"interface_ips","description":"","required":["interface_ip"],"properties":{"interface_ip":{"type":"array","description":"Interface IPs","items":{"$ref":"InterfaceIpDTO"},"httpMethods":["GET"],"position":"9","allowableValues":""}}},"ObjectReferenceDTO":{"id":"ObjectReferenceDTO","description":"","required":["id"],"properties":{"uid":{"type":"string","description":"The unique identifier of the referenced object","httpMethods":["GET"],"position":"1","allowableValues":""},"member":{"type":"array","description":"List of references to a DM_INLINE group members","items":{"$ref":"ObjectReferenceDTO"},"position":"6","allowableValues":""},"display_name":{"type":"string","description":"The display name of the referenced object","httpMethods":["GET"],"position":"2","allowableValues":""},"link":{"description":"The data structure that contains the href tag, which sets the location of the referenced object in the SecureApp database","$ref":"LinkDTO","httpMethods":["GET"],"position":"5","allowableValues":""},"name":{"type":"string","description":"The name of the referenced object","httpMethods":["GET"],"position":"3","allowableValues":""},"id":{"type":"string","description":"ID","httpMethods":["GET","POST","PUT"],"allowableValues":""},"type":{"type":"string","description":"The type of the referenced object","httpMethods":["GET"],"position":"4","allowableValues":""}}},"RangeNetworkObjectDTO":{"id":"RangeNetworkObjectDTO","rootElement":"network_object","description":"","required":["nat_info","uid","device_id","deviceName","application_id","global","comment","display_name","name","id","class_name"],"properties":{"first_ip":{"type":"string","description":"Min ip","httpMethods":["GET","POST","PUT"],"position":"11","allowableValues":""},"last_ip":{"type":"string","description":"Max ip","httpMethods":["GET","POST","PUT"],"position":"12","allowableValues":""},"type_on_device":{"type":"string","description":"type on device","allowableValues":""},"domain_name":{"type":"string"},"management_domain":{"type":"string"},"overrides":{"type":"boolean","description":"Original value override, applicable only for Panorama NG","allowableValues":""},"any_zone":{"type":"boolean"},"nat_info":{"description":"NAT info for the network object","$ref":"NatInfoDTO","position":"10","allowableValues":""},"implicit":{"type":"boolean"},"uid":{"type":"string","description":"The uid of the device object","position":"6","allowableValues":""},"device_id":{"type":"integer","format":"int32","description":"The device ID of the device object","position":"6","allowableValues":""},"deviceName":{"type":"string","description":"Device name for device object","position":"9","allowableValues":""},"application_id":{"type":"integer","format":"int64","description":"Application ID of the device object","position":"8","allowableValues":""},"global":{"type":"boolean","description":"Is a global device object","httpMethods":["GET"],"position":"5","allowableValues":""},"comment":{"type":"string","description":"The comment of the device object","httpMethods":["GET","POST","PUT"],"position":"7","allowableValues":""},"display_name":{"type":"string","description":"The display name of the device object","httpMethods":["GET"],"position":"2","allowableValues":""},"name":{"type":"string","description":"The name of the device object","httpMethods":["GET","POST","PUT"],"position":"1","allowableValues":""},"id":{"type":"string","description":"The ID of the device object","httpMethods":["GET","PUT"],"allowableValues":""},"class_name":{"type":"string","description":"The class name of the device object","position":"3","allowableValues":""}}},"InternetReferralObjectNameDTO":{"id":"InternetReferralObjectNameDTO","rootElement":"internet_referral_object","description":"","required":["object_name","device_id"],"properties":{"object_name":{"type":"string","description":"Object name on device","httpMethods":["GET","POST","PUT"],"allowableValues":""},"device_id":{"type":"integer","format":"int32","description":"device ID","httpMethods":["GET","POST"],"allowableValues":""}}},"HostNetworkObjectDTO":{"id":"HostNetworkObjectDTO","rootElement":"network_object","description":"","required":["nat_info","uid","device_id","deviceName","application_id","global","comment","display_name","name","id","class_name"],"properties":{"ip":{"type":"string","description":"The IP of the object","httpMethods":["GET","POST","PUT"],"position":"11","allowableValues":""},"type_on_device":{"type":"string","description":"type on device","allowableValues":""},"domain_name":{"type":"string"},"management_domain":{"type":"string"},"overrides":{"type":"boolean","description":"Original value override, applicable only for Panorama NG","allowableValues":""},"any_zone":{"type":"boolean"},"nat_info":{"description":"NAT info for the network object","$ref":"NatInfoDTO","position":"10","allowableValues":""},"implicit":{"type":"boolean"},"uid":{"type":"string","description":"The uid of the device object","position":"6","allowableValues":""},"device_id":{"type":"integer","format":"int32","description":"The device ID of the device object","position":"6","allowableValues":""},"deviceName":{"type":"string","description":"Device name for device object","position":"9","allowableValues":""},"application_id":{"type":"integer","format":"int64","description":"Application ID of the device object","position":"8","allowableValues":""},"global":{"type":"boolean","description":"Is a global device object","httpMethods":["GET"],"position":"5","allowableValues":""},"comment":{"type":"string","description":"The comment of the device object","httpMethods":["GET","POST","PUT"],"position":"7","allowableValues":""},"display_name":{"type":"string","description":"The display name of the device object","httpMethods":["GET"],"position":"2","allowableValues":""},"name":{"type":"string","description":"The name of the device object","httpMethods":["GET","POST","PUT"],"position":"1","allowableValues":""},"id":{"type":"string","description":"The ID of the device object","httpMethods":["GET","PUT"],"allowableValues":""},"class_name":{"type":"string","description":"The class name of the device object","position":"3","allowableValues":""}},"subTypes":["HostNetworkObjectWithInterfacesDTO"]},"NetworkObjectGroupDTO":{"id":"NetworkObjectGroupDTO","rootElement":"network_object","description":"","required":["access_allowed","exclusion","member","nat_info","uid","device_id","deviceName","application_id","global","comment","display_name","name","id","class_name"],"properties":{"access_allowed":{"type":"boolean","description":"access allowed","httpMethods":["GET","POST","PUT"],"position":"13","allowableValues":""},"exclusion":{"type":"array","description":"The exclusions","items":{"$ref":"ObjectReferenceDTO"},"position":"12","allowableValues":""},"member":{"type":"array","description":"The members","items":{"$ref":"ObjectReferenceDTO"},"httpMethods":["GET","POST","PUT"],"position":"11","allowableValues":""},"type_on_device":{"type":"string","description":"type on device","allowableValues":""},"domain_name":{"type":"string"},"management_domain":{"type":"string"},"overrides":{"type":"boolean","description":"Original value override, applicable only for Panorama NG","allowableValues":""},"any_zone":{"type":"boolean"},"nat_info":{"description":"NAT info for the network object","$ref":"NatInfoDTO","position":"10","allowableValues":""},"implicit":{"type":"boolean"},"uid":{"type":"string","description":"The uid of the device object","position":"6","allowableValues":""},"device_id":{"type":"integer","format":"int32","description":"The device ID of the device object","position":"6","allowableValues":""},"deviceName":{"type":"string","description":"Device name for device object","position":"9","allowableValues":""},"application_id":{"type":"integer","format":"int64","description":"Application ID of the device object","position":"8","allowableValues":""},"global":{"type":"boolean","description":"Is a global device object","httpMethods":["GET"],"position":"5","allowableValues":""},"comment":{"type":"string","description":"The comment of the device object","httpMethods":["GET","POST","PUT"],"position":"7","allowableValues":""},"display_name":{"type":"string","description":"The display name of the device object","httpMethods":["GET"],"position":"2","allowableValues":""},"name":{"type":"string","description":"The name of the device object","httpMethods":["GET","POST","PUT"],"position":"1","allowableValues":""},"id":{"type":"string","description":"The ID of the device object","httpMethods":["GET","PUT"],"allowableValues":""},"class_name":{"type":"string","description":"The class name of the device object","position":"3","allowableValues":""}},"subTypes":["alias","CloudSecurityGroupDTO"]},"BasicNetworkObjectDTO":{"id":"BasicNetworkObjectDTO","rootElement":"network_object","description":"","required":["nat_info","uid","device_id","deviceName","application_id","global","comment","display_name","name","id","class_name"],"properties":{"type_on_device":{"type":"string","description":"type on device","allowableValues":""},"domain_name":{"type":"string"},"management_domain":{"type":"string"},"overrides":{"type":"boolean","description":"Original value override, applicable only for Panorama NG","allowableValues":""},"any_zone":{"type":"boolean"},"nat_info":{"description":"NAT info for the network object","$ref":"NatInfoDTO","position":"10","allowableValues":""},"implicit":{"type":"boolean"},"uid":{"type":"string","description":"The uid of the device object","position":"6","allowableValues":""},"device_id":{"type":"integer","format":"int32","description":"The device ID of the device object","position":"6","allowableValues":""},"deviceName":{"type":"string","description":"Device name for device object","position":"9","allowableValues":""},"application_id":{"type":"integer","format":"int64","description":"Application ID of the device object","position":"8","allowableValues":""},"global":{"type":"boolean","description":"Is a global device object","httpMethods":["GET"],"position":"5","allowableValues":""},"comment":{"type":"string","description":"The comment of the device object","httpMethods":["GET","POST","PUT"],"position":"7","allowableValues":""},"display_name":{"type":"string","description":"The display name of the device object","httpMethods":["GET"],"position":"2","allowableValues":""},"name":{"type":"string","description":"The name of the device object","httpMethods":["GET","POST","PUT"],"position":"1","allowableValues":""},"id":{"type":"string","description":"The ID of the device object","httpMethods":["GET","PUT"],"allowableValues":""},"class_name":{"type":"string","description":"The class name of the device object","position":"3","allowableValues":""}}},"InterfaceIpDTO":{"id":"InterfaceIpDTO","rootElement":"interface_ip","description":"","required":["ip","netmask"],"properties":{"ip":{"type":"string","description":"IP address of interface","httpMethods":["GET"],"position":"9","allowableValues":""},"netmask":{"type":"string","description":"Network mask of interface","httpMethods":["GET"],"position":"10","allowableValues":""},"visibility":{"type":"string","description":"ip visibility (private/public)","httpMethods":["GET"],"position":"11","allowableValues":""},"precedence":{"type":"string","description":"ip precedence (primary/secondary)","httpMethods":["GET"],"position":"12","allowableValues":""},"vendorAttachmentPolicy":{"type":"string","description":"ip vendor attachment policy","httpMethods":["GET"],"position":"13","allowableValues":""}}},"InternetReferralAnyDTO":{"id":"InternetReferralAnyDTO","rootElement":"internet_referral_any","description":"","required":["device_id"],"properties":{"device_id":{"type":"integer","format":"int32","description":"device ID","httpMethods":["GET","POST"],"allowableValues":""}}},"SubnetNetworkObjectDTO":{"id":"SubnetNetworkObjectDTO","rootElement":"network_object","description":"","required":["nat_info","uid","device_id","deviceName","application_id","global","comment","display_name","name","id","class_name"],"properties":{"ip":{"type":"string","description":"The ip","httpMethods":["GET","POST","PUT"],"position":"11","allowableValues":""},"netmask":{"type":"string","description":"The netmask","httpMethods":["GET","POST","PUT"],"position":"12","allowableValues":""},"type_on_device":{"type":"string","description":"type on device","allowableValues":""},"domain_name":{"type":"string"},"management_domain":{"type":"string"},"overrides":{"type":"boolean","description":"Original value override, applicable only for Panorama NG","allowableValues":""},"any_zone":{"type":"boolean"},"nat_info":{"description":"NAT info for the network object","$ref":"NatInfoDTO","position":"10","allowableValues":""},"implicit":{"type":"boolean"},"uid":{"type":"string","description":"The uid of the device object","position":"6","allowableValues":""},"device_id":{"type":"integer","format":"int32","description":"The device ID of the device object","position":"6","allowableValues":""},"deviceName":{"type":"string","description":"Device name for device object","position":"9","allowableValues":""},"application_id":{"type":"integer","format":"int64","description":"Application ID of the device object","position":"8","allowableValues":""},"global":{"type":"boolean","description":"Is a global device object","httpMethods":["GET"],"position":"5","allowableValues":""},"comment":{"type":"string","description":"The comment of the device object","httpMethods":["GET","POST","PUT"],"position":"7","allowableValues":""},"display_name":{"type":"string","description":"The display name of the device object","httpMethods":["GET"],"position":"2","allowableValues":""},"name":{"type":"string","description":"The name of the device object","httpMethods":["GET","POST","PUT"],"position":"1","allowableValues":""},"id":{"type":"string","description":"The ID of the device object","httpMethods":["GET","PUT"],"allowableValues":""},"class_name":{"type":"string","description":"The class name of the device object","position":"3","allowableValues":""}}},"CloudSecurityGroupDTO":{"id":"CloudSecurityGroupDTO","description":"","required":["access_allowed","exclusion","member","nat_info","uid","device_id","deviceName","application_id","global","comment","display_name","name","id","class_name"],"properties":{"access_allowed":{"type":"boolean","description":"access allowed","httpMethods":["GET","POST","PUT"],"position":"13","allowableValues":""},"exclusion":{"type":"array","description":"The exclusions","items":{"$ref":"ObjectReferenceDTO"},"position":"12","allowableValues":""},"member":{"type":"array","description":"The members","items":{"$ref":"ObjectReferenceDTO"},"httpMethods":["GET","POST","PUT"],"position":"11","allowableValues":""},"type_on_device":{"type":"string","description":"type on device","allowableValues":""},"domain_name":{"type":"string"},"management_domain":{"type":"string"},"overrides":{"type":"boolean","description":"Original value override, applicable only for Panorama NG","allowableValues":""},"any_zone":{"type":"boolean"},"nat_info":{"description":"NAT info for the network object","$ref":"NatInfoDTO","position":"10","allowableValues":""},"implicit":{"type":"boolean"},"uid":{"type":"string","description":"The uid of the device object","position":"6","allowableValues":""},"device_id":{"type":"integer","format":"int32","description":"The device ID of the device object","position":"6","allowableValues":""},"deviceName":{"type":"string","description":"Device name for device object","position":"9","allowableValues":""},"application_id":{"type":"integer","format":"int64","description":"Application ID of the device object","position":"8","allowableValues":""},"global":{"type":"boolean","description":"Is a global device object","httpMethods":["GET"],"position":"5","allowableValues":""},"comment":{"type":"string","description":"The comment of the device object","httpMethods":["GET","POST","PUT"],"position":"7","allowableValues":""},"display_name":{"type":"string","description":"The display name of the device object","httpMethods":["GET"],"position":"2","allowableValues":""},"name":{"type":"string","description":"The name of the device object","httpMethods":["GET","POST","PUT"],"position":"1","allowableValues":""},"id":{"type":"string","description":"The ID of the device object","httpMethods":["GET","PUT"],"allowableValues":""},"class_name":{"type":"string","description":"The class name of the device object","position":"3","allowableValues":""}}},"VipNatInfoDTO":{"id":"VipNatInfoDTO","rootElement":"nat_info","description":"","required":["interface_name","id"],"properties":{"interface_name":{"type":"string","description":"Interface name of NAT info","allowableValues":""},"id":{"type":"integer","format":"int64","description":"Object ID of NAT info","allowableValues":""}}}}}