{"apiVersion":"1.0.0","resourcePath":"/IPsec VPN","apis":[{"path":"/bindings/{device_id:[0-9]+}/ipsec_communities","operations":[{"baseURL":"/securetrack/api","method":"GET","summary":"Get Check Point VPN (IPSec) communities and gateways","notes":"Get Check Point VPN (IPSec) Communities and gateways that partcipant in those communities.\u003cbr\u003eWorks on clusters and gateways, not on management servers.","examples":["https://192.168.1.1/securetrack/api/bindings/20/ipsec_communities"],"position":"1","type":"IpsecCommunitiesDTO","nickname":"GetIpsecCommunitiesForManagementId","produces":["application/xml","application/json"],"parameters":[{"name":"device_id","description":"The unique identifier of target device","required":true,"type":"integer","format":"int32","paramType":"path","allowMultiple":false,"allowableValues":""}]}]},{"path":"/bindings/{device_id:[0-9]+}/ipsec_tunnels","operations":[{"baseURL":"/securetrack/api","method":"GET","summary":"Get Cisco IPsec policy and peers","notes":"Get policy and peers defined on a Cisco crypto map which is applied to specific interface (provided through the outputInterfaceName parameter) in the running config.\u003cbr\u003eYou can retrieve the interface names by calling the /devices/id/interfaces API.","examples":["https://192.168.1.1/securetrack/api/bindings/32/ipsec_tunnels?outputInterfaceName\u003dGigabitEthernet1"],"position":"","type":"IpsecTunnelDTO","nickname":"GetIpsecTunnelsForTopologyInterface","produces":["application/xml","application/json"],"parameters":[{"name":"device_id","description":"The unique identifier of target device","required":true,"type":"integer","format":"int32","paramType":"path","allowMultiple":false,"allowableValues":""},{"name":"outputInterfaceName","description":"Interface name","required":true,"type":"string","paramType":"query","allowMultiple":false,"allowableValues":""}]}]},{"path":"/revisions/{id:[0-9]+}/crypto_maps","operations":[{"baseURL":"/securetrack/api","method":"GET","summary":"Get Cisco cryptographic maps by revision","notes":"","examples":["https://191.168.1.1/securetrack/api/revisions/18/crypto_maps"],"position":"4","type":"crypto_maps","nickname":"getCryptoMaps","produces":["application/xml","application/json"],"parameters":[{"name":"context","description":"Global MSSP context","required":false,"type":"integer","format":"int32","paramType":"query","allowMultiple":false,"allowableValues":""},{"name":"id","description":"Revision ID","required":true,"type":"integer","format":"int32","paramType":"path","allowMultiple":false,"allowableValues":""}]}]},{"path":"/devices/{id:[0-9]+}/crypto_maps","operations":[{"baseURL":"/securetrack/api","method":"GET","summary":"Get Cisco cryptographic maps by device","notes":"","examples":["https://192.168.1.1/securetrack/api/devices/19/crypto_maps"],"position":"3","type":"crypto_maps","nickname":"getCryptoMaps","produces":["application/xml","application/json"],"parameters":[{"name":"context","description":"Global MSSP context","required":false,"type":"integer","format":"int32","paramType":"query","allowMultiple":false,"allowableValues":""},{"name":"id","description":"Device ID","required":true,"type":"integer","format":"int32","paramType":"path","allowMultiple":false,"allowableValues":""}]}]}],"models":{"SaApplicationDTO":{"id":"SaApplicationDTO","rootElement":"secure_app_application","description":"","properties":{"app_name":{"type":"string","description":"Application name","httpMethods":["GET"],"position":"9","allowableValues":""},"app_owner":{"type":"string","description":"Application owner","httpMethods":["GET"],"position":"10","allowableValues":""}}},"ParticipentingGatewaysDTO":{"id":"ParticipentingGatewaysDTO","rootElement":"participating_Gateways","description":"","properties":{"participating_gateway":{"type":"array","items":{"$ref":"ParticipentGatewayDTO"}}}},"AclDTO":{"id":"AclDTO","rootElement":"acl","description":"","required":["global","name","interfaces"],"properties":{"global":{"type":"boolean","description":"Is ACL global","httpMethods":["GET"],"position":"12","allowableValues":""},"name":{"type":"string","description":"Name for ACL","httpMethods":["GET"],"position":"10","allowableValues":""},"interfaces":{"type":"array","description":"Interfaces for ACL","items":{"$ref":"InterfaceDTO"},"httpMethods":["GET"],"position":"11","allowableValues":""}}},"SecurityRuleListDTO":{"id":"SecurityRuleListDTO","rootElement":"rules","description":"","properties":{"rule":{"type":"array","description":"Security rules","items":{"$ref":"SecurityRuleDTO"},"httpMethods":["GET"],"position":"9","allowableValues":""}}},"PolicyTargetDTO":{"id":"PolicyTargetDTO","rootElement":"installable_target","description":"","properties":{"device_id":{"type":"integer","format":"int32"},"firewall_id":{"type":"string"},"virtual_firewall_name":{"type":"string"}}},"CryptoMapEntryListDTO":{"id":"CryptoMapEntryListDTO","rootElement":"crypto_map_entries","description":"","properties":{}},"IpsecTunnelDTO":{"id":"IpsecTunnelDTO","rootElement":"ipsec_tunnel","description":"","required":["ipsec_tunnel_entries","local_address"],"properties":{"ipsec_tunnel_entries":{"description":"IPSec tunnel entries list","$ref":"IpsecTunnelEntryListDTO","httpMethods":["GET"],"position":"25","allowableValues":""},"local_address":{"type":"string","description":"IPSec tunnel local address","httpMethods":["GET"],"position":"26","allowableValues":""}}},"Comparator":{"id":"Comparator","description":"","properties":{}},"ManagementDomainPolicyDTO":{"id":"ManagementDomainPolicyDTO","rootElement":"policy","description":"","required":["itg_id","admin_domain","unique_active_in_itg","admin_domain_id","itg","name","id"],"properties":{"installable_target":{"type":"array","items":{"$ref":"PolicyTargetDTO"}},"itg_id":{"type":"integer","format":"int32","description":"Installation target group ID","httpMethods":["GET"],"position":"11","allowableValues":""},"admin_domain":{"type":"string","description":"Admin domain name","httpMethods":["GET"],"position":"15","allowableValues":""},"unique_active_in_itg":{"type":"boolean","description":"Unique active installation target group","httpMethods":["GET"],"position":"13","allowableValues":""},"admin_domain_id":{"type":"integer","format":"int64","description":"Admin domain ID","httpMethods":["GET"],"position":"14","allowableValues":""},"itg":{"type":"string","description":"Installation target group name","httpMethods":["GET"],"position":"12","allowableValues":""},"name":{"type":"string","description":"Name","httpMethods":["GET"],"position":"10","allowableValues":""},"id":{"type":"integer","format":"int64","description":"ID","httpMethods":["GET"],"position":"9","allowableValues":""}}},"WorkflowTicketStatusType[]":{"id":"WorkflowTicketStatusType[]","description":"","properties":{}},"IpsecTunnelEntryDTO":{"id":"IpsecTunnelEntryDTO","rootElement":"ipsec_tunnel_entry","description":"","required":["peers","vpn_rules"],"properties":{"peers":{"description":"IPSec tunnel crypto map entry peers list","$ref":"CryptoMapEntryPeerListDTO","httpMethods":["GET"],"position":"28","allowableValues":""},"vpn_rules":{"description":"IPSec tunnel VPN rules list","$ref":"SecurityRuleListDTO","httpMethods":["GET"],"position":"29","allowableValues":""}},"subTypes":["SecurityRuleListDTO"]},"SatelliteGatewayDTO":{"id":"SatelliteGatewayDTO","rootElement":"satellite_gateway","description":"","properties":{"ip":{"type":"string"},"subnetsBehindGateway":{"$ref":"SubnetsBehindGatewayDTO"},"name":{"type":"string"},"id":{"type":"integer","format":"int64"}}},"IpsecSatellitesRouting[]":{"id":"IpsecSatellitesRouting[]","description":"","properties":{}},"BindingDTO":{"id":"BindingDTO","rootElement":"binding","description":"","required":["direction","policy","from_zone","to_zone","acl","rule_count","policy_map_name","security_rule_count","nat_stage","default","postnat_iface","prenat_iface"],"properties":{"uid":{"type":"string"},"direction":{"type":"string","description":"Direction of rule set","httpMethods":["GET"],"position":"18","allowableValues":""},"policy":{"description":"Management policy for rule set","$ref":"ManagementPolicyDTO","httpMethods":["GET"],"position":"13","allowableValues":""},"from_zone":{"type":"array","description":"Source zones of rule set","items":{"$ref":"PolicyZoneDTO"},"httpMethods":["GET"],"position":"11","allowableValues":""},"to_zone":{"type":"array","description":"Destination zones of rule set","items":{"$ref":"PolicyZoneDTO"},"httpMethods":["GET"],"position":"12","allowableValues":""},"ip_type":{"$ref":"IpType"},"acl":{"description":"ACL for rule set","$ref":"AclDTO","httpMethods":["GET"],"position":"9","allowableValues":""},"rule_count":{"type":"integer","format":"int32","description":"Number of rules for this rule set","httpMethods":["GET"],"position":"16","allowableValues":""},"nat_type":{"type":"string","description":"Junos SRX NAT only - Type of NAT used [SOURCE, DESTINATION, STATIC_DESTINATION, STATIC_SOURCE]","httpMethods":["GET"],"position":"23","allowableValues":""},"from_collection":{"type":"string","description":"Junos SRX NAT only - A group of sources for the NAT rule-set [Interface, Zone, Routing Instance]","httpMethods":["GET"],"position":"24","allowableValues":""},"to_collection":{"type":"string","description":"Junos SRX NAT only - A group of destinations for the NAT rule-set [Interface, Zone, Routing Instance]","httpMethods":["GET"],"position":"25","allowableValues":""},"device_policy_id":{"type":"integer","format":"int64","description":"StoneSoft only","httpMethods":["GET"],"position":"23","allowableValues":""},"policy_map_name":{"type":"string","description":"Policy map name of rule set","httpMethods":["GET"],"position":"14","allowableValues":""},"security_rule_count":{"type":"integer","format":"int32","description":"Number of security rules for this rule set","httpMethods":["GET"],"position":"17","allowableValues":""},"nat_stage":{"type":"string","description":"NAT stage for rule set","httpMethods":["GET"],"position":"19","allowableValues":""},"default":{"type":"boolean","description":"Is default rule set","httpMethods":["GET"],"position":"20","allowableValues":""},"postnat_iface":{"type":"string","description":"External interfaces for rule set","httpMethods":["GET"],"position":"22","allowableValues":""},"prenat_iface":{"type":"string","description":"Internal interfaces for rule set","httpMethods":["GET"],"position":"21","allowableValues":""},"from_type":{"type":"string","description":"Junos SRX NAT only - Type of source for rule-set [Interface, Zone, Routing Instance]","httpMethods":["GET"],"position":"26","allowableValues":""},"to_type":{"type":"string","description":"Junos SRX NAT only - Type of destination for rule-set [Interface, Zone, Routing Instance]","httpMethods":["GET"],"position":"27","allowableValues":""},"cloudSecurityGroupDTO":{"$ref":"CloudSecurityGroupDTO"}},"subTypes":["DirectionalSecurityGroupBindingDTO"]},"LinkDTO":{"id":"LinkDTO","description":"","required":["@href"],"properties":{"@href":{"type":"string","description":"The location of the referenced object","httpMethods":["GET"],"allowableValues":""}}},"SatelliteGatewaysDTO":{"id":"SatelliteGatewaysDTO","rootElement":"satellite_gateways","description":"","properties":{"satellite_gateway":{"type":"array","items":{"$ref":"SatelliteGatewayDTO"}}}},"InterfaceIpListDTO":{"id":"InterfaceIpListDTO","rootElement":"interface_ips","description":"","required":["interface_ip"],"properties":{"interface_ip":{"type":"array","description":"Interface IPs","items":{"$ref":"InterfaceIpDTO"},"httpMethods":["GET"],"position":"9","allowableValues":""}}},"RuleTrackDTO":{"id":"RuleTrackDTO","rootElement":"track","description":"","required":["interval","level"],"properties":{"interval":{"type":"string","description":"Tracking interval of rule","httpMethods":["GET"],"position":"11","allowableValues":""},"level":{"type":"string","description":"Tracking level of rule","httpMethods":["GET"],"position":"10","allowableValues":""}}},"SecurityRuleDTO":{"id":"SecurityRuleDTO","rootElement":"rule","description":"","required":["src_networks_negated","dest_networks_negated","src_services_negated","dest_services_negated","uid","binding","cp_uid","order","id"],"properties":{"src_networks_negated":{"type":"boolean","description":"Negated source networks","httpMethods":["GET"],"position":"28","allowableValues":""},"dest_networks_negated":{"type":"boolean","description":"Negated destination networks","httpMethods":["GET"],"position":"29","allowableValues":""},"src_services_negated":{"type":"boolean","description":"Negated source services","httpMethods":["GET"],"position":"30","allowableValues":""},"dest_services_negated":{"type":"boolean","description":"Negated destination services","httpMethods":["GET"],"position":"31","allowableValues":""},"rule_location_display":{"type":"string","description":"Rule Location Display","httpMethods":["GET"],"position":"36","allowableValues":""},"associatedNatRule":{"description":"NAT rule","$ref":"NatRuleDTO","httpMethods":["GET"],"position":"35","allowableValues":""},"src_zone_any":{"type":"boolean","description":"is source zone any ","httpMethods":["GET"],"position":"43","allowableValues":""},"dst_zone_any":{"type":"boolean","description":"is destination zone any ","httpMethods":["GET"],"position":"44","allowableValues":""},"external":{"type":"boolean","description":"Is external","httpMethods":["GET"],"position":"14","allowableValues":""},"src_network":{"type":"array","description":"Source networks","items":{"$ref":"ObjectReferenceDTO"},"httpMethods":["GET"],"position":"15","allowableValues":""},"dst_network":{"type":"array","description":"Destination networks","items":{"$ref":"ObjectReferenceDTO"},"httpMethods":["GET"],"position":"16","allowableValues":""},"src_service":{"type":"array","description":"Source services","items":{"$ref":"ObjectReferenceDTO"},"httpMethods":["GET"],"position":"17","allowableValues":""},"dst_service":{"type":"array","description":"Destination services","items":{"$ref":"ObjectReferenceDTO"},"httpMethods":["GET"],"position":"18","allowableValues":""},"textual_rep":{"type":"string","description":"the textual representation of this rule","httpMethods":["GET"],"position":"45","allowableValues":""},"application":{"type":"array","description":"Applications","items":{"$ref":"ObjectReferenceDTO"},"httpMethods":["GET"],"position":"19","allowableValues":""},"users":{"type":"array","description":"Users","items":{"$ref":"ObjectReferenceDTO"},"httpMethods":["GET"],"position":"23","allowableValues":""},"documentation":{"description":"Rule documentation","$ref":"RuleDocumentationDTO","httpMethods":["GET"],"position":"27","allowableValues":""},"rule_location":{"type":"string","description":"Rule Location","httpMethods":["GET"],"position":"35","allowableValues":""},"rule_number":{"type":"integer","format":"int64","description":"Rule number","httpMethods":["GET"],"position":"10","allowableValues":""},"disabled":{"type":"boolean","description":"Is disabled","httpMethods":["GET"],"position":"14","allowableValues":""},"src_zone":{"type":"array","description":"source zones","items":{"type":"String"},"httpMethods":["GET"],"position":"41","allowableValues":""},"dst_zone":{"type":"array","description":"destination zones","items":{"type":"String"},"httpMethods":["GET"],"position":"42","allowableValues":""},"install":{"type":"array","description":"Installed-ons","items":{"$ref":"ObjectReferenceDTO"},"httpMethods":["GET"],"position":"22","allowableValues":""},"track":{"description":"Rule tracking infomation","$ref":"RuleTrackDTO","httpMethods":["GET"],"position":"13","allowableValues":""},"user_access":{"type":"array","description":"User access","items":{"$ref":"ObjectReferenceDTO"},"httpMethods":["GET"],"position":"24","allowableValues":""},"rule_type":{"type":"string","description":"rule_type","httpMethods":["GET"],"position":"39","allowableValues":""},"vpn":{"type":"array","description":"VPN","items":{"$ref":"ObjectReferenceDTO"},"httpMethods":["GET"],"position":"21","allowableValues":""},"implicit":{"type":"boolean","description":"Is implicit","httpMethods":["GET"],"position":"14","allowableValues":""},"acceleration_breaker":{"type":"boolean","description":"Acceleration breaker","httpMethods":["GET"],"position":"37","allowableValues":""},"authentication_rule":{"type":"boolean","description":"Authentication rule","httpMethods":["GET"],"position":"38","allowableValues":""},"fmg_from_zone":{"type":"string","description":"Fortimanager source zone","httpMethods":["GET"],"position":"32","allowableValues":""},"fmg_to_zone":{"type":"string","description":"Fortimanager destination zone","httpMethods":["GET"],"position":"33","allowableValues":""},"sub_policy":{"type":"string","description":"Sub policy","httpMethods":["GET"],"position":"34","allowableValues":""},"time":{"type":"array","description":"Time","items":{"$ref":"ObjectReferenceDTO"},"httpMethods":["GET"],"position":"20","allowableValues":""},"comment":{"type":"string","description":"Comment","httpMethods":["GET"],"position":"11","allowableValues":""},"option":{"type":"array","description":"Options","items":{"type":"String"},"httpMethods":["GET"],"position":"26","allowableValues":""},"action":{"type":"string","description":"Rule action","httpMethods":["GET"],"position":"12","allowableValues":""},"name":{"type":"string","description":"Name","httpMethods":["GET"],"position":"9","allowableValues":""},"uid":{"type":"string","description":"The UID of the rule","httpMethods":["GET"],"position":"13","allowableValues":""},"device_id":{"type":"integer","format":"int32","description":"The device ID for this rule","httpMethods":["GET"],"position":"11","allowableValues":""},"binding":{"type":"array","description":"The bindings of the rule","items":{"$ref":"BindingDTO"},"httpMethods":["GET"],"position":"15","allowableValues":""},"cp_uid":{"type":"string","description":"The CheckPoint UID of the rule","httpMethods":["GET"],"position":"16","allowableValues":""},"order":{"type":"integer","format":"int32","description":"The Order of the rule","httpMethods":["GET"],"position":"14","allowableValues":""},"id":{"type":"string","description":"The ID of the rule","httpMethods":["GET"],"position":"12","allowableValues":""}}},"TranslationNatRuleDTO":{"id":"TranslationNatRuleDTO","rootElement":"nat_rule","description":"","required":["binding"],"properties":{"ruleNumber":{"type":"integer","format":"int32"},"disabled":{"type":"boolean"},"nat_type":{"type":"string"},"install":{"type":"array","description":"Install-ons for rule","items":{"$ref":"ObjectReferenceDTO"},"httpMethods":["GET"],"position":"16","allowableValues":""},"enable_net4tonet6":{"type":"boolean","description":"Enabled IPv4 to IPv6 translation","httpMethods":["GET"],"position":"18","allowableValues":""},"enable_route_lookup":{"type":"boolean","description":"Enabled route lookup","httpMethods":["GET"],"position":"19","allowableValues":""},"autoNat":{"type":"boolean"},"routing_instance":{"$ref":"RoutingInstanceDTO"},"orig_service":{"type":"array","description":"Original services for rule","items":{"$ref":"ObjectReferenceDTO"},"httpMethods":["GET"],"position":"13","allowableValues":""},"egress_interface":{"type":"array","description":"Outgoing interfaces for rule","items":{"$ref":"InterfaceDTO"},"httpMethods":["GET"],"position":"15","allowableValues":""},"srcNatMethod":{"type":"string"},"dstNatMethod":{"type":"string"},"serviceNatMethod":{"type":"string"},"set_name":{"type":"string"},"comment":{"type":"string"},"name":{"type":"string"},"uid":{"type":"string"},"binding":{"type":"array","description":"Bindings list for NAT rule","items":{"$ref":"BindingDTO"},"httpMethods":["GET"],"position":"9","allowableValues":""},"order":{"type":"integer","format":"int32"},"id":{"type":"string"}}},"InterfaceIpDTO":{"id":"InterfaceIpDTO","rootElement":"interface_ip","description":"","required":["ip","netmask"],"properties":{"ip":{"type":"string","description":"IP address of interface","httpMethods":["GET"],"position":"9","allowableValues":""},"netmask":{"type":"string","description":"Network mask of interface","httpMethods":["GET"],"position":"10","allowableValues":""},"visibility":{"type":"string","description":"ip visibility (private/public)","httpMethods":["GET"],"position":"11","allowableValues":""},"precedence":{"type":"string","description":"ip precedence (primary/secondary)","httpMethods":["GET"],"position":"12","allowableValues":""},"vendorAttachmentPolicy":{"type":"string","description":"ip vendor attachment policy","httpMethods":["GET"],"position":"13","allowableValues":""}}},"BasicInterfaceDTO":{"id":"BasicInterfaceDTO","rootElement":"interface","description":"","required":["name"],"properties":{"name":{"type":"string","description":"The name of the object","httpMethods":["GET"],"position":"9","allowableValues":""}},"subTypes":["InterfaceDTO"]},"WorkflowTicketStatusType":{"id":"WorkflowTicketStatusType","description":"","properties":{}},"IpsecCommunityType[]":{"id":"IpsecCommunityType[]","description":"","properties":{}},"DirectionalSecurityGroupBindingDTO":{"id":"DirectionalSecurityGroupBindingDTO","rootElement":"binding","description":"","required":["direction","policy","from_zone","to_zone","acl","rule_count","policy_map_name","security_rule_count","nat_stage","default","postnat_iface","prenat_iface"],"properties":{"uid":{"type":"string"},"direction":{"type":"string","description":"Direction of rule set","httpMethods":["GET"],"position":"18","allowableValues":""},"policy":{"description":"Management policy for rule set","$ref":"ManagementPolicyDTO","httpMethods":["GET"],"position":"13","allowableValues":""},"from_zone":{"type":"array","description":"Source zones of rule set","items":{"$ref":"PolicyZoneDTO"},"httpMethods":["GET"],"position":"11","allowableValues":""},"to_zone":{"type":"array","description":"Destination zones of rule set","items":{"$ref":"PolicyZoneDTO"},"httpMethods":["GET"],"position":"12","allowableValues":""},"ip_type":{"$ref":"IpType"},"acl":{"description":"ACL for rule set","$ref":"AclDTO","httpMethods":["GET"],"position":"9","allowableValues":""},"rule_count":{"type":"integer","format":"int32","description":"Number of rules for this rule set","httpMethods":["GET"],"position":"16","allowableValues":""},"nat_type":{"type":"string","description":"Junos SRX NAT only - Type of NAT used [SOURCE, DESTINATION, STATIC_DESTINATION, STATIC_SOURCE]","httpMethods":["GET"],"position":"23","allowableValues":""},"from_collection":{"type":"string","description":"Junos SRX NAT only - A group of sources for the NAT rule-set [Interface, Zone, Routing Instance]","httpMethods":["GET"],"position":"24","allowableValues":""},"to_collection":{"type":"string","description":"Junos SRX NAT only - A group of destinations for the NAT rule-set [Interface, Zone, Routing Instance]","httpMethods":["GET"],"position":"25","allowableValues":""},"device_policy_id":{"type":"integer","format":"int64","description":"StoneSoft only","httpMethods":["GET"],"position":"23","allowableValues":""},"policy_map_name":{"type":"string","description":"Policy map name of rule set","httpMethods":["GET"],"position":"14","allowableValues":""},"security_rule_count":{"type":"integer","format":"int32","description":"Number of security rules for this rule set","httpMethods":["GET"],"position":"17","allowableValues":""},"nat_stage":{"type":"string","description":"NAT stage for rule set","httpMethods":["GET"],"position":"19","allowableValues":""},"default":{"type":"boolean","description":"Is default rule set","httpMethods":["GET"],"position":"20","allowableValues":""},"postnat_iface":{"type":"string","description":"External interfaces for rule set","httpMethods":["GET"],"position":"22","allowableValues":""},"prenat_iface":{"type":"string","description":"Internal interfaces for rule set","httpMethods":["GET"],"position":"21","allowableValues":""},"from_type":{"type":"string","description":"Junos SRX NAT only - Type of source for rule-set [Interface, Zone, Routing Instance]","httpMethods":["GET"],"position":"26","allowableValues":""},"to_type":{"type":"string","description":"Junos SRX NAT only - Type of destination for rule-set [Interface, Zone, Routing Instance]","httpMethods":["GET"],"position":"27","allowableValues":""},"cloudSecurityGroupDTO":{"$ref":"CloudSecurityGroupDTO"}}},"CloudSecurityGroupDTO":{"id":"CloudSecurityGroupDTO","description":"","required":["access_allowed","exclusion","member","nat_info","uid","device_id","deviceName","application_id","global","comment","display_name","name","id","class_name"],"properties":{"access_allowed":{"type":"boolean","description":"access allowed","httpMethods":["GET","POST","PUT"],"position":"13","allowableValues":""},"exclusion":{"type":"array","description":"The exclusions","items":{"$ref":"ObjectReferenceDTO"},"position":"12","allowableValues":""},"member":{"type":"array","description":"The members","items":{"$ref":"ObjectReferenceDTO"},"httpMethods":["GET","POST","PUT"],"position":"11","allowableValues":""},"type_on_device":{"type":"string","description":"type on device","allowableValues":""},"domain_name":{"type":"string"},"management_domain":{"type":"string"},"overrides":{"type":"boolean","description":"Original value override, applicable only for Panorama NG","allowableValues":""},"any_zone":{"type":"boolean"},"nat_info":{"description":"NAT info for the network object","$ref":"NatInfoDTO","position":"10","allowableValues":""},"implicit":{"type":"boolean"},"uid":{"type":"string","description":"The uid of the device object","position":"6","allowableValues":""},"device_id":{"type":"integer","format":"int32","description":"The device ID of the device object","position":"6","allowableValues":""},"deviceName":{"type":"string","description":"Device name for device object","position":"9","allowableValues":""},"application_id":{"type":"integer","format":"int64","description":"Application ID of the device object","position":"8","allowableValues":""},"global":{"type":"boolean","description":"Is a global device object","httpMethods":["GET"],"position":"5","allowableValues":""},"comment":{"type":"string","description":"The comment of the device object","httpMethods":["GET","POST","PUT"],"position":"7","allowableValues":""},"display_name":{"type":"string","description":"The display name of the device object","httpMethods":["GET"],"position":"2","allowableValues":""},"name":{"type":"string","description":"The name of the device object","httpMethods":["GET","POST","PUT"],"position":"1","allowableValues":""},"id":{"type":"string","description":"The ID of the device object","httpMethods":["GET","PUT"],"allowableValues":""},"class_name":{"type":"string","description":"The class name of the device object","position":"3","allowableValues":""}}},"CryptoMapEntryDTO":{"id":"CryptoMapEntryDTO","rootElement":"crypto_map_entry","description":"","required":["ACL","peers","seq_number","attached_dynamic_crypto_map","id"],"properties":{"ACL":{"type":"string","description":"ACL","position":"3","allowableValues":""},"peers":{"description":"peers","$ref":"CryptoMapEntryPeerListDTO","position":"4","allowableValues":""},"seq_number":{"type":"integer","format":"int32","description":"seq_number","position":"1","allowableValues":""},"attached_dynamic_crypto_map":{"description":"attached_dynamic_crypto_map","$ref":"CryptoMapDTO","position":"2","allowableValues":""},"id":{"type":"integer","format":"int64","description":"crypto map entry object ID","allowableValues":""}}},"IpType":{"id":"IpType","description":"","properties":{"ipv4":{"type":"boolean"},"ipv6":{"type":"boolean"}}},"IpsecCommunityType":{"id":"IpsecCommunityType","description":"","properties":{}},"RoutingInstanceDTO":{"id":"RoutingInstanceDTO","rootElement":"routing_instance","description":"","properties":{"name":{"type":"string"},"interfaces":{"$ref":"InterfaceListDTO"},"id":{"type":"integer","format":"int64"}}},"ManagementPolicyDTO":{"id":"ManagementPolicyDTO","rootElement":"policy","description":"","required":["itg_id","admin_domain","unique_active_in_itg","admin_domain_id","itg","name","id"],"properties":{"itg_id":{"type":"integer","format":"int32","description":"Installation target group ID","httpMethods":["GET"],"position":"11","allowableValues":""},"admin_domain":{"type":"string","description":"Admin domain name","httpMethods":["GET"],"position":"15","allowableValues":""},"unique_active_in_itg":{"type":"boolean","description":"Unique active installation target group","httpMethods":["GET"],"position":"13","allowableValues":""},"admin_domain_id":{"type":"integer","format":"int64","description":"Admin domain ID","httpMethods":["GET"],"position":"14","allowableValues":""},"itg":{"type":"string","description":"Installation target group name","httpMethods":["GET"],"position":"12","allowableValues":""},"name":{"type":"string","description":"Name","httpMethods":["GET"],"position":"10","allowableValues":""},"id":{"type":"integer","format":"int64","description":"ID","httpMethods":["GET"],"position":"9","allowableValues":""}},"subTypes":["ManagementDomainPolicyDTO"]},"ParticipentGatewayDTO":{"id":"ParticipentGatewayDTO","rootElement":"participating_Gateway","description":"","properties":{"ip":{"type":"string"},"subnetsBehindGateway":{"$ref":"SubnetsBehindGatewayDTO"},"name":{"type":"string"},"id":{"type":"integer","format":"int64"}}},"SectionNatRuleDTO":{"id":"SectionNatRuleDTO","rootElement":"nat_rule","description":"","required":["binding"],"properties":{"header":{"type":"string"},"uid":{"type":"string"},"binding":{"type":"array","description":"Bindings list for NAT rule","items":{"$ref":"BindingDTO"},"httpMethods":["GET"],"position":"9","allowableValues":""},"order":{"type":"integer","format":"int32"},"id":{"type":"string"}}},"InterfaceDTO":{"id":"InterfaceDTO","rootElement":"interface","description":"","required":["direction","global","device_id","interface_ips","acl_name","id","name"],"properties":{"direction":{"type":"string","description":"The direction of the interface","httpMethods":["GET"],"position":"12","allowableValues":""},"global":{"type":"boolean","description":"Is a global interface","httpMethods":["GET"],"position":"12","allowableValues":""},"device_id":{"type":"integer","format":"int32","description":"Device ID for interface","httpMethods":["GET"],"position":"9","allowableValues":""},"interface_ips":{"description":"List of interfaces IPs","$ref":"InterfaceIpListDTO","httpMethods":["GET"],"position":"10","allowableValues":""},"acl_name":{"type":"string","description":"ACL name of the interface","httpMethods":["GET"],"position":"13","allowableValues":""},"id":{"type":"integer","format":"int64","description":"The ID of interface","httpMethods":["GET"],"position":"11","allowableValues":""},"name":{"type":"string","description":"The name of the object","httpMethods":["GET"],"position":"9","allowableValues":""}}},"IpsecTunnelEntryListDTO":{"id":"IpsecTunnelEntryListDTO","rootElement":"ipsec_tunnel_entries","description":"","required":["ipsec_tunnel_entry"],"properties":{"ipsec_tunnel_entry":{"type":"array","description":"IPSec tunnel entries list","items":{"$ref":"IpsecTunnelEntryDTO"},"httpMethods":["GET"],"position":"27","allowableValues":""}}},"NatRuleDTO":{"id":"NatRuleDTO","rootElement":"nat_rule","description":"","required":["binding"],"properties":{"uid":{"type":"string"},"binding":{"type":"array","description":"Bindings list for NAT rule","items":{"$ref":"BindingDTO"},"httpMethods":["GET"],"position":"9","allowableValues":""},"order":{"type":"integer","format":"int32"},"id":{"type":"string"}},"subTypes":["TranslationNatRuleDTO","SectionNatRuleDTO"]},"RuleDocumentationDTO":{"id":"RuleDocumentationDTO","rootElement":"rule_documentation","description":"","required":["violation","tech_owner","legacy_rule","record_set","permissiveness_level","shadowed","secure_app_application","comment"],"properties":{"violation":{"type":"array","description":"List of violations for this rule","items":{"$ref":"ViolationMetadataDTO"},"httpMethods":["GET"],"position":"24","allowableValues":""},"tech_owner":{"type":"string","description":"The techinal owner","httpMethods":["GET"],"position":"11","allowableValues":""},"legacy_rule":{"type":"boolean","description":"The rule advanced options","httpMethods":["GET"],"position":"18","allowableValues":""},"record_set":{"type":"array","description":"Documentation records for this rule","items":{"$ref":"RuleDocumentationRecordDTO"},"httpMethods":["GET"],"position":"13","allowableValues":""},"last_hit":{"type":"string","description":" The date of rule last hit","httpMethods":["GET"],"position":"23","allowableValues":""},"permissiveness_level":{"type":"string","description":"The rule permissiveness score","httpMethods":["GET"],"position":"20","allowableValues":""},"shadowed":{"type":"string","description":"The rule shadowed status","httpMethods":["GET"],"position":"17","allowableValues":""},"secure_app_application":{"type":"array","description":"SecureApp applications for this rule","items":{"$ref":"SaApplicationDTO"},"httpMethods":["GET"],"position":"16","allowableValues":""},"comment":{"type":"string","description":"The rule comment","httpMethods":["GET"],"position":"12","allowableValues":""},"last_modified":{"type":"string","description":"The date this rule was last modified","httpMethods":["GET"],"position":"22","allowableValues":""}},"subTypes":["RuleDocumentationRecordDTO"]},"CryptoMapEntryPeerListDTO":{"id":"CryptoMapEntryPeerListDTO","rootElement":"peers","description":"","required":["ip"],"properties":{"ip":{"type":"array","description":"IPSec tunnel crypto map peers\u0027 list of IPs","items":{"type":"String"},"httpMethods":["GET"],"position":"30","allowableValues":""}}},"IpType[]":{"id":"IpType[]","description":"","properties":{}},"IpsecSatellitesRouting":{"id":"IpsecSatellitesRouting","description":"","properties":{}},"RuleDocumentationRecordDTO":{"id":"RuleDocumentationRecordDTO","description":"","required":["ticketCr","expireDate","businessOwnerName","businessOwnerEmail","ticketStatus","id"],"properties":{"ticketCr":{"type":"string","description":"Ticket information for rule","httpMethods":["GET"],"position":"10","allowableValues":""},"expireDate":{"type":"string","format":"date-time","description":"Expiration date for rule","httpMethods":["GET"],"position":"11","allowableValues":""},"businessOwnerName":{"type":"string","description":"Business owner name for rule","httpMethods":["GET"],"position":"13","allowableValues":""},"businessOwnerEmail":{"type":"string","description":"Business owner Email address for rule","httpMethods":["GET"],"position":"14","allowableValues":""},"ticketOrigin":{"type":"string","description":"Ticketing system source of the specified ID. Supported values: \u0027scw\u0027","httpMethods":["GET"],"position":"16","allowableValues":""},"ticketStatus":{"description":"Workflow ticket status for rule","$ref":"WorkflowTicketStatusType","httpMethods":["GET"],"position":"15","allowableValues":""},"id":{"type":"integer","format":"int64","description":"Rule documentation ID","httpMethods":["GET"],"position":"9","allowableValues":""}}},"CryptoMapDTO":{"id":"CryptoMapDTO","rootElement":"crypto_map","description":"","required":["UID","display_name","name","id","class_name"],"properties":{"UID":{"type":"string","description":"UID","position":"4","allowableValues":""},"display_name":{"type":"string","description":"display_name","position":"2","allowableValues":""},"name":{"type":"string","description":"name","position":"1","allowableValues":""},"id":{"type":"integer","format":"int64","description":"crypto map object ID","allowableValues":""},"crypto_map_entries":{"$ref":"CryptoMapEntryListDTO"},"class_name":{"type":"string","description":"class_name","position":"3","allowableValues":""}}},"IpsecCommunitieEntryDTO":{"id":"IpsecCommunitieEntryDTO","rootElement":"ipsec_community","description":"","properties":{"vpn_routing":{"$ref":"IpsecSatellitesRouting"},"disableNatOn":{"type":"string"},"participating_Gateways":{"$ref":"ParticipentingGatewaysDTO"},"satellite_gateways":{"$ref":"SatelliteGatewaysDTO"},"name":{"type":"string"},"type":{"$ref":"IpsecCommunityType"}}},"ObjectReferenceDTO":{"id":"ObjectReferenceDTO","description":"","required":["id"],"properties":{"uid":{"type":"string","description":"The unique identifier of the referenced object","httpMethods":["GET"],"position":"1","allowableValues":""},"member":{"type":"array","description":"List of references to a DM_INLINE group members","items":{"$ref":"ObjectReferenceDTO"},"position":"6","allowableValues":""},"display_name":{"type":"string","description":"The display name of the referenced object","httpMethods":["GET"],"position":"2","allowableValues":""},"link":{"description":"The data structure that contains the href tag, which sets the location of the referenced object in the SecureApp database","$ref":"LinkDTO","httpMethods":["GET"],"position":"5","allowableValues":""},"name":{"type":"string","description":"The name of the referenced object","httpMethods":["GET"],"position":"3","allowableValues":""},"id":{"type":"string","description":"ID","httpMethods":["GET","POST","PUT"],"allowableValues":""},"type":{"type":"string","description":"The type of the referenced object","httpMethods":["GET"],"position":"4","allowableValues":""}}},"PolicyZoneDTO":{"id":"PolicyZoneDTO","rootElement":"zone","description":"","required":["global","id","name"],"properties":{"global":{"type":"boolean","description":"Is a global zone","httpMethods":["GET"],"position":"10","allowableValues":""},"id":{"type":"integer","format":"int64","description":"ID of the zone","httpMethods":["GET"],"position":"9","allowableValues":""},"name":{"type":"string","description":"The name of the object","httpMethods":["GET"],"position":"9","allowableValues":""}}},"InterfaceListDTO":{"id":"InterfaceListDTO","rootElement":"interfaces","description":"","properties":{"interface":{"type":"array","description":"interfaces list","items":{"$ref":"BasicInterfaceDTO"},"httpMethods":["GET"],"position":"9","allowableValues":""}}},"IpsecCommunitiesDTO":{"id":"IpsecCommunitiesDTO","rootElement":"ipsec_communities","description":"","required":["ipsec_community"],"properties":{"ipsec_community":{"type":"array","description":"","items":{"$ref":"IpsecCommunitieEntryDTO"},"httpMethods":["GET"],"position":"25","allowableValues":""}}},"crypto_maps":{"id":"crypto_maps","rootElement":"crypto_maps","required":["crypto_map"],"properties":{"crypto_map":{"type":"array","items":{"$ref":"CryptoMapDTO"}}}},"ViolationMetadataDTO":{"id":"ViolationMetadataDTO","description":"","required":["name","type"],"properties":{"name":{"type":"string","description":"The name of the violation","httpMethods":["GET"],"position":"1","allowableValues":""},"type":{"type":"string","description":"The type of the violation","httpMethods":["GET"],"position":"1","allowableValues":""}}}}}