{"apiVersion":"1.0.0","resourcePath":"/LDAP","apis":[{"path":"/ldap/getBaseDNEntry","operations":[{"baseURL":"/securetrack/api","method":"GET","summary":"Get the base DN entry details","notes":"The returned \"base DN\" is used by GetEntriesByNames API as the search start entry.","examples":["https://192.168.1.1/securetrack/api/ldap/getBaseDNEntry||{\n\t\"ldap_entry\": {\n\t\t\"dn\": \"DC\u003dtufintest,DC\u003dcom\",\n\t\t\"uid\": \"nABbRP/lPUKlteNRI4j6iA\u003d\u003d\"\n\t}\n}"],"position":"","type":"LdapEntry","nickname":"getBaseDNEntry","produces":["application/xml","application/json"],"parameters":[],"responseMessages":[{"code":200,"message":"OK"},{"code":404,"message":"Base Entry cannot be found"},{"code":501,"message":"LDAP server is not configured"},{"code":503,"message":"No connection to LDAP server"}]}]},{"path":"/ldap/getEntryByDN","operations":[{"baseURL":"/securetrack/api","method":"GET","summary":"Get LDAP entry details by DN","notes":"Returns the UID, DN and Name of a LDAP entry specified by the DN.","examples":["https://192.168.1.1/securetrack/api/ldap/getEntryByDN?dn\u003dCN\u003dManufacturing,OU\u003dRSA_Demo,DC\u003dtufintest,DC\u003dcom||{\n\t\"ldap_entry\": {\n\t\t\"uid\": \"mYbWQms7p0q5YinEyW5Byw\u003d\u003d\",\n\t\t\"dn\": \"CN\u003dManufacturing,OU\u003dRSA_Demo,DC\u003dtufintest,DC\u003dcom\",\n\t\t\"name\": \"Manufacturing\"\n\t}\n}"],"position":"1","type":"LdapEntry","nickname":"getEntryByDN","produces":["application/xml","application/json"],"parameters":[{"name":"dn","description":"LDAP DN","required":true,"type":"string","paramType":"query","allowMultiple":false,"allowableValues":""}],"responseMessages":[{"code":200,"message":"OK"},{"code":400,"message":"Invalid DN format"},{"code":404,"message":"Entry matching the DN cannot be found"},{"code":501,"message":"LDAP server is not configured"},{"code":503,"message":"No connection to LDAP server"}]}]},{"path":"/ldap/getEntriesByNames","operations":[{"baseURL":"/securetrack/api","method":"POST","summary":"Return entries that exactly match one of the given strings","notes":"Return list of LDAP entries which match the exact given multiple search_text.","examples":["https://192.168.1.1/securetrack/api/ldap/getEntriesByNames|{\n\t\"search_by_name_criteria\": {\n\t\t\"search_texts\": {\n\t\t\t\"search_text\": \"Finance\",\n\t\t\t\"search_text\": \"Marketing\",\n\t\t\t\"search_text\": \"Management\"\n\t\t},\n\t\t\"ldap_entry_types\": {\n\t\t\t\"ldap_entry_type\": \"GROUP\"\n\t\t},\n\t\t\"max_search_result\": \"20\"\n\t}\n}|{\n\t\"search_result\": {\n\t\t\"ldap_entries\": {\n\t\t\t\"ldap_entry\": {\n\t\t\t\t\"@xsi.type\": \"LdapGroup\",\n\t\t\t\t\"dn\": \"CN\u003dFinance,OU\u003dSecureTrack,DC\u003dtufintest,DC\u003dcom\",\n\t\t\t\t\"uid\": \"uOvJTpYRD0aTjEENA87N5A\u003d\u003d\",\n\t\t\t\t\"displayName\": \"Finance\"\n\t\t\t}\n\t\t\t\"ldap_entry\": {\n\t\t\t\t\"@xsi.type\": \"LdapGroup\",\n\t\t\t\t\"dn\": \"CN\u003dManagement,OU\u003dSecureTrack,DC\u003dtufintest,DC\u003dcom\",\n\t\t\t\t\"uid\": \"jdf778skfsgs730fksdHHs\u003d\u003d\",\n\t\t\t\t\"displayName\": \"Management\"\n\t\t\t}\n\t\t},\n\t\t\"has_more_results_to_return\": false\n\t}\n}"],"position":"3","type":"LdapSearchResult","nickname":"getEntriesByNames","produces":["application/xml","application/json"],"consumes":["application/xml","application/json"],"parameters":[{"name":"body","rootElement":"search_by_name_criteria","description":"Names to search","required":true,"type":"LdapSearchByNameCriteria","format":"","paramType":"body","allowMultiple":false,"allowableValues":""}],"responseMessages":[{"code":200,"message":"OK"},{"code":400,"message":"Bad request (one of the request fields has an illegal value)"},{"code":501,"message":"LDAP server is not configured"},{"code":503,"message":"No connection to LDAP server"}]}]},{"path":"/ldap/search","operations":[{"baseURL":"/securetrack/api","method":"POST","summary":"Return LDAP entries which match the given search criteria","notes":"Return list of LDAP entries which match the given search criteria according to the search mode (EXACT, CONTAINS, STARTS_WITH, ENDS_WITH).\u003cbr\u003eThe search is case insensitive.\u003cbr\u003eThe limit of max_search_result is 1000.","examples":["https://192.168.1.1/securetrack/api/ldap/search |{\n\t\"search_criteria\": {\n\t\t\"search_base_dn\": \"DC\u003dtufintest,DC\u003dcom\",\n\t\t\"search_text\": \"test\",\n\t\t\"ldap_search_options\": {\n\t\t\t\"ldap_entry_types\": {\n\t\t\t\t\"ldap_entry_type\": \"OU\",\n\t\t\t\t\"ldap_entry_type\": \"USER\"\n\t\t\t},\n\t\t\"search_mode\": \"CONTAINS\",\n\t\t\"max_search_result\": \"3\"\n\t}\n  }\n}|{\n\t\"search_result\": {\n\t\t\"ldap_entries\": {\n\t\t\t\"ldap_entry\": [\n\t\t\t{\n\t\t\t\t\"dn\": \"CN\u003dUser15ATTesting1,OU\u003dTesting1,OU\u003dnew OU,OU\u003dSC_Users,DC\u003dtufintest,DC\u003dcom\",\n\t\t\t\t\"uid\": \"ZRuKW3XqIEOIxCwlfgJQYA\u003d\u003d\",\n\t\t\t\t\"displayName\": \"User15ATTesting1\"\n\t\t\t},\n\t\t\t{\n\t\t\t\t\"dn\": \"CN\u003dIWAM_TEST2003,CN\u003dUsers,DC\u003dtufintest,DC\u003dcom\",\n\t\t\t\t\"uid\": \"bYVqqcZXsUSF51hiP4W7Yw\u003d\u003d\",\n\t\t\t\t\"displayName\": \"Testing1\"\n\t\t\t},\n\t\t\t{\n\t\t\t\t\"dn\": \"CN\u003dUser1ATTesting1,OU\u003dTesting1,OU\u003dnew OU,OU\u003dSC_Users,DC\u003dtufintest,DC\u003dcom\",\n\t\t\t\t\"uid\": \"2ma3TrgeHEWQDITwvcRqlg\u003d\u003d\",\n\t\t\t\t\"displayName\": \"test\"\n\t\t\t}\n\t\t\t]\n\t\t},\n\t\t\t\"has_more_results_to_return\": \"true\"\n\t\t}\n}"],"position":"2","type":"LdapSearchResult","nickname":"search","produces":["application/xml","application/json"],"consumes":["application/xml","application/json"],"parameters":[{"name":"body","rootElement":"search_criteria","description":"Search criteria","required":true,"type":"LdapSearchCriteria","format":"","paramType":"body","allowMultiple":false,"allowableValues":""}],"responseMessages":[{"code":200,"message":"OK"},{"code":400,"message":"Bad request (one of the request fields has an illegal or invalid value)"},{"code":501,"message":"LDAP server is not configured"},{"code":503,"message":"No connection to LDAP server"}]}]}],"models":{"LdapOu":{"id":"LdapOu","rootElement":"ldap_entry","description":"","properties":{"uid":{"type":"string"},"dn":{"type":"string"},"displayName":{"type":"string"}}},"LdapUser":{"id":"LdapUser","rootElement":"ldap_entry","description":"","properties":{"uid":{"type":"string"},"dn":{"type":"string"},"displayName":{"type":"string"}}},"LdapSearchResult":{"id":"LdapSearchResult","rootElement":"search_result","description":"","properties":{"ldap_entry":{"type":"array","description":"","items":{"$ref":"LdapEntry"},"allowableValues":""},"has_more_results_to_return":{"type":"boolean","description":"","position":"1","allowableValues":""}}},"LdapSearchByNameCriteria":{"id":"LdapSearchByNameCriteria","rootElement":"search_by_name_criteria","description":"","properties":{"ldap_entry_type":{"type":"array","description":"Ldap entry types: OU, GROUP","items":{"type":"String"},"position":"1","allowableValues":""},"search_text":{"type":"array","description":"free text to search","items":{"type":"String"},"allowableValues":""},"max_search_result":{"type":"integer","format":"int32","description":"How many LDAP entities to get in the result","position":"2","allowableValues":""}}},"LdapGroup":{"id":"LdapGroup","rootElement":"ldap_entry","description":"","properties":{"uid":{"type":"string"},"dn":{"type":"string"},"displayName":{"type":"string"}}},"LdapSearchCriteria":{"id":"LdapSearchCriteria","rootElement":"search_criteria","description":"","properties":{"ldap_search_options":{"description":"","$ref":"LdapSearchOptionsDTO","position":"2","allowableValues":""},"search_base_dn":{"type":"string","description":"Base DN entry to search from","allowableValues":""},"search_text":{"type":"string","description":"Free text search","position":"1","allowableValues":""}}},"LdapSearchOptionsDTO":{"id":"LdapSearchOptionsDTO","rootElement":"ldap_search_options","description":"","properties":{"search_depth":{"type":"string","description":"ONE - Search only immediate children that are exactly one level down in the hierarchy of the entry specified by the base DN, SUB - Search the entire subtree of the entry specified by the base DN. default value \u003d SUB","position":"2","allowableValues":"ONE, SUB"},"ldap_entry_type":{"type":"array","description":"Ldap entry types: OU - organization unit, GROUP","items":{"type":"String"},"allowableValues":"OU, GROUP"},"search_mode":{"type":"string","description":"search mode is relevant for free test search","position":"1","allowableValues":"EXACT, CONTAINS, STARTS_WITH, ENDS_WITH"},"max_search_result":{"type":"integer","format":"int32","description":"How many LDAP entities to get in the result","position":"3","allowableValues":""}}},"LdapEntry":{"id":"LdapEntry","rootElement":"ldap_entry","description":"","properties":{"uid":{"type":"string"},"dn":{"type":"string"},"displayName":{"type":"string"}},"subTypes":["LdapOu","LdapGroup","LdapUser"]}}}