{"apiVersion":"1.0.0","resourcePath":"/Monitored Devices","apis":[{"path":"/revisions/{id:[0-9]+}/config","operations":[{"baseURL":"/securetrack/api","method":"GET","summary":"Get textual configuration by revision","notes":"Returns textual configuration for the specified revision Id.\u003cbr\u003e","examples":["https://192.168.1.1/securetrack/api/revisions/227/config"],"position":"6","type":"string","nickname":"getRunningConfig","produces":["application/xml","application/json"],"parameters":[{"name":"context","description":"Global MSSP context","required":false,"type":"integer","format":"int32","paramType":"query","allowMultiple":false,"allowableValues":""},{"name":"id","description":"Revision id","required":true,"type":"integer","format":"int32","paramType":"path","allowMultiple":false,"allowableValues":""}]}]},{"path":"/generic_devices/","operations":[{"baseURL":"/securetrack/api","method":"GET","summary":"Get generic devices that are configured in ST","notes":"Returns a list of the generic devices included in all the domains that the user has permission to.\u003cbr\u003eUse context and/or name optional parameters to get more specific results.\u003cbr\u003eTo get context optional parameter, you can call /domains/ API and use the id included within the returned domain DTO.","examples":["https://192.168.1.1/securetrack/api/generic_devices"],"position":"","type":"GenericDeviceListDTO","nickname":"getGenericDevices","produces":["application/xml","application/json"],"parameters":[{"name":"context","description":"Global MSSP context","required":false,"type":"integer","format":"int32","paramType":"query","allowMultiple":false,"allowableValues":""},{"name":"name","description":"Generic device name","required":false,"type":"string","paramType":"query","allowMultiple":false,"allowableValues":""}]}]},{"path":"/tasks/add_device_config_task","operations":[{"baseURL":"/securetrack/api","method":"POST","summary":"Add configuration for offline device","notes":"Use below HTML code to create a form for setting device Id and uploading configuration file.\u003cbr\u003e\u003cbr\u003e\u0026lt;html\u0026gt;\u003cbr\u003e\u0026lt;head\u0026gt;\u003cbr\u003e\u0026nbsp;\u0026nbsp;\u0026nbsp;\u0026nbsp; \u0026lt;title\u0026gt;Testing Upload Offline Configuration\u0026lt;/title\u0026gt;\u003cbr\u003e\u0026lt;/head\u0026gt;\u003cbr\u003e\u0026lt;body\u0026gt;\u003cbr\u003e\u0026lt;h1\u0026gt;Upload Offline Configuration\"\u0026lt;/h1\u0026gt;\u003cbr\u003e\u003cbr\u003e\u0026lt;form method\u003d\"post\" action\u003d\"https://192.168.1.1/securetrack/api/tasks/add_device_config_task\" enctype\u003d\"multipart/form-data\"\u0026gt;\u003cbr\u003e\u0026nbsp;\u0026nbsp;\u0026nbsp;\u0026nbsp; \u0026lt;p\u0026gt;Device ID: \u0026lt;input type\u003d\"integer\" name\u003d\"device_id\"/\u0026gt;\u0026lt;/p\u0026gt;\u003cbr\u003e\u0026nbsp;\u0026nbsp;\u0026nbsp;\u0026nbsp; \u0026lt;p\u0026gt;Offline Configuration: \u0026lt;input type\u003d\"file\" name\u003d\"configuration_file\"/\u0026gt;\u0026lt;/p\u0026gt;\u003cbr\u003e\u0026nbsp;\u0026nbsp;\u0026nbsp;\u0026nbsp; \u0026lt;p\u0026gt;\u0026lt;input type\u003d\"submit\" name\u003d\"submit\" value\u003d\"Send\"/\u0026gt;\u0026lt;/p\u0026gt;\u003cbr\u003e\u0026nbsp;\u0026nbsp;\u0026nbsp;\u0026nbsp; \u0026lt;input type\u003d\"reset\"/\u0026gt;\u003cbr\u003e\u0026lt;/form\u0026gt;\u003cbr\u003e\u003cbr\u003e\u0026lt;/body\u0026gt;\u003cbr\u003e\u0026lt;/html\u0026gt;","examples":[""],"position":"3","type":"void","nickname":"addDeviceConfig","consumes":["multipart/form-data"],"parameters":[{"name":"device_id","description":"Device ID","required":true,"type":"integer","format":"int32","paramType":"body","allowMultiple":false,"allowableValues":""},{"name":"configuration_file","description":"Configuration File","required":true,"type":"attachment","paramType":"body","allowMultiple":false,"allowableValues":""}],"responseMessages":[{"code":200,"message":"Configuration added successfully."}]}]},{"path":"/devices/","operations":[{"baseURL":"/securetrack/api","method":"GET","summary":"Get devices","notes":"Returns the list of devices that are configured in SecureTrack, including the vendor, model, name, domain and device ID.\u003cbr\u003eThe results can be sorted by ip, name, vendor and model.\u003cbr\u003e","examples":["https://192.168.1.1/securetrack/api/devices","https://192.168.1.1/securetrack/api/devices?vendor\u003dVMware","https://192.168.1.1/securetrack/api/devices?sort\u003dip:asc"],"position":"","type":"DetailedDeviceListDTO","nickname":"getDevices","produces":["application/xml","application/json"],"parameters":[{"name":"context","description":"Global MSSP context","required":false,"type":"integer","format":"int32","paramType":"query","allowMultiple":false,"allowableValues":""},{"name":"name","description":"Device name","required":false,"type":"string","paramType":"query","allowMultiple":false,"allowableValues":""},{"name":"ip","description":"Device IP address","required":false,"type":"string","paramType":"query","allowMultiple":false,"allowableValues":""},{"name":"vendor","description":"Device vendor","required":false,"type":"string","paramType":"query","allowMultiple":false,"allowableValues":""},{"name":"model","description":"Device model","required":false,"type":"string","paramType":"query","allowMultiple":false,"allowableValues":""},{"name":"sort","description":"Sort ascending or descending allowable types are: asc or desc ","required":false,"type":"string","paramType":"query","allowMultiple":false,"allowableValues":""},{"name":"start","description":"Starting page for query allowable type is numeric","required":false,"type":"string","paramType":"query","allowMultiple":false,"allowableValues":""},{"name":"count","description":"Number of pages for query starting from starting page allowable type in numeric","required":false,"type":"string","paramType":"query","allowMultiple":false,"allowableValues":""}]},{"baseURL":"/securetrack/api","method":"POST","summary":"Add offline device","notes":"You can choose to select the domain either by name or id using the domain_id or domain_name tags.","examples":["https://192.168.1.1/securetrack/api/devices|\u0026lt;device\u0026gt;\n\t  \u0026lt;model\u0026gt;asa\u0026lt;/model\u0026gt; \n\t  \u0026lt;vendor\u0026gt;Cisco\u0026lt;/vendor\u0026gt;\n\t  \u0026lt;domain_id\u0026gt;1\u0026lt;/domain_id\u0026gt;\n\t  \u0026lt;domain_name\u0026gt;Default\u0026lt;/domain_name\u0026gt;\n\t  \u0026lt;name\u0026gt;API OFFLINE ASA1\u0026lt;/name\u0026gt;\n\t  \u0026lt;offline\u0026gt;true\u0026lt;/offline\u0026gt;\n\t  \u0026lt;topology\u0026gt;true\u0026lt;/topology\u0026gt;\n\u0026lt;/device\u0026gt;"],"position":"1","type":"void","nickname":"addDevice","consumes":["application/xml","application/json"],"parameters":[{"name":"body","rootElement":"device","description":"Device to be added","required":true,"type":"st_device","format":"","paramType":"body","allowMultiple":false,"allowableValues":""}]}]},{"path":"/devices/{id:[0-9]+}","operations":[{"baseURL":"/securetrack/api","method":"GET","summary":"Get specific device","notes":"Returns the vendor, model, name, domain and ID for the specified device.\u003cbr\u003e","examples":["https://192.168.1.1/securetrack/api/devices/60"],"position":"2","type":"DetailedDeviceDTO","nickname":"getDevice","produces":["application/xml","application/json"],"parameters":[{"name":"context","description":"Global MSSP context","required":false,"type":"integer","format":"int32","paramType":"query","allowMultiple":false,"allowableValues":""},{"name":"id","description":"Device ID","required":true,"type":"integer","format":"int32","paramType":"path","allowMultiple":false,"allowableValues":""}]}]},{"path":"/devices/{id:[0-9]+}/config","operations":[{"baseURL":"/securetrack/api","method":"GET","summary":"Get textual configuration by device","notes":"Get latest revision of running configuration for a given device Id.\u003cbr\u003e","examples":["https://192.168.1.1/securetrack/api/devices/111/config"],"position":"5","type":"string","nickname":"getRunningConfig","produces":["application/xml","application/json"],"parameters":[{"name":"context","description":"global MSSP context","required":false,"type":"integer","format":"int32","paramType":"query","allowMultiple":false,"allowableValues":""},{"name":"id","description":"Device ID","required":true,"type":"integer","format":"int32","paramType":"path","allowMultiple":false,"allowableValues":""}]}]},{"path":"/devices/{device_id:[0-9]+}","operations":[{"baseURL":"/securetrack/api","method":"PUT","summary":"Update offline device","notes":"You can choose to select the domain either by name or id using the domain_id or domain_name tags.","examples":["https://192.168.1.1/securetrack/api/devices/1|\u0026lt;device\u0026gt;\n\t  \u0026lt;model\u0026gt;asa\u0026lt;/model\u0026gt; \n\t  \u0026lt;vendor\u0026gt;Cisco\u0026lt;/vendor\u0026gt;\n\t  \u0026lt;domain_id\u0026gt;1\u0026lt;/domain_id\u0026gt;\n\t  \u0026lt;domain_name\u0026gt;Default\u0026lt;/domain_name\u0026gt;\n\t  \u0026lt;name\u0026gt;API OFFLINE ASA2\u0026lt;/name\u0026gt;\n\t  \u0026lt;offline\u0026gt;true\u0026lt;/offline\u0026gt;\n\t  \u0026lt;topology\u0026gt;true\u0026lt;/topology\u0026gt;\n\u0026lt;/device\u0026gt;"],"position":"3","type":"void","nickname":"updateDevice","consumes":["application/xml","application/json"],"parameters":[{"name":"device_id","description":"Device ID","required":true,"type":"integer","format":"int32","paramType":"path","allowMultiple":false,"allowableValues":""},{"name":"body","rootElement":"device","description":"Device to be updated","required":true,"type":"st_device","format":"","paramType":"body","allowMultiple":false,"allowableValues":""}]}]}],"models":{"DetailedDeviceListDTO":{"id":"DetailedDeviceListDTO","rootElement":"devices","description":"","required":["device","count","total"],"properties":{"device":{"type":"array","description":"The devices list","items":{"$ref":"DetailedDeviceDTO"},"httpMethods":["GET"],"allowableValues":""},"count":{"type":"integer","format":"int32","description":"Number of returned elements","httpMethods":["GET"],"allowableValues":""},"total":{"type":"integer","format":"int64","description":"Number of total available elements","httpMethods":["GET"],"position":"1","allowableValues":""}}},"DetailedDeviceDTO":{"id":"DetailedDeviceDTO","rootElement":"device","description":"","required":["ip","latest_revision","domain_name","model","vendor","domain_id","offline","topology","name"],"properties":{"ip":{"type":"string","description":"IP address of device","httpMethods":["GET"],"position":"9","allowableValues":""},"latest_revision":{"type":"string","description":"Latest revision of device","httpMethods":["GET"],"position":"10","allowableValues":""},"parent_id":{"type":"integer","format":"int32","description":"The parent ID of the device","httpMethods":["GET"],"position":"11","allowableValues":""},"domain_name":{"type":"string","description":"The domain name of the device","httpMethods":["GET","POST","PUT"],"position":"13","allowableValues":""},"model":{"type":"string","description":"The model of the device","httpMethods":["GET","POST","PUT"],"position":"11","allowableValues":""},"vendor":{"type":"string","description":"The vendor of the device","httpMethods":["GET","POST","PUT"],"position":"16","allowableValues":""},"domain_id":{"type":"string","description":"The domain identifier of the device","httpMethods":["GET","POST","PUT"],"position":"12","allowableValues":""},"offline":{"type":"boolean","description":"Device is offline","httpMethods":["GET","POST","PUT"],"position":"14","allowableValues":""},"topology":{"type":"boolean","description":"Device has topology","httpMethods":["GET","POST","PUT"],"position":"15","allowableValues":""},"module_uid":{"type":"string"},"name":{"type":"string","description":"The name of the device","httpMethods":["GET","POST","PUT"],"position":"10","allowableValues":""},"id":{"type":"string","description":"The ID of the device","httpMethods":["GET","POST","PUT"],"position":"9","allowableValues":""}}},"st_device":{"id":"st_device","rootElement":"device","description":"","required":["domain_name","model","vendor","domain_id","offline","topology","name"],"properties":{"domain_name":{"type":"string","description":"The domain name of the device","httpMethods":["GET","POST","PUT"],"position":"13","allowableValues":""},"model":{"type":"string","description":"The model of the device","httpMethods":["GET","POST","PUT"],"position":"11","allowableValues":""},"vendor":{"type":"string","description":"The vendor of the device","httpMethods":["GET","POST","PUT"],"position":"16","allowableValues":""},"domain_id":{"type":"string","description":"The domain identifier of the device","httpMethods":["GET","POST","PUT"],"position":"12","allowableValues":""},"offline":{"type":"boolean","description":"Device is offline","httpMethods":["GET","POST","PUT"],"position":"14","allowableValues":""},"topology":{"type":"boolean","description":"Device has topology","httpMethods":["GET","POST","PUT"],"position":"15","allowableValues":""},"module_uid":{"type":"string"},"name":{"type":"string","description":"The name of the device","httpMethods":["GET","POST","PUT"],"position":"10","allowableValues":""},"id":{"type":"string","description":"The ID of the device","httpMethods":["GET","POST","PUT"],"position":"9","allowableValues":""}}},"GenericDeviceListDTO":{"id":"GenericDeviceListDTO","rootElement":"generic_devices","description":"","required":["device"],"properties":{"device":{"type":"array","description":"The devices list","items":{"$ref":"GenericDeviceDataDTO"},"httpMethods":["GET"],"allowableValues":""}}},"GenericDeviceDataDTO":{"id":"GenericDeviceDataDTO","rootElement":"device","description":"","properties":{"customer_id":{"type":"integer","format":"int32","description":"domain index","allowableValues":""},"name":{"type":"string","description":"device name","allowableValues":""},"id":{"type":"integer","format":"int64","description":"generic device Id","allowableValues":""}}}}}