{"apiVersion":"1.0.0","resourcePath":"/NAT Policies","apis":[{"path":"/revisions/{id:[0-9]+}/nat_objects","operations":[{"baseURL":"/securetrack/api","method":"GET","summary":"Get NAT objects by revision","notes":"Fetches a list of NAT objects for a given revision\u003cbr\u003eNote: NAT objects are only relevant for Check Point management servers and Juniper Netscreen devices.","examples":["https://192.168.1.1/securetrack/api/revisions/785/nat_objects"],"position":"2","type":"NetworkObjectListDTO","nickname":"getNatObjects","produces":["application/xml","application/json"],"parameters":[{"name":"context","description":"Global MSSP context","required":false,"type":"integer","format":"int32","paramType":"query","allowMultiple":false,"allowableValues":""},{"name":"id","description":"Version ID","required":true,"type":"integer","format":"int32","paramType":"path","allowMultiple":false,"allowableValues":""},{"name":"start","description":"Starting page for query allowable value is numeric","required":false,"type":"string","paramType":"query","allowMultiple":false,"allowableValues":""},{"name":"count","description":"Number of pages for query starting from starting page, allowable type is numeric","required":false,"type":"string","paramType":"query","allowMultiple":false,"allowableValues":""}]}]},{"path":"/devices/{id:[0-9]+}/nat_objects","operations":[{"baseURL":"/securetrack/api","method":"GET","summary":"Get NAT objects by device","notes":"Fetches a list of NAT objects defined on device given by device ID\u003cbr\u003eNote: NAT objects are only relevant for Check Point management servers and Juniper Netscreen devices.","examples":["https://192.168.1.1/securetrack/api/devices/20/nat_objects"],"position":"1","type":"NetworkObjectListDTO","nickname":"getNatObjects","produces":["application/xml","application/json"],"parameters":[{"name":"context","description":"Global MSSP context","required":false,"type":"integer","format":"int32","paramType":"query","allowMultiple":false,"allowableValues":""},{"name":"id","description":"Device ID","required":true,"type":"integer","format":"int32","paramType":"path","allowMultiple":false,"allowableValues":""},{"name":"start","description":"Starting page for query allowable value is numeric","required":false,"type":"string","paramType":"query","allowMultiple":false,"allowableValues":""},{"name":"count","description":"Starting page for query allowable value is numeric","required":false,"type":"string","paramType":"query","allowMultiple":false,"allowableValues":""}]}]},{"path":"/devices/{id:[0-9]+}/nat_rules/bindings","operations":[{"baseURL":"/securetrack/api","method":"GET","summary":"Get NAT rules by device","notes":"Fetches list of NAT rules for device given by device ID\u003cbr\u003e\u003cbr\u003eNote: For Check Point, NAT rules are available from the modules (not managements)","examples":["https://192.168.1.1/securetrack/api/devices/10/nat_rules/bindings?input_interface\u003dAny"],"position":"","type":"nat_rules","nickname":"getBoundNatRulesByModule","produces":["application/xml","application/json"],"parameters":[{"name":"context","description":"Global MSSP context","required":false,"type":"integer","format":"int32","paramType":"query","allowMultiple":false,"allowableValues":""},{"name":"id","description":"Device ID","required":true,"type":"integer","format":"int32","paramType":"path","allowMultiple":false,"allowableValues":""},{"name":"input_interface","description":"Input interface for NAT rules, \"any\" for all interfaces","required":true,"type":"string","paramType":"query","allowMultiple":false,"allowableValues":""},{"name":"output_interface","description":"output interface for NAT rules, \"any\" for all interfaces","required":false,"type":"string","paramType":"query","allowMultiple":false,"allowableValues":""},{"name":"nat_stage","description":"NAT stage for NAT rules allowable values: \"pre_policy\" , \"post_policy\" or \"both\"","required":false,"type":"string","paramType":"query","allowMultiple":false,"allowableValues":""},{"name":"nat_type","description":"NAT stage for NAT rules allowable values: \"vip\" or \"reverse_vip\" ","required":false,"type":"string","paramType":"query","allowMultiple":false,"allowableValues":""}]}]}],"models":{"InterfaceForNetworkObjectListDTO":{"id":"InterfaceForNetworkObjectListDTO","rootElement":"interfaces","description":"","properties":{"interface":{"type":"array","items":{"$ref":"InterfaceForNetworkObjectDTO"}}}},"AclDTO":{"id":"AclDTO","rootElement":"acl","description":"","required":["global","name","interfaces"],"properties":{"global":{"type":"boolean","description":"Is ACL global","httpMethods":["GET"],"position":"12","allowableValues":""},"name":{"type":"string","description":"Name for ACL","httpMethods":["GET"],"position":"10","allowableValues":""},"interfaces":{"type":"array","description":"Interfaces for ACL","items":{"$ref":"InterfaceDTO"},"httpMethods":["GET"],"position":"11","allowableValues":""}}},"DipNatInfoDTO":{"id":"DipNatInfoDTO","rootElement":"nat_info","description":"","required":["interface_name","id"],"properties":{"shift_from":{"type":"string","description":"shift_from","allowableValues":""},"interface_name":{"type":"string","description":"Interface name of NAT info","allowableValues":""},"id":{"type":"integer","format":"int64","description":"Object ID of NAT info","allowableValues":""}}},"PolicyTargetDTO":{"id":"PolicyTargetDTO","rootElement":"installable_target","description":"","properties":{"device_id":{"type":"integer","format":"int32"},"firewall_id":{"type":"string"},"virtual_firewall_name":{"type":"string"}}},"ServiceDTO":{"id":"ServiceDTO","rootElement":"service","description":"","required":["management_domain","uid","device_id","deviceName","application_id","global","comment","display_name","name","id","class_name"],"properties":{"type_on_device":{"type":"string","description":"type on device","allowableValues":""},"management_domain":{"type":"string","description":"management domain ","position":"10","allowableValues":""},"overrides":{"type":"boolean","description":"Original value override, applicable only for Panorama NG","allowableValues":""},"uid":{"type":"string","description":"The uid of the device object","position":"6","allowableValues":""},"device_id":{"type":"integer","format":"int32","description":"The device ID of the device object","position":"6","allowableValues":""},"deviceName":{"type":"string","description":"Device name for device object","position":"9","allowableValues":""},"application_id":{"type":"integer","format":"int64","description":"Application ID of the device object","position":"8","allowableValues":""},"global":{"type":"boolean","description":"Is a global device object","httpMethods":["GET"],"position":"5","allowableValues":""},"comment":{"type":"string","description":"The comment of the device object","httpMethods":["GET","POST","PUT"],"position":"7","allowableValues":""},"display_name":{"type":"string","description":"The display name of the device object","httpMethods":["GET"],"position":"2","allowableValues":""},"name":{"type":"string","description":"The name of the device object","httpMethods":["GET","POST","PUT"],"position":"1","allowableValues":""},"id":{"type":"string","description":"The ID of the device object","httpMethods":["GET","PUT"],"allowableValues":""},"class_name":{"type":"string","description":"The class name of the device object","position":"3","allowableValues":""}},"subTypes":["SingleServiceDTO","ServiceGroupDTO"]},"ServiceGroupDTO":{"id":"ServiceGroupDTO","rootElement":"service","description":"","required":["member","management_domain","uid","device_id","deviceName","application_id","global","comment","display_name","name","id","class_name"],"properties":{"member":{"type":"array","description":"List of references to the service group members","items":{"$ref":"ObjectReferenceDTO"},"httpMethods":["GET","POST","PUT"],"position":"11","allowableValues":""},"type_on_device":{"type":"string","description":"type on device","allowableValues":""},"management_domain":{"type":"string","description":"management domain ","position":"10","allowableValues":""},"overrides":{"type":"boolean","description":"Original value override, applicable only for Panorama NG","allowableValues":""},"uid":{"type":"string","description":"The uid of the device object","position":"6","allowableValues":""},"device_id":{"type":"integer","format":"int32","description":"The device ID of the device object","position":"6","allowableValues":""},"deviceName":{"type":"string","description":"Device name for device object","position":"9","allowableValues":""},"application_id":{"type":"integer","format":"int64","description":"Application ID of the device object","position":"8","allowableValues":""},"global":{"type":"boolean","description":"Is a global device object","httpMethods":["GET"],"position":"5","allowableValues":""},"comment":{"type":"string","description":"The comment of the device object","httpMethods":["GET","POST","PUT"],"position":"7","allowableValues":""},"display_name":{"type":"string","description":"The display name of the device object","httpMethods":["GET"],"position":"2","allowableValues":""},"name":{"type":"string","description":"The name of the device object","httpMethods":["GET","POST","PUT"],"position":"1","allowableValues":""},"id":{"type":"string","description":"The ID of the device object","httpMethods":["GET","PUT"],"allowableValues":""},"class_name":{"type":"string","description":"The class name of the device object","position":"3","allowableValues":""}}},"Comparator":{"id":"Comparator","description":"","properties":{}},"SingleServiceDTO":{"id":"SingleServiceDTO","rootElement":"service","description":"","required":["management_domain","uid","device_id","deviceName","application_id","global","comment","display_name","name","id","class_name"],"properties":{"min":{"type":"integer","format":"int32","description":"For IP, TCP and UDP Services: the minimum port number, ICMP Service: the ICMP type number.","httpMethods":["GET","POST","PUT"],"position":"11","allowableValues":""},"negate":{"type":"boolean","description":"Negates the defined port(s), that is: the defined port(s) are ignored, and only all other logs are analyzed.","position":"14","allowableValues":""},"max":{"type":"integer","format":"int32","description":"For IP, TCP and UDP Services: the maximum port number.","httpMethods":["GET","POST","PUT"],"position":"12","allowableValues":""},"timeout":{"type":"string","description":"The timeout value for the service in seconds","httpMethods":["GET","POST","PUT"],"position":"15","allowableValues":"default, never"},"protocol":{"type":"integer","format":"int16","description":"The port number, for IP service: protocol is not specified.","httpMethods":["GET","POST","PUT"],"position":"13","allowableValues":""},"type_on_device":{"type":"string","description":"type on device","allowableValues":""},"management_domain":{"type":"string","description":"management domain ","position":"10","allowableValues":""},"overrides":{"type":"boolean","description":"Original value override, applicable only for Panorama NG","allowableValues":""},"uid":{"type":"string","description":"The uid of the device object","position":"6","allowableValues":""},"device_id":{"type":"integer","format":"int32","description":"The device ID of the device object","position":"6","allowableValues":""},"deviceName":{"type":"string","description":"Device name for device object","position":"9","allowableValues":""},"application_id":{"type":"integer","format":"int64","description":"Application ID of the device object","position":"8","allowableValues":""},"global":{"type":"boolean","description":"Is a global device object","httpMethods":["GET"],"position":"5","allowableValues":""},"comment":{"type":"string","description":"The comment of the device object","httpMethods":["GET","POST","PUT"],"position":"7","allowableValues":""},"display_name":{"type":"string","description":"The display name of the device object","httpMethods":["GET"],"position":"2","allowableValues":""},"name":{"type":"string","description":"The name of the device object","httpMethods":["GET","POST","PUT"],"position":"1","allowableValues":""},"id":{"type":"string","description":"The ID of the device object","httpMethods":["GET","PUT"],"allowableValues":""},"class_name":{"type":"string","description":"The class name of the device object","position":"3","allowableValues":""}}},"NetworkObjectDTO":{"id":"NetworkObjectDTO","rootElement":"network_object","description":"","required":["nat_info","uid","device_id","deviceName","application_id","global","comment","display_name","name","id","class_name"],"properties":{"type_on_device":{"type":"string","description":"type on device","allowableValues":""},"domain_name":{"type":"string"},"management_domain":{"type":"string"},"overrides":{"type":"boolean","description":"Original value override, applicable only for Panorama NG","allowableValues":""},"any_zone":{"type":"boolean"},"nat_info":{"description":"NAT info for the network object","$ref":"NatInfoDTO","position":"10","allowableValues":""},"implicit":{"type":"boolean"},"uid":{"type":"string","description":"The uid of the device object","position":"6","allowableValues":""},"device_id":{"type":"integer","format":"int32","description":"The device ID of the device object","position":"6","allowableValues":""},"deviceName":{"type":"string","description":"Device name for device object","position":"9","allowableValues":""},"application_id":{"type":"integer","format":"int64","description":"Application ID of the device object","position":"8","allowableValues":""},"global":{"type":"boolean","description":"Is a global device object","httpMethods":["GET"],"position":"5","allowableValues":""},"comment":{"type":"string","description":"The comment of the device object","httpMethods":["GET","POST","PUT"],"position":"7","allowableValues":""},"display_name":{"type":"string","description":"The display name of the device object","httpMethods":["GET"],"position":"2","allowableValues":""},"name":{"type":"string","description":"The name of the device object","httpMethods":["GET","POST","PUT"],"position":"1","allowableValues":""},"id":{"type":"string","description":"The ID of the device object","httpMethods":["GET","PUT"],"allowableValues":""},"class_name":{"type":"string","description":"The class name of the device object","position":"3","allowableValues":""}},"subTypes":["BasicNetworkObjectDTO","DuplicateNetworkObjectDTO","HostNetworkObjectDTO","HostNetworkObjectWithInterfacesDTO","NetworkObjectGroupDTO","NetworkObjectVirtualServerDTO","RangeNetworkObjectDTO","SubnetNetworkObjectDTO","IdentityAwarenessDTO"]},"CheckpointNatInfoDTO":{"id":"CheckpointNatInfoDTO","rootElement":"nat_info","description":"","required":["interface_name","id"],"properties":{"mapped_to_ip":{"type":"string","description":"mapped to ip","allowableValues":""},"checkpoint_nat_type":{"type":"string","description":"checkpoint nat type","allowableValues":""},"interface_name":{"type":"string","description":"Interface name of NAT info","allowableValues":""},"id":{"type":"integer","format":"int64","description":"Object ID of NAT info","allowableValues":""}}},"VipMappingDTO":{"id":"VipMappingDTO","rootElement":"vip_mapping","description":"","properties":{"mapped_to_ip":{"type":"string","description":"mapped to ip","allowableValues":""},"virtual_port":{"type":"string","description":"virtual port","allowableValues":""},"version_id":{"type":"integer","format":"int32","description":"version ip","allowableValues":""},"mapped_to_service":{"description":"mapped to service","$ref":"ServiceDTO","allowableValues":""},"id":{"type":"integer","format":"int64","description":"Vip mapping object ID","allowableValues":""}}},"ManagementDomainPolicyDTO":{"id":"ManagementDomainPolicyDTO","rootElement":"policy","description":"","required":["itg_id","admin_domain","unique_active_in_itg","admin_domain_id","itg","name","id"],"properties":{"installable_target":{"type":"array","items":{"$ref":"PolicyTargetDTO"}},"itg_id":{"type":"integer","format":"int32","description":"Installation target group ID","httpMethods":["GET"],"position":"11","allowableValues":""},"admin_domain":{"type":"string","description":"Admin domain name","httpMethods":["GET"],"position":"15","allowableValues":""},"unique_active_in_itg":{"type":"boolean","description":"Unique active installation target group","httpMethods":["GET"],"position":"13","allowableValues":""},"admin_domain_id":{"type":"integer","format":"int64","description":"Admin domain ID","httpMethods":["GET"],"position":"14","allowableValues":""},"itg":{"type":"string","description":"Installation target group name","httpMethods":["GET"],"position":"12","allowableValues":""},"name":{"type":"string","description":"Name","httpMethods":["GET"],"position":"10","allowableValues":""},"id":{"type":"integer","format":"int64","description":"ID","httpMethods":["GET"],"position":"9","allowableValues":""}}},"NatInfoDTO":{"id":"NatInfoDTO","rootElement":"nat_info","description":"","required":["interface_name","id"],"properties":{"interface_name":{"type":"string","description":"Interface name of NAT info","allowableValues":""},"id":{"type":"integer","format":"int64","description":"Object ID of NAT info","allowableValues":""}},"subTypes":["MipNatInfoDTO","VipNatInfoDTO","DipNatInfoDTO","CheckpointNatInfoDTO","FortigateNatInfoDTO"]},"MipNatInfoDTO":{"id":"MipNatInfoDTO","rootElement":"nat_info","description":"","required":["interface_name","id"],"properties":{"mapped_to_ip":{"type":"string","description":"mapped to ip","allowableValues":""},"virtual_router":{"type":"string"},"interface_name":{"type":"string","description":"Interface name of NAT info","allowableValues":""},"id":{"type":"integer","format":"int64","description":"Object ID of NAT info","allowableValues":""}}},"InterfaceForNetworkObjectDTO":{"id":"InterfaceForNetworkObjectDTO","rootElement":"interface","description":"","required":["interface_ips"],"properties":{"interface_ips":{"description":"List of interfaces IPs","$ref":"InterfaceIpListDTO","httpMethods":["GET"],"position":"10","allowableValues":""},"name":{"type":"string"}}},"IdentityAwarenessUserDTO":{"id":"IdentityAwarenessUserDTO","rootElement":"user","description":"","required":["uid","device_id","deviceName","application_id","global","comment","display_name","name","id","type","class_name"],"properties":{"dn":{"type":"string","description":"DN","allowableValues":""},"uid":{"type":"string","description":"The uid of the device object","position":"6","allowableValues":""},"device_id":{"type":"integer","format":"int32","description":"The device ID of the device object","position":"6","allowableValues":""},"deviceName":{"type":"string","description":"Device name for device object","position":"9","allowableValues":""},"application_id":{"type":"integer","format":"int64","description":"Application ID of the device object","position":"8","allowableValues":""},"global":{"type":"boolean","description":"Is a global device object","httpMethods":["GET"],"position":"5","allowableValues":""},"comment":{"type":"string","description":"The comment of the device object","httpMethods":["GET","POST","PUT"],"position":"7","allowableValues":""},"display_name":{"type":"string","description":"The display name of the device object","httpMethods":["GET"],"position":"2","allowableValues":""},"name":{"type":"string","description":"The name of the device object","httpMethods":["GET","POST","PUT"],"position":"1","allowableValues":""},"id":{"type":"string","description":"The ID of the device object","httpMethods":["GET","PUT"],"allowableValues":""},"type":{"type":"string","description":"The type of the device object","position":"4","allowableValues":"basic, host, range, subnet, group, user, user-group, ip_service, tcp_service, udp_service, transport_service, icmp_service, rpc_service"},"class_name":{"type":"string","description":"The class name of the device object","position":"3","allowableValues":""}}},"pool_member_1":{"id":"pool_member_1","rootElement":"pool_member","description":"","properties":{"ip":{"type":"string","description":"The IP address of the server group member","httpMethods":["GET"],"position":"1","allowableValues":""},"netmask":{"type":"string","description":"The netmask for the IP address of the server group member","httpMethods":["GET"],"position":"2","allowableValues":""},"name":{"type":"string","description":"The name of the server group member","httpMethods":["GET"],"allowableValues":""}}},"BindingDTO":{"id":"BindingDTO","rootElement":"binding","description":"","required":["direction","policy","from_zone","to_zone","acl","rule_count","policy_map_name","security_rule_count","nat_stage","default","postnat_iface","prenat_iface"],"properties":{"uid":{"type":"string"},"direction":{"type":"string","description":"Direction of rule set","httpMethods":["GET"],"position":"18","allowableValues":""},"policy":{"description":"Management policy for rule set","$ref":"ManagementPolicyDTO","httpMethods":["GET"],"position":"13","allowableValues":""},"from_zone":{"type":"array","description":"Source zones of rule set","items":{"$ref":"PolicyZoneDTO"},"httpMethods":["GET"],"position":"11","allowableValues":""},"to_zone":{"type":"array","description":"Destination zones of rule set","items":{"$ref":"PolicyZoneDTO"},"httpMethods":["GET"],"position":"12","allowableValues":""},"ip_type":{"$ref":"IpType"},"acl":{"description":"ACL for rule set","$ref":"AclDTO","httpMethods":["GET"],"position":"9","allowableValues":""},"rule_count":{"type":"integer","format":"int32","description":"Number of rules for this rule set","httpMethods":["GET"],"position":"16","allowableValues":""},"nat_type":{"type":"string","description":"Junos SRX NAT only - Type of NAT used [SOURCE, DESTINATION, STATIC_DESTINATION, STATIC_SOURCE]","httpMethods":["GET"],"position":"23","allowableValues":""},"from_collection":{"type":"string","description":"Junos SRX NAT only - A group of sources for the NAT rule-set [Interface, Zone, Routing Instance]","httpMethods":["GET"],"position":"24","allowableValues":""},"to_collection":{"type":"string","description":"Junos SRX NAT only - A group of destinations for the NAT rule-set [Interface, Zone, Routing Instance]","httpMethods":["GET"],"position":"25","allowableValues":""},"device_policy_id":{"type":"integer","format":"int64","description":"StoneSoft only","httpMethods":["GET"],"position":"23","allowableValues":""},"policy_map_name":{"type":"string","description":"Policy map name of rule set","httpMethods":["GET"],"position":"14","allowableValues":""},"security_rule_count":{"type":"integer","format":"int32","description":"Number of security rules for this rule set","httpMethods":["GET"],"position":"17","allowableValues":""},"nat_stage":{"type":"string","description":"NAT stage for rule set","httpMethods":["GET"],"position":"19","allowableValues":""},"default":{"type":"boolean","description":"Is default rule set","httpMethods":["GET"],"position":"20","allowableValues":""},"postnat_iface":{"type":"string","description":"External interfaces for rule set","httpMethods":["GET"],"position":"22","allowableValues":""},"prenat_iface":{"type":"string","description":"Internal interfaces for rule set","httpMethods":["GET"],"position":"21","allowableValues":""},"from_type":{"type":"string","description":"Junos SRX NAT only - Type of source for rule-set [Interface, Zone, Routing Instance]","httpMethods":["GET"],"position":"26","allowableValues":""},"to_type":{"type":"string","description":"Junos SRX NAT only - Type of destination for rule-set [Interface, Zone, Routing Instance]","httpMethods":["GET"],"position":"27","allowableValues":""},"cloudSecurityGroupDTO":{"$ref":"CloudSecurityGroupDTO"}},"subTypes":["DirectionalSecurityGroupBindingDTO"]},"LinkDTO":{"id":"LinkDTO","description":"","required":["@href"],"properties":{"@href":{"type":"string","description":"The location of the referenced object","httpMethods":["GET"],"allowableValues":""}}},"VipMappingListDTO":{"id":"VipMappingListDTO","rootElement":"vip_mappings","description":"","properties":{"vip_mapping":{"type":"array","items":{"$ref":"VipMappingDTO"}}}},"InterfaceIpListDTO":{"id":"InterfaceIpListDTO","rootElement":"interface_ips","description":"","required":["interface_ip"],"properties":{"interface_ip":{"type":"array","description":"Interface IPs","items":{"$ref":"InterfaceIpDTO"},"httpMethods":["GET"],"position":"9","allowableValues":""}}},"RangeNetworkObjectDTO":{"id":"RangeNetworkObjectDTO","rootElement":"network_object","description":"","required":["nat_info","uid","device_id","deviceName","application_id","global","comment","display_name","name","id","class_name"],"properties":{"first_ip":{"type":"string","description":"Min ip","httpMethods":["GET","POST","PUT"],"position":"11","allowableValues":""},"last_ip":{"type":"string","description":"Max ip","httpMethods":["GET","POST","PUT"],"position":"12","allowableValues":""},"type_on_device":{"type":"string","description":"type on device","allowableValues":""},"domain_name":{"type":"string"},"management_domain":{"type":"string"},"overrides":{"type":"boolean","description":"Original value override, applicable only for Panorama NG","allowableValues":""},"any_zone":{"type":"boolean"},"nat_info":{"description":"NAT info for the network object","$ref":"NatInfoDTO","position":"10","allowableValues":""},"implicit":{"type":"boolean"},"uid":{"type":"string","description":"The uid of the device object","position":"6","allowableValues":""},"device_id":{"type":"integer","format":"int32","description":"The device ID of the device object","position":"6","allowableValues":""},"deviceName":{"type":"string","description":"Device name for device object","position":"9","allowableValues":""},"application_id":{"type":"integer","format":"int64","description":"Application ID of the device object","position":"8","allowableValues":""},"global":{"type":"boolean","description":"Is a global device object","httpMethods":["GET"],"position":"5","allowableValues":""},"comment":{"type":"string","description":"The comment of the device object","httpMethods":["GET","POST","PUT"],"position":"7","allowableValues":""},"display_name":{"type":"string","description":"The display name of the device object","httpMethods":["GET"],"position":"2","allowableValues":""},"name":{"type":"string","description":"The name of the device object","httpMethods":["GET","POST","PUT"],"position":"1","allowableValues":""},"id":{"type":"string","description":"The ID of the device object","httpMethods":["GET","PUT"],"allowableValues":""},"class_name":{"type":"string","description":"The class name of the device object","position":"3","allowableValues":""}}},"TranslationNatRuleDTO":{"id":"TranslationNatRuleDTO","rootElement":"nat_rule","description":"","required":["binding"],"properties":{"ruleNumber":{"type":"integer","format":"int32"},"disabled":{"type":"boolean"},"nat_type":{"type":"string"},"install":{"type":"array","description":"Install-ons for rule","items":{"$ref":"ObjectReferenceDTO"},"httpMethods":["GET"],"position":"16","allowableValues":""},"enable_net4tonet6":{"type":"boolean","description":"Enabled IPv4 to IPv6 translation","httpMethods":["GET"],"position":"18","allowableValues":""},"enable_route_lookup":{"type":"boolean","description":"Enabled route lookup","httpMethods":["GET"],"position":"19","allowableValues":""},"autoNat":{"type":"boolean"},"routing_instance":{"$ref":"RoutingInstanceDTO"},"orig_service":{"type":"array","description":"Original services for rule","items":{"$ref":"ObjectReferenceDTO"},"httpMethods":["GET"],"position":"13","allowableValues":""},"egress_interface":{"type":"array","description":"Outgoing interfaces for rule","items":{"$ref":"InterfaceDTO"},"httpMethods":["GET"],"position":"15","allowableValues":""},"srcNatMethod":{"type":"string"},"dstNatMethod":{"type":"string"},"serviceNatMethod":{"type":"string"},"set_name":{"type":"string"},"comment":{"type":"string"},"name":{"type":"string"},"uid":{"type":"string"},"binding":{"type":"array","description":"Bindings list for NAT rule","items":{"$ref":"BindingDTO"},"httpMethods":["GET"],"position":"9","allowableValues":""},"order":{"type":"integer","format":"int32"},"id":{"type":"string"}}},"BasicNetworkObjectDTO":{"id":"BasicNetworkObjectDTO","rootElement":"network_object","description":"","required":["nat_info","uid","device_id","deviceName","application_id","global","comment","display_name","name","id","class_name"],"properties":{"type_on_device":{"type":"string","description":"type on device","allowableValues":""},"domain_name":{"type":"string"},"management_domain":{"type":"string"},"overrides":{"type":"boolean","description":"Original value override, applicable only for Panorama NG","allowableValues":""},"any_zone":{"type":"boolean"},"nat_info":{"description":"NAT info for the network object","$ref":"NatInfoDTO","position":"10","allowableValues":""},"implicit":{"type":"boolean"},"uid":{"type":"string","description":"The uid of the device object","position":"6","allowableValues":""},"device_id":{"type":"integer","format":"int32","description":"The device ID of the device object","position":"6","allowableValues":""},"deviceName":{"type":"string","description":"Device name for device object","position":"9","allowableValues":""},"application_id":{"type":"integer","format":"int64","description":"Application ID of the device object","position":"8","allowableValues":""},"global":{"type":"boolean","description":"Is a global device object","httpMethods":["GET"],"position":"5","allowableValues":""},"comment":{"type":"string","description":"The comment of the device object","httpMethods":["GET","POST","PUT"],"position":"7","allowableValues":""},"display_name":{"type":"string","description":"The display name of the device object","httpMethods":["GET"],"position":"2","allowableValues":""},"name":{"type":"string","description":"The name of the device object","httpMethods":["GET","POST","PUT"],"position":"1","allowableValues":""},"id":{"type":"string","description":"The ID of the device object","httpMethods":["GET","PUT"],"allowableValues":""},"class_name":{"type":"string","description":"The class name of the device object","position":"3","allowableValues":""}}},"InterfaceIpDTO":{"id":"InterfaceIpDTO","rootElement":"interface_ip","description":"","required":["ip","netmask"],"properties":{"ip":{"type":"string","description":"IP address of interface","httpMethods":["GET"],"position":"9","allowableValues":""},"netmask":{"type":"string","description":"Network mask of interface","httpMethods":["GET"],"position":"10","allowableValues":""},"visibility":{"type":"string","description":"ip visibility (private/public)","httpMethods":["GET"],"position":"11","allowableValues":""},"precedence":{"type":"string","description":"ip precedence (primary/secondary)","httpMethods":["GET"],"position":"12","allowableValues":""},"vendorAttachmentPolicy":{"type":"string","description":"ip vendor attachment policy","httpMethods":["GET"],"position":"13","allowableValues":""}}},"BasicInterfaceDTO":{"id":"BasicInterfaceDTO","rootElement":"interface","description":"","required":["name"],"properties":{"name":{"type":"string","description":"The name of the object","httpMethods":["GET"],"position":"9","allowableValues":""}},"subTypes":["InterfaceDTO"]},"SubnetNetworkObjectDTO":{"id":"SubnetNetworkObjectDTO","rootElement":"network_object","description":"","required":["nat_info","uid","device_id","deviceName","application_id","global","comment","display_name","name","id","class_name"],"properties":{"ip":{"type":"string","description":"The ip","httpMethods":["GET","POST","PUT"],"position":"11","allowableValues":""},"netmask":{"type":"string","description":"The netmask","httpMethods":["GET","POST","PUT"],"position":"12","allowableValues":""},"type_on_device":{"type":"string","description":"type on device","allowableValues":""},"domain_name":{"type":"string"},"management_domain":{"type":"string"},"overrides":{"type":"boolean","description":"Original value override, applicable only for Panorama NG","allowableValues":""},"any_zone":{"type":"boolean"},"nat_info":{"description":"NAT info for the network object","$ref":"NatInfoDTO","position":"10","allowableValues":""},"implicit":{"type":"boolean"},"uid":{"type":"string","description":"The uid of the device object","position":"6","allowableValues":""},"device_id":{"type":"integer","format":"int32","description":"The device ID of the device object","position":"6","allowableValues":""},"deviceName":{"type":"string","description":"Device name for device object","position":"9","allowableValues":""},"application_id":{"type":"integer","format":"int64","description":"Application ID of the device object","position":"8","allowableValues":""},"global":{"type":"boolean","description":"Is a global device object","httpMethods":["GET"],"position":"5","allowableValues":""},"comment":{"type":"string","description":"The comment of the device object","httpMethods":["GET","POST","PUT"],"position":"7","allowableValues":""},"display_name":{"type":"string","description":"The display name of the device object","httpMethods":["GET"],"position":"2","allowableValues":""},"name":{"type":"string","description":"The name of the device object","httpMethods":["GET","POST","PUT"],"position":"1","allowableValues":""},"id":{"type":"string","description":"The ID of the device object","httpMethods":["GET","PUT"],"allowableValues":""},"class_name":{"type":"string","description":"The class name of the device object","position":"3","allowableValues":""}}},"CloudSecurityGroupDTO":{"id":"CloudSecurityGroupDTO","description":"","required":["access_allowed","exclusion","member","nat_info","uid","device_id","deviceName","application_id","global","comment","display_name","name","id","class_name"],"properties":{"access_allowed":{"type":"boolean","description":"access allowed","httpMethods":["GET","POST","PUT"],"position":"13","allowableValues":""},"exclusion":{"type":"array","description":"The exclusions","items":{"$ref":"ObjectReferenceDTO"},"position":"12","allowableValues":""},"member":{"type":"array","description":"The members","items":{"$ref":"ObjectReferenceDTO"},"httpMethods":["GET","POST","PUT"],"position":"11","allowableValues":""},"type_on_device":{"type":"string","description":"type on device","allowableValues":""},"domain_name":{"type":"string"},"management_domain":{"type":"string"},"overrides":{"type":"boolean","description":"Original value override, applicable only for Panorama NG","allowableValues":""},"any_zone":{"type":"boolean"},"nat_info":{"description":"NAT info for the network object","$ref":"NatInfoDTO","position":"10","allowableValues":""},"implicit":{"type":"boolean"},"uid":{"type":"string","description":"The uid of the device object","position":"6","allowableValues":""},"device_id":{"type":"integer","format":"int32","description":"The device ID of the device object","position":"6","allowableValues":""},"deviceName":{"type":"string","description":"Device name for device object","position":"9","allowableValues":""},"application_id":{"type":"integer","format":"int64","description":"Application ID of the device object","position":"8","allowableValues":""},"global":{"type":"boolean","description":"Is a global device object","httpMethods":["GET"],"position":"5","allowableValues":""},"comment":{"type":"string","description":"The comment of the device object","httpMethods":["GET","POST","PUT"],"position":"7","allowableValues":""},"display_name":{"type":"string","description":"The display name of the device object","httpMethods":["GET"],"position":"2","allowableValues":""},"name":{"type":"string","description":"The name of the device object","httpMethods":["GET","POST","PUT"],"position":"1","allowableValues":""},"id":{"type":"string","description":"The ID of the device object","httpMethods":["GET","PUT"],"allowableValues":""},"class_name":{"type":"string","description":"The class name of the device object","position":"3","allowableValues":""}}},"VipNatInfoDTO":{"id":"VipNatInfoDTO","rootElement":"nat_info","description":"","required":["interface_name","id"],"properties":{"interface_name":{"type":"string","description":"Interface name of NAT info","allowableValues":""},"id":{"type":"integer","format":"int64","description":"Object ID of NAT info","allowableValues":""}}},"DirectionalSecurityGroupBindingDTO":{"id":"DirectionalSecurityGroupBindingDTO","rootElement":"binding","description":"","required":["direction","policy","from_zone","to_zone","acl","rule_count","policy_map_name","security_rule_count","nat_stage","default","postnat_iface","prenat_iface"],"properties":{"uid":{"type":"string"},"direction":{"type":"string","description":"Direction of rule set","httpMethods":["GET"],"position":"18","allowableValues":""},"policy":{"description":"Management policy for rule set","$ref":"ManagementPolicyDTO","httpMethods":["GET"],"position":"13","allowableValues":""},"from_zone":{"type":"array","description":"Source zones of rule set","items":{"$ref":"PolicyZoneDTO"},"httpMethods":["GET"],"position":"11","allowableValues":""},"to_zone":{"type":"array","description":"Destination zones of rule set","items":{"$ref":"PolicyZoneDTO"},"httpMethods":["GET"],"position":"12","allowableValues":""},"ip_type":{"$ref":"IpType"},"acl":{"description":"ACL for rule set","$ref":"AclDTO","httpMethods":["GET"],"position":"9","allowableValues":""},"rule_count":{"type":"integer","format":"int32","description":"Number of rules for this rule set","httpMethods":["GET"],"position":"16","allowableValues":""},"nat_type":{"type":"string","description":"Junos SRX NAT only - Type of NAT used [SOURCE, DESTINATION, STATIC_DESTINATION, STATIC_SOURCE]","httpMethods":["GET"],"position":"23","allowableValues":""},"from_collection":{"type":"string","description":"Junos SRX NAT only - A group of sources for the NAT rule-set [Interface, Zone, Routing Instance]","httpMethods":["GET"],"position":"24","allowableValues":""},"to_collection":{"type":"string","description":"Junos SRX NAT only - A group of destinations for the NAT rule-set [Interface, Zone, Routing Instance]","httpMethods":["GET"],"position":"25","allowableValues":""},"device_policy_id":{"type":"integer","format":"int64","description":"StoneSoft only","httpMethods":["GET"],"position":"23","allowableValues":""},"policy_map_name":{"type":"string","description":"Policy map name of rule set","httpMethods":["GET"],"position":"14","allowableValues":""},"security_rule_count":{"type":"integer","format":"int32","description":"Number of security rules for this rule set","httpMethods":["GET"],"position":"17","allowableValues":""},"nat_stage":{"type":"string","description":"NAT stage for rule set","httpMethods":["GET"],"position":"19","allowableValues":""},"default":{"type":"boolean","description":"Is default rule set","httpMethods":["GET"],"position":"20","allowableValues":""},"postnat_iface":{"type":"string","description":"External interfaces for rule set","httpMethods":["GET"],"position":"22","allowableValues":""},"prenat_iface":{"type":"string","description":"Internal interfaces for rule set","httpMethods":["GET"],"position":"21","allowableValues":""},"from_type":{"type":"string","description":"Junos SRX NAT only - Type of source for rule-set [Interface, Zone, Routing Instance]","httpMethods":["GET"],"position":"26","allowableValues":""},"to_type":{"type":"string","description":"Junos SRX NAT only - Type of destination for rule-set [Interface, Zone, Routing Instance]","httpMethods":["GET"],"position":"27","allowableValues":""},"cloudSecurityGroupDTO":{"$ref":"CloudSecurityGroupDTO"}}},"IpType":{"id":"IpType","description":"","properties":{"ipv4":{"type":"boolean"},"ipv6":{"type":"boolean"}}},"IdentityAwarenessDTO":{"id":"IdentityAwarenessDTO","rootElement":"network_object","description":"","required":["network","user","nat_info","uid","device_id","deviceName","application_id","global","comment","display_name","name","id","class_name"],"properties":{"network":{"type":"array","description":"The networks","items":{"$ref":"NetworkObjectDTO"},"httpMethods":["GET","POST","PUT"],"allowableValues":""},"user":{"type":"array","description":"The users","items":{"$ref":"IdentityAwarenessUserDTO"},"httpMethods":["GET","POST","PUT"],"allowableValues":""},"type_on_device":{"type":"string","description":"type on device","allowableValues":""},"domain_name":{"type":"string"},"management_domain":{"type":"string"},"overrides":{"type":"boolean","description":"Original value override, applicable only for Panorama NG","allowableValues":""},"any_zone":{"type":"boolean"},"nat_info":{"description":"NAT info for the network object","$ref":"NatInfoDTO","position":"10","allowableValues":""},"implicit":{"type":"boolean"},"uid":{"type":"string","description":"The uid of the device object","position":"6","allowableValues":""},"device_id":{"type":"integer","format":"int32","description":"The device ID of the device object","position":"6","allowableValues":""},"deviceName":{"type":"string","description":"Device name for device object","position":"9","allowableValues":""},"application_id":{"type":"integer","format":"int64","description":"Application ID of the device object","position":"8","allowableValues":""},"global":{"type":"boolean","description":"Is a global device object","httpMethods":["GET"],"position":"5","allowableValues":""},"comment":{"type":"string","description":"The comment of the device object","httpMethods":["GET","POST","PUT"],"position":"7","allowableValues":""},"display_name":{"type":"string","description":"The display name of the device object","httpMethods":["GET"],"position":"2","allowableValues":""},"name":{"type":"string","description":"The name of the device object","httpMethods":["GET","POST","PUT"],"position":"1","allowableValues":""},"id":{"type":"string","description":"The ID of the device object","httpMethods":["GET","PUT"],"allowableValues":""},"class_name":{"type":"string","description":"The class name of the device object","position":"3","allowableValues":""}}},"FortigateNatInfoDTO":{"id":"FortigateNatInfoDTO","rootElement":"nat_info","description":"","required":["interface_name","id"],"properties":{"port_forwarding_type":{"type":"string","description":"port_forwarding_type","allowableValues":""},"src_filter":{"type":"string","description":"src_filter","allowableValues":""},"src_interface_filter":{"type":"string","description":"src_interface_filter","allowableValues":""},"mapped-ip":{"type":"string","description":"mapped-ip","allowableValues":""},"mapped-ip-max":{"type":"string","description":"mapped-ip-max","allowableValues":""},"external-port":{"type":"string","description":"external-port","allowableValues":""},"mapped-port":{"type":"string","description":"mapped-port","allowableValues":""},"forti_vip":{"type":"boolean","description":"forti_vip","allowableValues":""},"Interface":{"type":"string","description":"Interface","allowableValues":""},"interface_name":{"type":"string","description":"Interface name of NAT info","allowableValues":""},"id":{"type":"integer","format":"int64","description":"Object ID of NAT info","allowableValues":""}}},"RoutingInstanceDTO":{"id":"RoutingInstanceDTO","rootElement":"routing_instance","description":"","properties":{"name":{"type":"string"},"interfaces":{"$ref":"InterfaceListDTO"},"id":{"type":"integer","format":"int64"}}},"ManagementPolicyDTO":{"id":"ManagementPolicyDTO","rootElement":"policy","description":"","required":["itg_id","admin_domain","unique_active_in_itg","admin_domain_id","itg","name","id"],"properties":{"itg_id":{"type":"integer","format":"int32","description":"Installation target group ID","httpMethods":["GET"],"position":"11","allowableValues":""},"admin_domain":{"type":"string","description":"Admin domain name","httpMethods":["GET"],"position":"15","allowableValues":""},"unique_active_in_itg":{"type":"boolean","description":"Unique active installation target group","httpMethods":["GET"],"position":"13","allowableValues":""},"admin_domain_id":{"type":"integer","format":"int64","description":"Admin domain ID","httpMethods":["GET"],"position":"14","allowableValues":""},"itg":{"type":"string","description":"Installation target group name","httpMethods":["GET"],"position":"12","allowableValues":""},"name":{"type":"string","description":"Name","httpMethods":["GET"],"position":"10","allowableValues":""},"id":{"type":"integer","format":"int64","description":"ID","httpMethods":["GET"],"position":"9","allowableValues":""}},"subTypes":["ManagementDomainPolicyDTO"]},"DuplicateNetworkObjectDTO":{"id":"DuplicateNetworkObjectDTO","rootElement":"duplication_criteria","description":"","required":["nat_info","uid","device_id","deviceName","application_id","global","comment","display_name","name","id","class_name"],"properties":{"ip":{"type":"string","description":"IP address","httpMethods":["GET"],"position":"12","allowableValues":""},"netmask":{"type":"string","description":"Netmask","httpMethods":["GET"],"position":"11","allowableValues":""},"min_ip":{"type":"string","description":"Minimal IP address","httpMethods":["GET"],"position":"9","allowableValues":""},"max_ip":{"type":"string","description":"Maximal IP address","httpMethods":["GET"],"position":"10","allowableValues":""},"type_on_device":{"type":"string","description":"type on device","allowableValues":""},"domain_name":{"type":"string"},"management_domain":{"type":"string"},"overrides":{"type":"boolean","description":"Original value override, applicable only for Panorama NG","allowableValues":""},"any_zone":{"type":"boolean"},"nat_info":{"description":"NAT info for the network object","$ref":"NatInfoDTO","position":"10","allowableValues":""},"implicit":{"type":"boolean"},"uid":{"type":"string","description":"The uid of the device object","position":"6","allowableValues":""},"device_id":{"type":"integer","format":"int32","description":"The device ID of the device object","position":"6","allowableValues":""},"deviceName":{"type":"string","description":"Device name for device object","position":"9","allowableValues":""},"application_id":{"type":"integer","format":"int64","description":"Application ID of the device object","position":"8","allowableValues":""},"global":{"type":"boolean","description":"Is a global device object","httpMethods":["GET"],"position":"5","allowableValues":""},"comment":{"type":"string","description":"The comment of the device object","httpMethods":["GET","POST","PUT"],"position":"7","allowableValues":""},"display_name":{"type":"string","description":"The display name of the device object","httpMethods":["GET"],"position":"2","allowableValues":""},"name":{"type":"string","description":"The name of the device object","httpMethods":["GET","POST","PUT"],"position":"1","allowableValues":""},"id":{"type":"string","description":"The ID of the device object","httpMethods":["GET","PUT"],"allowableValues":""},"class_name":{"type":"string","description":"The class name of the device object","position":"3","allowableValues":""}}},"NetworkObjectListDTO":{"id":"NetworkObjectListDTO","rootElement":"network_objects","description":"","properties":{"network_object":{"type":"array","items":{"$ref":"NetworkObjectDTO"}}}},"SectionNatRuleDTO":{"id":"SectionNatRuleDTO","rootElement":"nat_rule","description":"","required":["binding"],"properties":{"header":{"type":"string"},"uid":{"type":"string"},"binding":{"type":"array","description":"Bindings list for NAT rule","items":{"$ref":"BindingDTO"},"httpMethods":["GET"],"position":"9","allowableValues":""},"order":{"type":"integer","format":"int32"},"id":{"type":"string"}}},"alias":{"id":"alias","rootElement":"alias","description":"","required":["access_allowed","exclusion","member","nat_info","uid","device_id","deviceName","application_id","global","comment","display_name","name","id","class_name"],"properties":{"access_allowed":{"type":"boolean","description":"access allowed","httpMethods":["GET","POST","PUT"],"position":"13","allowableValues":""},"exclusion":{"type":"array","description":"The exclusions","items":{"$ref":"ObjectReferenceDTO"},"position":"12","allowableValues":""},"member":{"type":"array","description":"The members","items":{"$ref":"ObjectReferenceDTO"},"httpMethods":["GET","POST","PUT"],"position":"11","allowableValues":""},"type_on_device":{"type":"string","description":"type on device","allowableValues":""},"domain_name":{"type":"string"},"management_domain":{"type":"string"},"overrides":{"type":"boolean","description":"Original value override, applicable only for Panorama NG","allowableValues":""},"any_zone":{"type":"boolean"},"nat_info":{"description":"NAT info for the network object","$ref":"NatInfoDTO","position":"10","allowableValues":""},"implicit":{"type":"boolean"},"uid":{"type":"string","description":"The uid of the device object","position":"6","allowableValues":""},"device_id":{"type":"integer","format":"int32","description":"The device ID of the device object","position":"6","allowableValues":""},"deviceName":{"type":"string","description":"Device name for device object","position":"9","allowableValues":""},"application_id":{"type":"integer","format":"int64","description":"Application ID of the device object","position":"8","allowableValues":""},"global":{"type":"boolean","description":"Is a global device object","httpMethods":["GET"],"position":"5","allowableValues":""},"comment":{"type":"string","description":"The comment of the device object","httpMethods":["GET","POST","PUT"],"position":"7","allowableValues":""},"display_name":{"type":"string","description":"The display name of the device object","httpMethods":["GET"],"position":"2","allowableValues":""},"name":{"type":"string","description":"The name of the device object","httpMethods":["GET","POST","PUT"],"position":"1","allowableValues":""},"id":{"type":"string","description":"The ID of the device object","httpMethods":["GET","PUT"],"allowableValues":""},"class_name":{"type":"string","description":"The class name of the device object","position":"3","allowableValues":""}}},"InterfaceDTO":{"id":"InterfaceDTO","rootElement":"interface","description":"","required":["direction","global","device_id","interface_ips","acl_name","id","name"],"properties":{"direction":{"type":"string","description":"The direction of the interface","httpMethods":["GET"],"position":"12","allowableValues":""},"global":{"type":"boolean","description":"Is a global interface","httpMethods":["GET"],"position":"12","allowableValues":""},"device_id":{"type":"integer","format":"int32","description":"Device ID for interface","httpMethods":["GET"],"position":"9","allowableValues":""},"interface_ips":{"description":"List of interfaces IPs","$ref":"InterfaceIpListDTO","httpMethods":["GET"],"position":"10","allowableValues":""},"acl_name":{"type":"string","description":"ACL name of the interface","httpMethods":["GET"],"position":"13","allowableValues":""},"id":{"type":"integer","format":"int64","description":"The ID of interface","httpMethods":["GET"],"position":"11","allowableValues":""},"name":{"type":"string","description":"The name of the object","httpMethods":["GET"],"position":"9","allowableValues":""}}},"NetworkObjectVirtualServerDTO":{"id":"NetworkObjectVirtualServerDTO","rootElement":"network_object","description":"","required":["nat_info","uid","application_id","global","comment","display_name","id","class_name"],"properties":{"virtual_ip":{"type":"string","description":"The virtual IP address of the device","httpMethods":["GET"],"position":"11","allowableValues":""},"pool_member":{"type":"array","description":"The server group members that are associated with the virtual server","items":{"$ref":"pool_member_1"},"httpMethods":["GET"],"position":"15","allowableValues":""},"netmask":{"type":"string","description":"The netmask for the virtual server VIP address","httpMethods":["GET"],"position":"12","allowableValues":""},"f5_device_name":{"type":"string","description":"The name of the device","httpMethods":["GET"],"position":"9","allowableValues":""},"protocol":{"type":"string","description":"The protocol that the virtual server is forwarding","httpMethods":["GET"],"position":"14","allowableValues":"TCP, UDP, SCTP"},"port":{"type":"string","description":"The port that the virtual server is forwarding (Any is shown as “-1”)","httpMethods":["GET"],"position":"13","allowableValues":""},"type_on_device":{"type":"string","description":"type on device","allowableValues":""},"domain_name":{"type":"string"},"management_domain":{"type":"string"},"overrides":{"type":"boolean","description":"Original value override, applicable only for Panorama NG","allowableValues":""},"any_zone":{"type":"boolean"},"nat_info":{"description":"NAT info for the network object","$ref":"NatInfoDTO","position":"10","allowableValues":""},"implicit":{"type":"boolean"},"uid":{"type":"string","description":"The uid of the device object","position":"6","allowableValues":""},"application_id":{"type":"integer","format":"int64","description":"Application ID of the device object","position":"8","allowableValues":""},"global":{"type":"boolean","description":"Is a global device object","httpMethods":["GET"],"position":"5","allowableValues":""},"comment":{"type":"string","description":"The comment of the device object","httpMethods":["GET","POST","PUT"],"position":"7","allowableValues":""},"display_name":{"type":"string","description":"The display name of the device object","httpMethods":["GET"],"position":"2","allowableValues":""},"id":{"type":"string","description":"The ID of the device object","httpMethods":["GET","PUT"],"allowableValues":""},"class_name":{"type":"string","description":"The class name of the device object","position":"3","allowableValues":""}}},"NatRuleDTO":{"id":"NatRuleDTO","rootElement":"nat_rule","description":"","required":["binding"],"properties":{"uid":{"type":"string"},"binding":{"type":"array","description":"Bindings list for NAT rule","items":{"$ref":"BindingDTO"},"httpMethods":["GET"],"position":"9","allowableValues":""},"order":{"type":"integer","format":"int32"},"id":{"type":"string"}},"subTypes":["TranslationNatRuleDTO","SectionNatRuleDTO"]},"HostNetworkObjectWithInterfacesDTO":{"id":"HostNetworkObjectWithInterfacesDTO","rootElement":"network_object","description":"","required":["nat_info","uid","device_id","deviceName","application_id","global","comment","display_name","name","id","class_name"],"properties":{"interfaces":{"$ref":"InterfaceForNetworkObjectListDTO"},"ip":{"type":"string","description":"The IP of the object","httpMethods":["GET","POST","PUT"],"position":"11","allowableValues":""},"type_on_device":{"type":"string","description":"type on device","allowableValues":""},"domain_name":{"type":"string"},"management_domain":{"type":"string"},"overrides":{"type":"boolean","description":"Original value override, applicable only for Panorama NG","allowableValues":""},"any_zone":{"type":"boolean"},"nat_info":{"description":"NAT info for the network object","$ref":"NatInfoDTO","position":"10","allowableValues":""},"implicit":{"type":"boolean"},"uid":{"type":"string","description":"The uid of the device object","position":"6","allowableValues":""},"device_id":{"type":"integer","format":"int32","description":"The device ID of the device object","position":"6","allowableValues":""},"deviceName":{"type":"string","description":"Device name for device object","position":"9","allowableValues":""},"application_id":{"type":"integer","format":"int64","description":"Application ID of the device object","position":"8","allowableValues":""},"global":{"type":"boolean","description":"Is a global device object","httpMethods":["GET"],"position":"5","allowableValues":""},"comment":{"type":"string","description":"The comment of the device object","httpMethods":["GET","POST","PUT"],"position":"7","allowableValues":""},"display_name":{"type":"string","description":"The display name of the device object","httpMethods":["GET"],"position":"2","allowableValues":""},"name":{"type":"string","description":"The name of the device object","httpMethods":["GET","POST","PUT"],"position":"1","allowableValues":""},"id":{"type":"string","description":"The ID of the device object","httpMethods":["GET","PUT"],"allowableValues":""},"class_name":{"type":"string","description":"The class name of the device object","position":"3","allowableValues":""}}},"IpType[]":{"id":"IpType[]","description":"","properties":{}},"ObjectReferenceDTO":{"id":"ObjectReferenceDTO","description":"","required":["id"],"properties":{"uid":{"type":"string","description":"The unique identifier of the referenced object","httpMethods":["GET"],"position":"1","allowableValues":""},"member":{"type":"array","description":"List of references to a DM_INLINE group members","items":{"$ref":"ObjectReferenceDTO"},"position":"6","allowableValues":""},"display_name":{"type":"string","description":"The display name of the referenced object","httpMethods":["GET"],"position":"2","allowableValues":""},"link":{"description":"The data structure that contains the href tag, which sets the location of the referenced object in the SecureApp database","$ref":"LinkDTO","httpMethods":["GET"],"position":"5","allowableValues":""},"name":{"type":"string","description":"The name of the referenced object","httpMethods":["GET"],"position":"3","allowableValues":""},"id":{"type":"string","description":"ID","httpMethods":["GET","POST","PUT"],"allowableValues":""},"type":{"type":"string","description":"The type of the referenced object","httpMethods":["GET"],"position":"4","allowableValues":""}}},"PolicyZoneDTO":{"id":"PolicyZoneDTO","rootElement":"zone","description":"","required":["global","id","name"],"properties":{"global":{"type":"boolean","description":"Is a global zone","httpMethods":["GET"],"position":"10","allowableValues":""},"id":{"type":"integer","format":"int64","description":"ID of the zone","httpMethods":["GET"],"position":"9","allowableValues":""},"name":{"type":"string","description":"The name of the object","httpMethods":["GET"],"position":"9","allowableValues":""}}},"HostNetworkObjectDTO":{"id":"HostNetworkObjectDTO","rootElement":"network_object","description":"","required":["nat_info","uid","device_id","deviceName","application_id","global","comment","display_name","name","id","class_name"],"properties":{"ip":{"type":"string","description":"The IP of the object","httpMethods":["GET","POST","PUT"],"position":"11","allowableValues":""},"type_on_device":{"type":"string","description":"type on device","allowableValues":""},"domain_name":{"type":"string"},"management_domain":{"type":"string"},"overrides":{"type":"boolean","description":"Original value override, applicable only for Panorama NG","allowableValues":""},"any_zone":{"type":"boolean"},"nat_info":{"description":"NAT info for the network object","$ref":"NatInfoDTO","position":"10","allowableValues":""},"implicit":{"type":"boolean"},"uid":{"type":"string","description":"The uid of the device object","position":"6","allowableValues":""},"device_id":{"type":"integer","format":"int32","description":"The device ID of the device object","position":"6","allowableValues":""},"deviceName":{"type":"string","description":"Device name for device object","position":"9","allowableValues":""},"application_id":{"type":"integer","format":"int64","description":"Application ID of the device object","position":"8","allowableValues":""},"global":{"type":"boolean","description":"Is a global device object","httpMethods":["GET"],"position":"5","allowableValues":""},"comment":{"type":"string","description":"The comment of the device object","httpMethods":["GET","POST","PUT"],"position":"7","allowableValues":""},"display_name":{"type":"string","description":"The display name of the device object","httpMethods":["GET"],"position":"2","allowableValues":""},"name":{"type":"string","description":"The name of the device object","httpMethods":["GET","POST","PUT"],"position":"1","allowableValues":""},"id":{"type":"string","description":"The ID of the device object","httpMethods":["GET","PUT"],"allowableValues":""},"class_name":{"type":"string","description":"The class name of the device object","position":"3","allowableValues":""}},"subTypes":["HostNetworkObjectWithInterfacesDTO"]},"NetworkObjectGroupDTO":{"id":"NetworkObjectGroupDTO","rootElement":"network_object","description":"","required":["access_allowed","exclusion","member","nat_info","uid","device_id","deviceName","application_id","global","comment","display_name","name","id","class_name"],"properties":{"access_allowed":{"type":"boolean","description":"access allowed","httpMethods":["GET","POST","PUT"],"position":"13","allowableValues":""},"exclusion":{"type":"array","description":"The exclusions","items":{"$ref":"ObjectReferenceDTO"},"position":"12","allowableValues":""},"member":{"type":"array","description":"The members","items":{"$ref":"ObjectReferenceDTO"},"httpMethods":["GET","POST","PUT"],"position":"11","allowableValues":""},"type_on_device":{"type":"string","description":"type on device","allowableValues":""},"domain_name":{"type":"string"},"management_domain":{"type":"string"},"overrides":{"type":"boolean","description":"Original value override, applicable only for Panorama NG","allowableValues":""},"any_zone":{"type":"boolean"},"nat_info":{"description":"NAT info for the network object","$ref":"NatInfoDTO","position":"10","allowableValues":""},"implicit":{"type":"boolean"},"uid":{"type":"string","description":"The uid of the device object","position":"6","allowableValues":""},"device_id":{"type":"integer","format":"int32","description":"The device ID of the device object","position":"6","allowableValues":""},"deviceName":{"type":"string","description":"Device name for device object","position":"9","allowableValues":""},"application_id":{"type":"integer","format":"int64","description":"Application ID of the device object","position":"8","allowableValues":""},"global":{"type":"boolean","description":"Is a global device object","httpMethods":["GET"],"position":"5","allowableValues":""},"comment":{"type":"string","description":"The comment of the device object","httpMethods":["GET","POST","PUT"],"position":"7","allowableValues":""},"display_name":{"type":"string","description":"The display name of the device object","httpMethods":["GET"],"position":"2","allowableValues":""},"name":{"type":"string","description":"The name of the device object","httpMethods":["GET","POST","PUT"],"position":"1","allowableValues":""},"id":{"type":"string","description":"The ID of the device object","httpMethods":["GET","PUT"],"allowableValues":""},"class_name":{"type":"string","description":"The class name of the device object","position":"3","allowableValues":""}},"subTypes":["alias","CloudSecurityGroupDTO"]},"InterfaceListDTO":{"id":"InterfaceListDTO","rootElement":"interfaces","description":"","properties":{"interface":{"type":"array","description":"interfaces list","items":{"$ref":"BasicInterfaceDTO"},"httpMethods":["GET"],"position":"9","allowableValues":""}}},"nat_rules":{"id":"nat_rules","rootElement":"nat_rules","required":["nat_rule"],"properties":{"nat_rule":{"type":"array","items":{"$ref":"NatRuleDTO"}}}}}}