{"apiVersion":"1.0.0","resourcePath":"/Network Zone Manager - Patterns","apis":[{"path":"/zones/{zone_id:[0-9]+}/pattern-entries","operations":[{"baseURL":"/securetrack/api","method":"POST","summary":"Create a zone pattern entry in a specific zone","notes":"Create a zone pattern entry in a specific zone by identifier","examples":["https://192.168.1.1/securetrack/api/zones/2/pattern-entries|\u0026lt;?xml version\u003d\"1.0\" encoding\u003d\"UTF-8\" standalone\u003d\"yes\"?\u0026gt;\n\u0026lt;create_pattern_match_entry\u0026gt;\n\t\u0026lt;pattern_match_entry\u0026gt;\n\t\t\u0026lt;id\u0026gt;1\u0026lt;/id\u0026gt;\n\t\t\u0026lt;zone_id\u0026gt;2\u0026lt;/zone_id\u0026gt;\n\t\t\u0026lt;domain\u0026gt;\n\t\t\t\u0026lt;id\u0026gt;1\u0026lt;/id\u0026gt;\n\t\t\t\u0026lt;name\u0026gt;Default\u0026lt;/name\u0026gt;\n\t\t\u0026lt;/domain\u0026gt;\n\t\t\u0026lt;pattern\u0026gt;WEB\u0026lt;/pattern\u0026gt;\n\t\t\u0026lt;type\u0026gt;security_group_by_name\u0026lt;/type\u0026gt;\n\t\t\u0026lt;comment\u0026gt;This is a comment\u0026lt;/comment\u0026gt;\n\t\u0026lt;/pattern_match_entry\u0026gt;\n\u0026lt;/create_pattern_match_entry\u0026gt;"],"position":"7","type":"void","nickname":"addPatternMatchEntry","consumes":["application/xml","application/json"],"parameters":[{"name":"context","description":"Global MSSP context.","required":false,"type":"integer","format":"int32","paramType":"query","allowMultiple":false,"allowableValues":""},{"name":"zone_id","description":"Identifier of the zone containing the zone pattern entry.","required":true,"type":"integer","format":"int32","paramType":"path","allowMultiple":false,"allowableValues":""},{"name":"body","rootElement":"create_pattern_match_entry","description":"The zone pattern entry to create.","required":true,"type":"CreatePatternMatchEntryRequestDTO","format":"","paramType":"body","allowMultiple":false,"allowableValues":""}],"responseMessages":[{"code":201,"message":"The zone pattern entry was created successfully."},{"code":401,"message":"User is not permitted to access the specified domain"},{"code":400,"message":"Some of pattern entry parameters were invalid or missing"},{"code":404,"message":"A zone with the specified identifier was not found."}]}]},{"path":"/zones/{ids:(([0-9]+,)*[0-9]+|\\*)}/pattern-entries","operations":[{"baseURL":"/securetrack/api","method":"GET","summary":"Get all pattern entries for specific zones","notes":"Get the list of zone pattern entries for specific zones by identifiers","examples":["https://192.168.1.1/securetrack/api/zones/1,2/pattern-entries|\u0026lt;?xml version\u003d\"1.0\" encoding\u003d\"UTF-8\" standalone\u003d\"yes\"?\u0026gt;\n\u0026lt;pattern_match_entries_find_result\u0026gt;\n\t\u0026lt;paging_info\u0026gt;\n\t\t\u0026lt;start\u0026gt;0\u0026lt;/start\u0026gt;\n\t\t\u0026lt;count\u0026gt;2\u0026lt;/count\u0026gt;\n\t\t\u0026lt;total\u0026gt;2\u0026lt;/total\u0026gt;\n\t\u0026lt;/paging_info\u0026gt;\n\t\u0026lt;pattern_match_entries\u0026gt;\n\t\t\u0026lt;pattern_match_entry\u0026gt;\n\t\t\t\u0026lt;id\u0026gt;2\u0026lt;/id\u0026gt;\n\t\t\t\u0026lt;type\u0026gt;security_group_by_name\u0026lt;/type\u0026gt;\n\t\t\t\u0026lt;comment\u0026gt;This is a comment\u0026lt;/comment\u0026gt;\n\t\t\t\u0026lt;pattern\u0026gt;WEB\u0026lt;/pattern\u0026gt;\n\t\t\t\u0026lt;zone_id\u0026gt;1\u0026lt;/zone_id\u0026gt;\n\t\t\u0026lt;/pattern_match_entry\u0026gt;\n\t\t\u0026lt;pattern_match_entry\u0026gt;\n\t\t\t\u0026lt;id\u0026gt;3\u0026lt;/id\u0026gt;\n\t\t\t\u0026lt;type\u0026gt;security_group_by_name\u0026lt;/type\u0026gt;\n\t\t\t\u0026lt;comment\u0026gt;This is a comment\u0026lt;/comment\u0026gt;\n\t\t\t\u0026lt;pattern\u0026gt;WEo\u0026lt;/pattern\u0026gt;\n\t\t\t\u0026lt;zone_id\u0026gt;2\u0026lt;/zone_id\u0026gt;\n\t\t\u0026lt;/pattern_match_entry\u0026gt;\n\t\u0026lt;/pattern_match_entries\u0026gt;\n\u0026lt;/pattern_match_entries_find_result\u0026gt;\n"],"position":"6","type":"PatternMatchEntriesFindResultDTO","nickname":"getPatternMatchEntries","produces":["application/xml","application/json"],"parameters":[{"name":"context","description":"Global MSSP context.","required":false,"type":"integer","format":"int32","paramType":"query","allowMultiple":false,"allowableValues":""},{"name":"ids","description":"Filter by IDs for the pattern entry results.","required":false,"type":"string","paramType":"path","allowMultiple":false,"allowableValues":""},{"name":"pattern","description":"Filter by pattern string for the zone entry results.","required":false,"type":"string","paramType":"query","allowMultiple":false,"allowableValues":""},{"name":"name","description":"Filter by zone name for the pattern entry results.","required":false,"type":"string","paramType":"query","allowMultiple":false,"allowableValues":""},{"name":"comment","description":"Filter by comment for the pattern entry results.","required":false,"type":"string","paramType":"query","allowMultiple":false,"allowableValues":""},{"name":"sort","description":"Sort ascending or descending.","required":false,"type":"string","paramType":"query","allowMultiple":false,"allowableValues":"asc,desc"},{"name":"start","description":"Starting page number for query results.","required":false,"type":"integer","format":"int32","paramType":"query","allowMultiple":false,"allowableValues":""},{"name":"count","description":"Number of pages to return for the query, starting from the specified starting page.","required":false,"type":"integer","format":"int32","paramType":"query","allowMultiple":false,"allowableValues":""},{"name":"children","description":"Include child zones in the results.","defaultValue":"false","required":false,"type":"boolean","paramType":"query","allowMultiple":false,"allowableValues":""}],"responseMessages":[{"code":200,"message":"The zone pattern entries were successfully retrieved."},{"code":401,"message":"User is not permitted to access the specified domain"},{"code":404,"message":"A zone with the specified ID was not found."}]}]},{"path":"/zones/{zone_id:[0-9]+}/pattern-entries/{id:[0-9]+}","operations":[{"baseURL":"/securetrack/api","method":"GET","summary":"Get a specific zone pattern entry for a specific zone","notes":"Get a specific zone pattern entry for a specific zone by identifier","examples":["https://192.168.1.1/securetrack/api/zones/75/pattern-entries/2|\u0026lt;?xml version\u003d\"1.0\" encoding\u003d\"UTF-8\" standalone\u003d\"yes\"?\u0026gt;\n\u0026lt;pattern_match_entry\u0026gt;\n\t\u0026lt;id\u0026gt;2\u0026lt;/id\u0026gt;\t\u0026lt;type\u0026gt;security_group_by_name\u0026lt;/type\u0026gt;\n\t\u0026lt;comment\u0026gt;This is a comment\u0026lt;/comment\u0026gt;\n\t\u0026lt;pattern\u0026gt;WEB\u0026lt;/pattern\u0026gt;\n\t\u0026lt;zone_id\u0026gt;75\u0026lt;/zone_id\u0026gt;\n\t\u0026lt;zone_name\u0026gt;Zone_10_0_0_1\u0026lt;/zone_name\u0026gt;\n\t\u0026lt;domain\u0026gt;\n\t\t\u0026lt;address\u0026gt;koko\u0026lt;/address\u0026gt;\n\t\t\u0026lt;description\u0026gt;bobo\u0026lt;/description\u0026gt;\n\t\t\u0026lt;id\u0026gt;1\u0026lt;/id\u0026gt;\n\t\t\u0026lt;name\u0026gt;Default\u0026lt;/name\u0026gt;\n\t\u0026lt;/domain\u0026gt;\n\u0026lt;/pattern_match_entry\u0026gt;\n"],"position":"6","type":"PatternMatchEntryDTO","nickname":"getPatternMatchEntry","produces":["application/xml","application/json"],"parameters":[{"name":"context","description":"Global MSSP context.","required":false,"type":"integer","format":"int32","paramType":"query","allowMultiple":false,"allowableValues":""},{"name":"zone_id","description":"Identifier of the zone containing the zone entry.","required":true,"type":"integer","format":"int32","paramType":"path","allowMultiple":false,"allowableValues":""},{"name":"id","description":"Identifier of the zone pattern entry.","required":true,"type":"integer","format":"int64","paramType":"path","allowMultiple":false,"allowableValues":""}],"responseMessages":[{"code":200,"message":"The zone pattern entry was successfully retrieved."},{"code":401,"message":"User is not permitted to access the specified domain"},{"code":404,"message":"A zone with the specified identifier was not found."},{"code":404,"message":"A zone pattern entry with the specified identifier was not found."}]}]}],"models":{"PatternMatchEntryDTO":{"id":"PatternMatchEntryDTO","rootElement":"pattern_match_entry","description":"","required":["pattern","id","type"],"properties":{"zone_id":{"type":"integer","format":"int32","description":"Entry zone identifier","allowableValues":""},"new_zone_id":{"type":"integer","format":"int32","description":"New zone identifier to migrate the entry into","allowableValues":""},"zone_name":{"type":"string","description":"Entry zone name","allowableValues":""},"domain":{"description":"Entry domain","$ref":"(tufin-client-api):domain","allowableValues":""},"comment":{"type":"string","description":"Entry comment","allowableValues":""},"pattern":{"type":"string","description":"Pattern to find security group by name","allowableValues":""},"id":{"type":"integer","format":"int64","description":"The zone entry ID.","allowableValues":""},"type":{"type":"string","description":"Entry type. Currently only \"security_group_by_name\" is supported","allowableValues":"security_group_by_name"}}},"PatternMatchEntriesFindResultDTO":{"id":"PatternMatchEntriesFindResultDTO","rootElement":"pattern_match_entries_find_result","description":"","required":["paging_info","pattern_match_entry"],"properties":{"paging_info":{"description":"Paging information","$ref":"PagerDTO","allowableValues":""},"pattern_match_entry":{"type":"array","description":"Pattern match entries List","items":{"$ref":"PatternMatchEntryDTO"},"allowableValues":""}}},"CreatePatternMatchEntryRequestDTO":{"id":"CreatePatternMatchEntryRequestDTO","rootElement":"create_pattern_match_entry","description":"","required":["pattern_match_entry"],"properties":{"pattern_match_entry":{"description":"Zone pattern match entry","$ref":"PatternMatchEntryDTO","allowableValues":""}}},"(tufin-client-api):domain":{"id":"(tufin-client-api):domain","rootElement":"domain","description":"","required":["description","address","name","id"],"properties":{"description":{"type":"string","description":"The description of the domain","httpMethods":["GET"],"allowableValues":""},"address":{"type":"string","description":"The address of the domain","httpMethods":["GET"],"allowableValues":""},"name":{"type":"string","description":"The name of the domain","httpMethods":["GET"],"allowableValues":""},"id":{"type":"integer","format":"int32","description":"The ID of the domain","httpMethods":["GET"],"allowableValues":""}}},"PagerDTO":{"id":"PagerDTO","rootElement":"paging_info","description":"","required":["count","total","start"],"properties":{"count":{"type":"integer","format":"int32","description":"List elements counter","httpMethods":["GET"],"allowableValues":""},"total":{"type":"integer","format":"int64","description":"Total list elements","httpMethods":["GET"],"position":"1","allowableValues":""},"start":{"type":"integer","format":"int64","description":"Start element index, started from zero","httpMethods":["GET"],"allowableValues":""}}}}}