{"apiVersion":"1.0.0","resourcePath":"/Network Zone Manager - Subnets","apis":[{"path":"/zones/{ids:(([0-9]+,)*[0-9]+|\\*)}/entries","operations":[{"baseURL":"/securetrack/api","method":"GET","summary":"Get entries for a zone","notes":"Get the list of zone entries for a zone.","examples":["https://192.168.1.1/securetrack/api/zones/2/entries"],"position":"6","type":"ZoneEntryListDTO","nickname":"getZoneEntries","produces":["application/xml","application/json"],"parameters":[{"name":"context","description":"Global MSSP context.","required":false,"type":"integer","format":"int32","paramType":"query","allowMultiple":false,"allowableValues":""},{"name":"ids","description":"Filter by IDs for the zone entry results.","required":false,"type":"string","paramType":"path","allowMultiple":false,"allowableValues":""},{"name":"name","description":"Filter by name for the zone entry results.","required":false,"type":"string","paramType":"query","allowMultiple":false,"allowableValues":""},{"name":"ip","description":"Filter by IP for the zone entry results.","required":false,"type":"string","paramType":"query","allowMultiple":false,"allowableValues":""},{"name":"netmask","description":"Filter by netmask for the zone entry results.","required":false,"type":"string","paramType":"query","allowMultiple":false,"allowableValues":""},{"name":"prefix","description":"Filter by prefix for the zone entry results.","required":false,"type":"string","paramType":"query","allowMultiple":false,"allowableValues":""},{"name":"comment","description":"Filter by comment for the zone entry results.","required":false,"type":"string","paramType":"query","allowMultiple":false,"allowableValues":""},{"name":"group","description":"Filter by device group for the zone entry results.","required":false,"type":"string","paramType":"query","allowMultiple":false,"allowableValues":""},{"name":"sort","description":"Sort ascending or descending.","required":false,"type":"string","paramType":"query","allowMultiple":false,"allowableValues":"asc,desc"},{"name":"start","description":"Starting page number for query results.","required":false,"type":"string","paramType":"query","allowMultiple":false,"allowableValues":""},{"name":"count","description":"Number of pages to return for the query, starting from the specified starting page.","required":false,"type":"string","paramType":"query","allowMultiple":false,"allowableValues":""},{"name":"children","description":"Include child zones in the results.","defaultValue":"false","required":false,"type":"boolean","paramType":"query","allowMultiple":false,"allowableValues":""}],"responseMessages":[{"code":200,"message":"The zone entries were successfully retrieved."},{"code":401,"message":"User is not permitted to access the specified domain"},{"code":404,"message":"A zone with the specified ID was not found."}]}]},{"path":"/zones/{zone_id:[0-9]+}/entries/{id:[0-9]+}","operations":[{"baseURL":"/securetrack/api","method":"GET","summary":"Get a specific zone entry","notes":"Get a specific zone entry by ID for a zone.","examples":["https://192.168.1.1/securetrack/api/zones/2/entries/123"],"position":"6","type":"ZoneEntryDTO","nickname":"getZoneEntry","produces":["application/xml","application/json"],"parameters":[{"name":"context","description":"Global MSSP context.","required":false,"type":"integer","format":"int32","paramType":"query","allowMultiple":false,"allowableValues":""},{"name":"zone_id","description":"The ID of the zone containing the zone entry.","required":true,"type":"integer","format":"int32","paramType":"path","allowMultiple":false,"allowableValues":""},{"name":"id","description":"The ID of the zone entry.","required":true,"type":"integer","format":"int32","paramType":"path","allowMultiple":false,"allowableValues":""}],"responseMessages":[{"code":200,"message":"The zone entry was successfully retrieved."},{"code":401,"message":"User is not permitted to access the specified domain"},{"code":404,"message":"A zone with the specified ID was not found."},{"code":404,"message":"A zone entry with the specified ID was not found."}]},{"baseURL":"/securetrack/api","method":"DELETE","summary":"Delete zone entries","notes":"Delete existing zone entries.","examples":["https://192.168.1.1/securetrack/api/zones/2/entries/10"],"position":"9","type":"void","nickname":"deleteZoneEntry","parameters":[{"name":"context","description":"Global MSSP context.","required":false,"type":"integer","format":"int32","paramType":"query","allowMultiple":false,"allowableValues":""},{"name":"zone_id","description":"The ID of the zone containing the zone entry.","required":true,"type":"integer","format":"int32","paramType":"path","allowMultiple":false,"allowableValues":""},{"name":"id","description":"The ID of the zone entry to delete.","required":true,"type":"integer","format":"int32","paramType":"path","allowMultiple":false,"allowableValues":""}],"responseMessages":[{"code":200,"message":"The zone entry was deleted successfully."},{"code":401,"message":"User is not permitted to access the specified domain"},{"code":404,"message":"A zone with the specified ID was not found."},{"code":404,"message":"A zone entry with the specified ID was not found."}]}]},{"path":"/zones/{zone_id:[0-9]+}/entries","operations":[{"baseURL":"/securetrack/api","method":"POST","summary":"Create a zone entry","notes":"Create a zone entry for a zone.","examples":["https://192.168.1.1/securetrack/api/zones/2/entries|\u0026lt;?xml version\u003d\"1.0\" encoding\u003d\"UTF-8\"?\u0026gt;\n\u0026lt;zone_entry\u0026gt;\n\t\t\u0026lt;domain\u0026gt;\n\t\t\t\t\u0026lt;id\u0026gt;1\u0026lt;/id\u0026gt;\n\t\t\t\t\u0026lt;name\u0026gt;Default\u0026lt;/name\u0026gt;\n\t\t\u0026lt;/domain\u0026gt;\n\t\t\u0026lt;ip\u0026gt;192.168.2.1\u0026lt;/ip\u0026gt;\n\t\t\u0026lt;netmask\u0026gt;255.255.255.0\u0026lt;/netmask\u0026gt;\n\t\t\u0026lt;zoneId\u0026gt;2\u0026lt;/zoneId\u0026gt;\n\t\t\u0026lt;zoneName\u0026gt;DMZ\u0026lt;/zoneName\u0026gt;\n\u0026lt;/zone_entry\u0026gt;"],"position":"7","type":"void","nickname":"addZoneEntry","consumes":["application/xml","application/json"],"parameters":[{"name":"context","description":"Global MSSP context.","required":false,"type":"integer","format":"int32","paramType":"query","allowMultiple":false,"allowableValues":""},{"name":"zone_id","description":"The ID of the zone containing the zone entry.","required":true,"type":"integer","format":"int32","paramType":"path","allowMultiple":false,"allowableValues":""},{"name":"body","rootElement":"zone_entry","description":"The zone entry to create.","required":true,"type":"ZoneEntryDTO","format":"","paramType":"body","allowMultiple":false,"allowableValues":""}],"responseMessages":[{"code":201,"message":"The zone entry was created successfully."},{"code":401,"message":"User is not permitted to access the specified domain"},{"code":400,"message":"The zone entry parameters were invalid"},{"code":404,"message":"A zone with the specified ID was not found."}]}]},{"path":"/zones/{zone_id}/entries/{id:[0-9]+}","operations":[{"baseURL":"/securetrack/api","method":"PUT","summary":"Modify a zone entry","notes":"Modify an existing zone entry.","examples":["https://192.168.1.1/securetrack/api/zones/2/entries/123|\u0026lt;?xml version\u003d\"1.0\" encoding\u003d\"UTF-8\"?\u0026gt;\n\u0026lt;zone_entry\u0026gt;\n\t\t\u0026lt;domain\u0026gt;\n\t\t\t\t\u0026lt;id\u0026gt;1\u0026lt;/id\u0026gt;\n\t\t\t\t\u0026lt;name\u0026gt;Default\u0026lt;/name\u0026gt;\n\t\t\u0026lt;/domain\u0026gt;\n\t\t\u0026lt;id\u0026gt;123\u0026lt;/id\u0026gt;\n\t\t\u0026lt;ip\u0026gt;192.168.3.1\u0026lt;/ip\u0026gt;\n\t\t\u0026lt;netmask\u0026gt;255.255.255.0\u0026lt;/netmask\u0026gt;\n\t\t\u0026lt;zoneId\u0026gt;2\u0026lt;/zoneId\u0026gt;\n\t\t\u0026lt;zoneName\u0026gt;DMZ\u0026lt;/zoneName\u0026gt;\n\u0026lt;/zone_entry\u0026gt;"],"position":"7","type":"void","nickname":"editZoneEntry","consumes":["application/xml","application/json"],"parameters":[{"name":"context","description":"Global MSSP context.","required":false,"type":"integer","format":"int32","paramType":"query","allowMultiple":false,"allowableValues":""},{"name":"zone_id","description":"The ID of the zone containing the zone entry.","required":true,"type":"string","paramType":"path","allowMultiple":false,"allowableValues":""},{"name":"id","description":"The ID of the zone entry.","required":true,"type":"integer","format":"int32","paramType":"path","allowMultiple":false,"allowableValues":""},{"name":"body","rootElement":"zone_entry","description":"The modified zone entry.","required":true,"type":"ZoneEntryDTO","format":"","paramType":"body","allowMultiple":false,"allowableValues":""}],"responseMessages":[{"code":200,"message":"The zone entry was modified successfully."},{"code":401,"message":"User is not permitted to access the specified domain"},{"code":400,"message":"The zone entry parameters were invalid"},{"code":404,"message":"A zone with the specified ID was not found."},{"code":404,"message":"A zone entry with the specified ID was not found."}]}]},{"path":"/zones/{zone_ids}/entries/{ids:(([0-9]+,)+[0-9]+|\\*)}","operations":[{"baseURL":"/securetrack/api","method":"PUT","summary":"Modify multiple existing zone entries","notes":"Modify multiple existing zone entries.","examples":["https://192.168.1.1/securetrack/api/zones/2,3/entries/10,20|\u0026lt;?xml version\u003d\"1.0\" encoding\u003d\"UTF-8\"?\u0026gt;\n\u0026lt;zone_entries\u0026gt;\n\t\u0026lt;zone_entry\u0026gt;\n\t\t\u0026lt;domain\u0026gt;\n\t\t\t\u0026lt;id\u0026gt;1\u0026lt;/id\u0026gt;\n\t\t\t\u0026lt;name\u0026gt;Default\u0026lt;/name\u0026gt;\n\t\t\u0026lt;/domain\u0026gt;\n\t\t\u0026lt;id\u0026gt;2\u0026lt;/id\u0026gt;\n\t\t\u0026lt;ip\u0026gt;192.168.19.1\u0026lt;/ip\u0026gt;\n\t\t\u0026lt;netmask\u0026gt;255.255.255.0\u0026lt;/netmask\u0026gt;\n\t\t\u0026lt;zoneId\u0026gt;10\u0026lt;/zoneId\u0026gt;\n\t\t\u0026lt;zoneName\u0026gt;DMZ\u0026lt;/zoneName\u0026gt;\n\t\u0026lt;/zone_entry\u0026gt;\n\t\u0026lt;zone_entry\u0026gt;\n\t\t\u0026lt;domain\u0026gt;\n\t\t\t\u0026lt;id\u0026gt;1\u0026lt;/id\u0026gt;\n\t\t\t\u0026lt;name\u0026gt;Default\u0026lt;/name\u0026gt;\n\t\t\u0026lt;/domain\u0026gt;\n\t\t\u0026lt;id\u0026gt;1\u0026lt;/id\u0026gt;\n\t\t\u0026lt;ip\u0026gt;192.168.12.1\u0026lt;/ip\u0026gt;\n\t\t\u0026lt;netmask\u0026gt;255.255.255.0\u0026lt;/netmask\u0026gt;\n\t\t\u0026lt;zoneId\u0026gt;20\u0026lt;/zoneId\u0026gt;\n\t\t\u0026lt;zoneName\u0026gt;LAN\u0026lt;/zoneName\u0026gt;\n\t\u0026lt;/zone_entry\u0026gt;\n\u0026lt;/zone_entries\u0026gt;"],"position":"8","type":"void","nickname":"editZoneEntries","consumes":["application/xml","application/json"],"parameters":[{"name":"context","description":"Global MSSP context.","required":false,"type":"integer","format":"int32","paramType":"query","allowMultiple":false,"allowableValues":""},{"name":"zone_ids","description":"The ID(s) of the zones containing the zone entries.","required":true,"type":"string","paramType":"path","allowMultiple":false,"allowableValues":""},{"name":"ids","description":"The ID(s) of the zone entries to modify.","required":true,"type":"string","paramType":"path","allowMultiple":false,"allowableValues":""},{"name":"body","rootElement":"zone_entries","description":"","required":false,"type":"ZoneEntryListDTO","format":"","paramType":"body","allowMultiple":false}],"responseMessages":[{"code":200,"message":"The zone entry was modified successfully."},{"code":401,"message":"User is not permitted to access the specified domain"},{"code":400,"message":"The zone entry parameters were invalid"},{"code":404,"message":"A zone with the specified ID was not found."},{"code":404,"message":"A zone entry with the specified ID was not found."}]}]},{"path":"/zones/{zone_ids}/entries/{ids:(([0-9]+,)*[0-9]+|\\*)}","operations":[{"baseURL":"/securetrack/api","method":"DELETE","summary":"Modify a zone entry","notes":"Modify an existing zone entry.","examples":["https://192.168.1.1/securetrack/api/zones/2,3/entries/10,20"],"position":"10","type":"void","nickname":"deleteZoneEntries","parameters":[{"name":"context","description":"Global MSSP context.","required":false,"type":"integer","format":"int32","paramType":"query","allowMultiple":false,"allowableValues":""},{"name":"zone_ids","description":"The ID(s) of the zones containing the zone entry.","required":true,"type":"string","paramType":"path","allowMultiple":false,"allowableValues":""},{"name":"ids","description":"The ID(s) of the zone entries to delete.","required":true,"type":"string","paramType":"path","allowMultiple":false,"allowableValues":""}],"responseMessages":[{"code":200,"message":"The zone entry was deleted successfully."},{"code":401,"message":"User is not permitted to access the specified domain"},{"code":404,"message":"A zone with the specified ID was not found."},{"code":404,"message":"A zone entry with the specified ID was not found."}]}]}],"models":{"LocalDateTime":{"id":"LocalDateTime","description":"","properties":{"year":{"type":"integer","format":"int32"}}},"ZoneEntryDTO":{"id":"ZoneEntryDTO","rootElement":"zone_entry","description":"","required":["ip","netmask","prefix","id"],"properties":{"ip":{"type":"string","description":"The zone entry IP address.","allowableValues":""},"netmask":{"type":"string","description":"The zone entry IP netmask.","allowableValues":""},"zoneId":{"type":"integer","format":"int32"},"new_zone_id":{"type":"integer","format":"int32"},"zoneName":{"type":"string"},"domain":{"$ref":"DomainDTO"},"comment":{"type":"string","description":"The zone entry comment.","allowableValues":""},"prefix":{"type":"string","description":"The zone entry IP prefix.","allowableValues":""},"id":{"type":"string","description":"The zone entry ID.","allowableValues":""}}},"User":{"id":"User","description":"","properties":{"dateFormat":{"type":"string"},"firstName":{"type":"string"},"lastName":{"type":"string"},"emailAddress":{"type":"string"},"userType":{"$ref":"UserType"},"canViewAnyDevice":{"type":"boolean"},"permittedDevices":{"type":"array","items":{"$ref":"Device"}},"permittedDomains":{"type":"array","items":{"$ref":"Domain"}},"modifiedColor":{"type":"string"},"deletedColor":{"type":"string"},"insertedColor":{"type":"string"},"innerModifiedColor":{"type":"string"},"showAllObjects":{"type":"boolean"},"recentRevisionsPeriod":{"type":"string"},"deviceDefaultView":{"type":"string"},"canAccessGlobalContext":{"type":"boolean"},"userLoginType":{"$ref":"UserLoginType"},"id":{"type":"string"}}},"RevisionManualAuthorizationStatus":{"id":"RevisionManualAuthorizationStatus","description":"","properties":{}},"DeviceGroup":{"id":"DeviceGroup","description":"","properties":{"groupMembers":{"type":"array","items":{"$ref":"DeviceGroup"}},"devices":{"type":"array","items":{"$ref":"Device"}},"domain":{"$ref":"Domain"},"name":{"type":"string"},"parent":{"$ref":"DeviceGroup"},"id":{"type":"integer","format":"int32"}}},"ChangeRequest":{"id":"ChangeRequest","description":"","properties":{"changeUid":{"type":"string"},"requestId":{"type":"string"},"source":{"$ref":"ChangeRequestSource"}}},"DomainDTO":{"id":"DomainDTO","rootElement":"domain","description":"","required":["name"],"properties":{"description":{"type":"string","description":"The Description","position":"3","allowableValues":""},"address":{"type":"string","description":"The Address","position":"2","allowableValues":""},"name":{"type":"string","description":"The Name","position":"1","allowableValues":""},"id":{"type":"string","description":"The id","allowableValues":""}}},"Timestamp":{"id":"Timestamp","description":"","properties":{"nanos":{"type":"integer","format":"int32"}}},"LocalDate":{"id":"LocalDate","description":"","properties":{"year":{"type":"integer","format":"int32"}}},"AdminDomainInfo":{"id":"AdminDomainInfo","description":"","properties":{"domainId":{"type":"string"},"lastSnapshotId":{"type":"integer","format":"int32"},"id":{"$ref":"AdminDomainInfoId"}}},"RevisionAction":{"id":"RevisionAction","description":"","properties":{}},"DeviceGroupDTO":{"id":"DeviceGroupDTO","rootElement":"device_group","description":"","properties":{"atnTDeviceGroup":{"$ref":"AtnTDeviceGroup"},"domain":{"$ref":"DomainDTO"}}},"StPlugin":{"id":"StPlugin","description":"","properties":{"model":{"type":"string"},"vendor":{"type":"string"},"revision":{"type":"string"},"plugin_name":{"type":"string"},"data_retriever":{"type":"string"},"command_line":{"type":"string"},"standard_input":{"type":"string"},"time":{"$ref":"Timestamp"},"date":{"type":"string","format":"date-time"},"version":{"type":"string"},"protocols":{"type":"string"},"id":{"type":"integer","format":"int32"}}},"RevisionComment":{"id":"RevisionComment","description":"","properties":{"editor":{"type":"string"},"date":{"type":"string","format":"date-time"},"comment":{"type":"string"}}},"DurationFieldType":{"id":"DurationFieldType","description":"","properties":{}},"ChangeRequestSource[]":{"id":"ChangeRequestSource[]","description":"","properties":{}},"RevisionAutomaticAuthorizationStatus":{"id":"RevisionAutomaticAuthorizationStatus","description":"","properties":{"value":{"type":"string"}}},"Chronology":{"id":"Chronology","description":"","properties":{}},"RevisionManualAuthorization":{"id":"RevisionManualAuthorization","description":"","properties":{"authorizationStatus":{"$ref":"RevisionManualAuthorizationStatus"},"authorizationDate":{"$ref":"LocalDateTime"},"authorizingUserId":{"type":"string"}}},"StServer":{"id":"StServer","description":"","properties":{"ip":{"type":"string"},"diskUsage":{"type":"integer","format":"int32"},"displayName":{"type":"string"},"id":{"type":"integer","format":"int32"}}},"LocalTime":{"id":"LocalTime","description":"","properties":{}},"RevisionManualAuthorizationStatus[]":{"id":"RevisionManualAuthorizationStatus[]","description":"","properties":{}},"Device":{"id":"Device","description":"","properties":{"managementSecondaryIp":{"type":"string"},"deviceUserName":{"type":"string"},"offline":{"type":"boolean"},"snmpPort":{"type":"string"},"deviceLoginUserName":{"type":"string"},"opsecStatus":{"type":"string"},"ruleUsageStatus":{"type":"string"},"monitoringUseDefault":{"type":"boolean"},"dynamicTopologyDataMode":{"type":"string"},"leaAuth":{"type":"string"},"leaPort":{"type":"string"},"fw1AuditLogFile":{"type":"string"},"fw1RegularLogFile":{"type":"string"},"cpmiAuth":{"type":"string"},"cpmiPort":{"type":"string"},"monitoringMode":{"$ref":"MonitoringMode"},"lastError":{"type":"integer","format":"int32"},"groups":{"type":"array","items":{"$ref":"DeviceGroup"}},"treeRevision":{"$ref":"Revision"},"latestRevision":{"$ref":"Revision"},"revisions":{"type":"array","items":{"$ref":"Revision"}},"toBeDeleted":{"type":"boolean"},"zoneBased":{"type":"boolean"},"started":{"type":"boolean"},"disabled":{"type":"boolean"},"plugin":{"$ref":"StPlugin"},"moduleUid":{"type":"string"},"hasTopology":{"type":"boolean"},"objectUsageMode":{"type":"string"},"parentManagement":{"$ref":"Device"},"deviceUseEnable":{"type":"boolean"},"softwareVersion":{"type":"string"},"mplsVpnLabels":{"type":"array","items":{"$ref":"MplsVpnLabel"}},"containedIn":{"type":"array","items":{"$ref":"AtnTDeviceGroup"}},"deviceLoginPassword":{"type":"string"},"devicePassword":{"type":"string"},"auditLogSourceId":{"$ref":"Device"},"logAssociatedCma":{"$ref":"Device"},"routingTableEntries":{"type":"array","items":{"$ref":"RoutingTableEntry"}},"fw1RegularLogMode":{"type":"string"},"deviceTerminalType":{"$ref":"TerminalType"},"deviceEnablePassword":{"type":"string"},"certificate":{"$ref":"Certificate"},"mode":{"$ref":"ModeType"},"server":{"$ref":"StServer"},"children":{"type":"array","items":{"$ref":"Device"}},"interfaces":{"type":"array","items":{"$ref":"TopologyInterface"}},"parent":{"$ref":"Device"},"port":{"type":"integer","format":"int32"},"virtualContext":{"type":"boolean"},"contextName":{"type":"string"},"ip":{"type":"string"},"cpType":{"type":"string"},"deviceType":{"type":"string"},"virtualType":{"type":"string"},"firewallId":{"type":"string"},"name":{"type":"string"},"id":{"type":"integer","format":"int32"},"hostName":{"type":"string"},"domain":{"$ref":"Domain"},"uid":{"type":"string"}}},"MplsVpnLabel":{"id":"MplsVpnLabel","description":"","properties":{"deviceId":{"type":"integer","format":"int32"},"destination":{"type":"string"},"virtualRouterId":{"type":"integer","format":"int32"},"nextHop":{"type":"string"},"outValue":{"type":"string"},"genericDeviceId":{"type":"integer","format":"int32"},"inType":{"type":"string"},"inValue":{"type":"string"},"outType":{"type":"string"},"mask":{"type":"string"},"id":{"type":"integer","format":"int32"},"uid":{"type":"string"}}},"UserLoginType":{"id":"UserLoginType","description":"","properties":{}},"VirtualRouter":{"id":"VirtualRouter","description":"","properties":{"routes":{"type":"array","items":{"$ref":"RoutingTableEntry"}},"device":{"$ref":"Device"},"genericDevice":{"$ref":"GenericDevice"},"mplsVpnLabels":{"type":"array","items":{"$ref":"MplsVpnLabel"}},"name":{"type":"string"},"interfaces":{"type":"array","items":{"$ref":"TopologyInterface"}},"id":{"type":"integer","format":"int32"},"uid":{"type":"string"}}},"RevisionAutomaticAuthorizationStatus[]":{"id":"RevisionAutomaticAuthorizationStatus[]","description":"","properties":{}},"AdminDomainInfoId":{"id":"AdminDomainInfoId","description":"","properties":{"domainName":{"type":"string"},"mgmtId":{"type":"integer","format":"int32"}}},"RoutingTableEntry":{"id":"RoutingTableEntry","description":"","properties":{"interfaceName":{"type":"string"},"gatewayIp":{"type":"string"},"parentGenericDevice":{"$ref":"GenericDevice"},"parentDevice":{"$ref":"Device"},"destination":{"type":"string"},"virtualRouter":{"$ref":"VirtualRouter"},"nextHopVirtualRouter":{"$ref":"VirtualRouter"},"routingType":{"type":"string"},"nextHopName":{"type":"string"},"outputVr":{"$ref":"VirtualRouter"},"mask":{"type":"string"},"id":{"type":"integer","format":"int32"},"uid":{"type":"string"}}},"RevisionAction[]":{"id":"RevisionAction[]","description":"","properties":{}},"ZoneEntryListDTO":{"id":"ZoneEntryListDTO","rootElement":"zone_entries","description":"","required":["count","total"],"properties":{"zone_entry":{"type":"array","items":{"$ref":"ZoneEntryDTO"}},"count":{"type":"integer","format":"int32","description":"Number of returned elements","httpMethods":["GET"],"allowableValues":""},"total":{"type":"integer","format":"int64","description":"Number of total available elements","httpMethods":["GET"],"position":"1","allowableValues":""}}},"GenericDevice":{"id":"GenericDevice","description":"","properties":{"customerId":{"type":"integer","format":"int32"},"mplsVpnLabels":{"type":"array","items":{"$ref":"MplsVpnLabel"}},"confFileContent":{"type":"string"},"routingTableEntries":{"type":"array","items":{"$ref":"RoutingTableEntry"}},"name":{"type":"string"},"interfaces":{"type":"array","items":{"$ref":"TopologyInterface"}},"id":{"type":"integer","format":"int32"},"domain":{"$ref":"Domain"},"uid":{"type":"string"}}},"Revision":{"id":"Revision","description":"","properties":{"comments":{"type":"array","items":{"$ref":"RevisionComment"}},"guiClient":{"type":"string"},"auditLog":{"type":"string"},"globalPolicy":{"type":"string"},"device":{"$ref":"Device"},"modules":{"type":"array","items":{"type":"String"}},"actualDate":{"$ref":"LocalDate"},"actualTime":{"$ref":"LocalTime"},"revisionId":{"type":"integer","format":"int32"},"admin":{"type":"string"},"modulesAndPolicy":{"type":"Map_String_String","format":"map","items":{}},"policyPackage":{"type":"string"},"cleanupRuleAction":{"type":"boolean"},"automaticAuthorizationStatus":{"$ref":"RevisionAutomaticAuthorizationStatus"},"changeRequests":{"type":"array","items":{"$ref":"ChangeRequest"}},"firewallStatus":{"type":"boolean"},"manualAuthorization":{"$ref":"RevisionManualAuthorization"},"time":{"$ref":"LocalTime"},"date":{"$ref":"LocalDate"},"action":{"$ref":"RevisionAction"},"id":{"type":"integer","format":"int32"}}},"ChangeRequestSource":{"id":"ChangeRequestSource","description":"","properties":{}},"UserLoginType[]":{"id":"UserLoginType[]","description":"","properties":{}},"Map_String_String":{"id":"Map_String_String","rootElement":"Map_String_String","required":["entry"],"properties":{"entry":{"type":"array","items":{"$ref":"Entry_String_String"}}}},"Entry_String_String":{"id":"Entry_String_String","rootElement":"Map_String_String","required":["key","value"],"properties":{"key":{"type":"String","position":"0"},"value":{"type":"String","position":"1"}}},"AtnTDeviceGroup":{"id":"AtnTDeviceGroup","description":"","properties":{"contains":{"type":"array","items":{"$ref":"Device"}},"domain":{"$ref":"Domain"},"name":{"type":"string"},"id":{"type":"integer","format":"int32"}}},"Domain":{"id":"Domain","description":"","properties":{"permittedUsers":{"type":"array","items":{"$ref":"User"}},"description":{"type":"string"},"address":{"type":"string"},"name":{"type":"string"},"id":{"type":"integer","format":"int32"}}},"UserType":{"id":"UserType","description":"","properties":{"displayName":{"type":"string"},"id":{"type":"string"}}},"TopologyInterface":{"id":"TopologyInterface","description":"","properties":{"ip":{"type":"string"},"netmask":{"type":"string"},"parentGenericDevice":{"$ref":"GenericDevice"},"parentDevice":{"$ref":"Device"},"customerIdTag":{"type":"integer","format":"int32"},"virtualRouter":{"$ref":"VirtualRouter"},"extVsys":{"type":"boolean"},"vsxWrpLink":{"type":"string"},"topologyLayer2DataId":{"type":"array","items":{"type":"Integer"}},"vpc":{"type":"boolean"},"cryptoMapName":{"type":"string"},"routeBasedVpns":{"type":"string"},"name":{"type":"string"},"id":{"type":"integer","format":"int32"},"type":{"type":"string"},"uid":{"type":"string"}}},"Certificate":{"id":"Certificate","description":"","properties":{"data":{"type":"Image"},"id":{"type":"integer","format":"int32"}}}}}