{"apiVersion":"1.0.0","resourcePath":"/Network Zone Manager - Zones","apis":[{"path":"/zones/","operations":[{"baseURL":"/securetrack/api","method":"GET","summary":"Get all zones","notes":"Gets a list of all zones.","examples":["https://192.168.1.1/securetrack/api/zones"],"position":"","type":"ZoneListDTO","nickname":"getZones","produces":["application/xml","application/json"],"parameters":[{"name":"context","description":"Global MSSP context.","required":false,"type":"integer","format":"int32","paramType":"query","allowMultiple":false,"allowableValues":""},{"name":"name","description":"Filter by zone name for the zone results.","required":false,"type":"string","paramType":"query","allowMultiple":false,"allowableValues":""},{"name":"comment","description":"Filter by zone comment for the zone results.","required":false,"type":"string","paramType":"query","allowMultiple":false,"allowableValues":""},{"name":"imported","description":"List domains that imported zones.","required":false,"type":"boolean","paramType":"query","allowMultiple":false,"allowableValues":""},{"name":"includeInternet","description":"Include the Internet zone.","defaultValue":"true","required":false,"type":"boolean","paramType":"query","allowMultiple":false,"allowableValues":""},{"name":"includeImported","description":"Include imported zones.","defaultValue":"true","required":false,"type":"boolean","paramType":"query","allowMultiple":false,"allowableValues":""},{"name":"sort","description":"Sort ascending or descending.","required":false,"type":"string","paramType":"query","allowMultiple":false,"allowableValues":"asc,desc"},{"name":"start","description":"Starting page number for query results.","required":false,"type":"string","paramType":"query","allowMultiple":false,"allowableValues":""},{"name":"count","description":"Number of pages to return for the query, starting from the specified starting page.","required":false,"type":"string","paramType":"query","allowMultiple":false,"allowableValues":""}],"responseMessages":[{"code":200,"message":"The zones were retrieved successfully."},{"code":401,"message":"User is not permitted to access the specified domain"}]},{"baseURL":"/securetrack/api","method":"POST","summary":"Create a zone","notes":"Create a zone.","examples":["https://192.168.1.1/securetrack/api/zones|\u0026lt;?xml version\u003d\"1.0\" encoding\u003d\"UTF-8\"?\u0026gt;\n\u0026lt;zone\u0026gt;\n\t\u0026lt;name\u0026gt;DMZ\u0026lt;/name\u0026gt;\n\t\u0026lt;comment\u0026gt;All DMZ addresses\u0026lt;/comment\u0026gt;\n\t\u0026lt;shared\u0026gt;false\u0026lt;/shared\u0026gt;\n\u0026lt;/zone\u0026gt;"],"position":"2","type":"void","nickname":"addZone","consumes":["application/xml","application/json"],"parameters":[{"name":"context","description":"Global MSSP context.","required":false,"type":"integer","format":"int32","paramType":"query","allowMultiple":false,"allowableValues":""},{"name":"body","rootElement":"zone","description":"The zone to add.","required":true,"type":"ZoneDTO","format":"","paramType":"body","allowMultiple":false,"allowableValues":""}],"responseMessages":[{"code":201,"message":"The zone was created successfully."},{"code":401,"message":"User is not permitted to access the specified domain"},{"code":400,"message":"The zone parameters were invalid"}]},{"baseURL":"/securetrack/api","method":"DELETE","summary":"Delete all zones","notes":"Delete all existing zones.","examples":["https://192.168.1.1/securetrack/api/zones"],"position":"5","type":"void","nickname":"deleteAllZones","parameters":[{"name":"context","description":"Global MSSP context.","required":false,"type":"integer","format":"int32","paramType":"query","allowMultiple":false,"allowableValues":""}],"responseMessages":[{"code":204,"message":"All zones were successfully deleted."},{"code":401,"message":"User is not permitted to access the specified domain"}]}]},{"path":"/zones/{ids:(([0-9]+,)*[0-9]+|\\*)}","operations":[{"baseURL":"/securetrack/api","method":"DELETE","summary":"Delete a zone","notes":"Delete an existing zone.","examples":["https://192.168.1.1/securetrack/api/zones/1,2"],"position":"4","type":"void","nickname":"deleteZones","parameters":[{"name":"context","description":"Global MSSP context.","required":false,"type":"integer","format":"int32","paramType":"query","allowMultiple":false,"allowableValues":""},{"name":"ids","description":"The ID(s) of the zone to delete.","required":true,"type":"string","paramType":"path","allowMultiple":false,"allowableValues":""}],"responseMessages":[{"code":204,"message":"The specified zone was successfully deleted."},{"code":401,"message":"User is not permitted to access the specified domain"},{"code":404,"message":"A zone with the specified ID was not found."}]}]},{"path":"/zones/{id:[0-9]+}","operations":[{"baseURL":"/securetrack/api","method":"GET","summary":"Get a specific zone","notes":"Get the zone with the specified ID.","examples":["https://192.168.1.1/securetrack/api/zones/2"],"position":"1","type":"ZoneDTO","nickname":"getZone","produces":["application/xml","application/json"],"parameters":[{"name":"context","description":"Global MSSP context.","required":false,"type":"integer","format":"int32","paramType":"query","allowMultiple":false,"allowableValues":""},{"name":"id","description":"The ID of the zone to get.","required":true,"type":"integer","format":"int32","paramType":"path","allowMultiple":false,"allowableValues":""},{"name":"imported","description":"List domains that imported zones.","required":false,"type":"boolean","paramType":"query","allowMultiple":false,"allowableValues":""}],"responseMessages":[{"code":200,"message":"The zone was retrieved successfully."},{"code":401,"message":"User is not permitted to access the specified domain"},{"code":401,"message":"A zone with the specified ID does not exist."}]},{"baseURL":"/securetrack/api","method":"PUT","summary":"Modify a zone","notes":"Modify an existing zone.","examples":["https://192.168.1.1/securetrack/api/zones/2|\u0026lt;?xml version\u003d\"1.0\" encoding\u003d\"UTF-8\"?\u0026gt;\n\u0026lt;zone\u0026gt;\n\t\u0026lt;id\u0026gt;2\u0026lt;/id\u0026gt;\n\t\u0026lt;name\u0026gt;DMZ\u0026lt;/name\u0026gt;\n\t\u0026lt;comment\u0026gt;All DMZ hosts\u0026lt;/comment\u0026gt;\n\t\u0026lt;shared\u0026gt;false\u0026lt;/shared\u0026gt;\n\t\u0026lt;internet\u0026gt;false\u0026lt;/internet\u0026gt;\n\t\u0026lt;user_networks\u0026gt;false\u0026lt;/user_networks\u0026gt;\n\u0026lt;/zone\u0026gt;"],"position":"3","type":"void","nickname":"editZone","consumes":["application/xml","application/json"],"parameters":[{"name":"context","description":"Global MSSP context.","required":false,"type":"integer","format":"int32","paramType":"query","allowMultiple":false,"allowableValues":""},{"name":"id","description":"The ID of the zone to modify.","required":true,"type":"integer","format":"int32","paramType":"path","allowMultiple":false,"allowableValues":""},{"name":"body","rootElement":"zone","description":"","required":false,"type":"ZoneDTO","format":"","paramType":"body","allowMultiple":false}],"responseMessages":[{"code":200,"message":"The specified zone was successfully modified."},{"code":401,"message":"User is not permitted to access the specified domain"},{"code":404,"message":"A zone with the specified ID was not found."},{"code":400,"message":"The zone parameters were invalid"}]}]},{"path":"/zones/{ids:(([0-9]+,)*[0-9]+|\\*)}/dependencies","operations":[{"baseURL":"/securetrack/api","method":"GET","summary":"Get configuration usages for a zone","notes":"Get a list of configuration usages for the specified zone(s).","examples":["https://192.168.1.1/securetrack/api/zones/2,3/dependencies"],"position":"11","type":"dependencys","nickname":"getZoneDependencies","produces":["application/xml","application/json"],"parameters":[{"name":"context","description":"Global MSSP context.","required":false,"type":"integer","format":"int32","paramType":"query","allowMultiple":false,"allowableValues":""},{"name":"ids","description":"The ID(s) of the zones for which to look for configuration dependencies.","required":true,"type":"string","paramType":"path","allowMultiple":false,"allowableValues":""}],"responseMessages":[{"code":200,"message":"The zone dependencies were retrieved successfully."},{"code":401,"message":"User is not permitted to access the specified domain"},{"code":404,"message":"A zone with the specified ID was not found."}]}]},{"path":"/zones/{ids:(([0-9]+,)*[0-9]+|\\*)}/descendants","operations":[{"baseURL":"/securetrack/api","method":"GET","summary":"Get descendant zones for a zone","notes":"Get a list of zones descended from the specified zone(s).","examples":["https://192.168.1.1/securetrack/api/zones/10,20/descendants"],"position":"12","type":"ZoneHierarchyListDTO","nickname":"getChildrenHierarchy","produces":["application/xml","application/json"],"parameters":[{"name":"context","description":"Global MSSP context.","required":false,"type":"integer","format":"int32","paramType":"query","allowMultiple":false,"allowableValues":""},{"name":"ids","description":"The ID(s) of the zones for which to look for descendant zones.","required":true,"type":"string","paramType":"path","allowMultiple":false,"allowableValues":""}],"responseMessages":[{"code":200,"message":"The zone descendants were retrieved successfully."},{"code":401,"message":"User is not permitted to access the specified domain"},{"code":404,"message":"A zone with the specified ID was not found."}]}]},{"path":"/zones/{ids:(([0-9]+,)*[0-9]+|\\*)}/ancestors","operations":[{"baseURL":"/securetrack/api","method":"GET","summary":"Get ancestor zones for a zone","notes":"Get a list of ancestor zones for the specified zone(s).","examples":["https://192.168.1.1/securetrack/api/zones/123,234/ancestors"],"position":"13","type":"ZoneHierarchyListDTO","nickname":"getParentsHierarchy","produces":["application/xml","application/json"],"parameters":[{"name":"context","description":"Global MSSP context.","required":false,"type":"integer","format":"int32","paramType":"query","allowMultiple":false,"allowableValues":""},{"name":"ids","description":"The ID(s) of the zones for which to look for ancestor zones.","required":true,"type":"string","paramType":"path","allowMultiple":false,"allowableValues":""}],"responseMessages":[{"code":200,"message":"The zone ancestors were retrieved successfully."},{"code":401,"message":"User is not permitted to access the specified domain"},{"code":404,"message":"A zone with the specified ID was not found."}]}]},{"path":"/zones/{parent_id}/descendants/{child_ids:(([0-9]+,)*[0-9]+|\\*)}","operations":[{"baseURL":"/securetrack/api","method":"PUT","summary":"Add a zone as a descendant to a zone","notes":"Add a zone(s) as a descendant to a existing zone.","examples":["https://192.168.1.1/securetrack/api/zones/1/descendants/10,20"],"position":"14","type":"void","nickname":"addContainedZone","parameters":[{"name":"context","description":"Global MSSP context.","required":false,"type":"integer","format":"int32","paramType":"query","allowMultiple":false,"allowableValues":""},{"name":"parent_id","description":"The ID of the zone for which to add descendant zone(s).","required":true,"type":"integer","format":"int32","paramType":"path","allowMultiple":false,"allowableValues":""},{"name":"child_ids","description":"The ID(s) of the zones to add as descendants.","required":true,"type":"string","paramType":"path","allowMultiple":false,"allowableValues":""}],"responseMessages":[{"code":200,"message":"The zone was added as an descendant successfully."},{"code":401,"message":"User is not permitted to access the specified domain"},{"code":404,"message":"A zone with the specified ID was not found."}]},{"baseURL":"/securetrack/api","method":"DELETE","summary":"Remove a zone as an descendants to a zone","notes":"Remove a zone(s) as an descendants to a existing zone.","examples":["https://192.168.1.1/securetrack/api/zones/1/descendants/10,20"],"position":"16","type":"void","nickname":"deleteContainedZone","parameters":[{"name":"context","description":"Global MSSP context.","required":false,"type":"integer","format":"int32","paramType":"query","allowMultiple":false,"allowableValues":""},{"name":"parent_id","description":"The ID of the zone for which to remove descendant zone(s).","required":true,"type":"integer","format":"int32","paramType":"path","allowMultiple":false,"allowableValues":""},{"name":"child_ids","description":"The ID(s) of the zone to remove as a descendant.","required":true,"type":"string","paramType":"path","allowMultiple":false,"allowableValues":""}],"responseMessages":[{"code":200,"message":"The zone was removed as an descendant successfully."},{"code":401,"message":"User is not permitted to access the specified domain"},{"code":404,"message":"A zone with the specified ID was not found."}]}]},{"path":"/zones/{child_id}/ancestors/{parent_ids:(([0-9]+,)*[0-9]+|\\*)}","operations":[{"baseURL":"/securetrack/api","method":"PUT","summary":"Add a zone as an ancestor to a zone","notes":"Add a zone(s) as an ancestor to a existing zone.","examples":["https://192.168.1.1/securetrack/api/zones/1/ancestors/10,20"],"position":"15","type":"void","nickname":"addToZone","parameters":[{"name":"context","description":"Global MSSP context.","required":false,"type":"integer","format":"int32","paramType":"query","allowMultiple":false,"allowableValues":""},{"name":"child_id","description":"The ID of the zone for which to add ancestors zone(s).","required":true,"type":"integer","format":"int32","paramType":"path","allowMultiple":false,"allowableValues":""},{"name":"parent_ids","description":"The ID(s) of the zones to add as ancestors.","required":true,"type":"string","paramType":"path","allowMultiple":false,"allowableValues":""}],"responseMessages":[{"code":200,"message":"The zone was added as an ancestor successfully."},{"code":401,"message":"User is not permitted to access the specified domain"},{"code":404,"message":"A zone with the specified ID was not found."}]},{"baseURL":"/securetrack/api","method":"DELETE","summary":"Remove a zone as an ancestor to a zone","notes":"Remove a zone(s) as an ancestor to a existing zone.","examples":["https://192.168.1.1/securetrack/api/zones/1/ancestors/10,20"],"position":"17","type":"void","nickname":"deleteFromZone","parameters":[{"name":"context","description":"Global MSSP context.","required":false,"type":"integer","format":"int32","paramType":"query","allowMultiple":false,"allowableValues":""},{"name":"child_id","description":"The ID of the zone for which to remove ancestors zone(s).","required":true,"type":"integer","format":"int32","paramType":"path","allowMultiple":false,"allowableValues":""},{"name":"parent_ids","description":"The ID(s) of the zones to remove as ancestors.","required":true,"type":"string","paramType":"path","allowMultiple":false,"allowableValues":""}],"responseMessages":[{"code":200,"message":"The zone was removed as an ancestor successfully."},{"code":401,"message":"User is not permitted to access the specified domain"},{"code":404,"message":"A zone with the specified ID was not found."}]}]},{"path":"/zones/import/{ids:(([0-9]+,)*[0-9]+|\\*)}","operations":[{"baseURL":"/securetrack/api","method":"POST","summary":"Import a zone","notes":"Import a shared zone into the specified domain","examples":["https://192.168.1.1/securetrack/api/zones/import/10,20"],"position":"18","type":"void","nickname":"importZones","parameters":[{"name":"context","description":"Global MSSP context.","required":false,"type":"integer","format":"int32","paramType":"query","allowMultiple":false,"allowableValues":""},{"name":"ids","description":"The ID(s) of the zones to import.","required":false,"type":"string","paramType":"path","allowMultiple":false,"allowableValues":""}],"responseMessages":[{"code":200,"message":"The zone was imported successfully."},{"code":401,"message":"User is not permitted to access the specified domain"},{"code":404,"message":"A zone with the specified ID was not found."}]}]},{"path":"/zones/shared","operations":[{"baseURL":"/securetrack/api","method":"GET","summary":"Get shared zones","notes":"Get a list of shared zones.","examples":["https://192.168.1.1/securetrack/api/zones/shared"],"position":"19","type":"ZoneListDTO","nickname":"getSharedZones","produces":["application/xml","application/json"],"parameters":[{"name":"context","description":"Global MSSP context.","required":false,"type":"integer","format":"int32","paramType":"query","allowMultiple":false,"allowableValues":""}],"responseMessages":[{"code":200,"message":"The list of shared zones was retrieved successfully."},{"code":401,"message":"User is not permitted to access the specified domain"}]}]},{"path":"/security_zones/","operations":[{"baseURL":"/securetrack/api","method":"POST","summary":"Map network elements to security zones","notes":"This API maps each network element in the AccessRequestNetworkListDTO (such as IP address, IP address range, object, or group) to all matching Tufin security zones. If the network element is a group, then each zone also identifies all matching group members. The internet referral object can be included in the list, and will always map to the predefined Internet security zone. If the \u0027Any\u0027 element is included in the list it will map to all zones.\u003cbr/\u003eNote: if multi-domain mode is enabled, the API calls only checks zones that are in the “Default” domain.","examples":["https://192.168.1.1/securetrack/api/security_zones|\u0026lt;network_objects\u0026gt;\n\t  \u0026lt;network_object xmlns:xsi\u003d\"http://www.w3.org/2001/XMLSchema-instance\" xsi:type\u003d\"ip_network\"\u0026gt;\n\t\t        \u0026lt;network xsi:type\u003d\"raw_network_subnet\"\u0026gt;\n\t\t        \u0026lt;ip\u0026gt;10.8.8.0\u0026lt;/ip\u0026gt;\n\t\t        \u0026lt;mask\u0026gt;255.255.255.0\u0026lt;/mask\u0026gt;\n\t\t        \u0026lt;/network\u0026gt;\n\t  \u0026lt;/network_object\u0026gt;\n\u0026lt;/network_objects\u0026gt;"],"position":"7","type":"SecurityZonesResultDTO","nickname":"findZonesForAccessRequestNetworks","produces":["application/xml","application/json"],"consumes":["application/xml","application/json"],"parameters":[{"name":"body","rootElement":"network_objects","description":"AccessRequestNetworkListDTO","required":true,"type":"AccessRequestNetworkListDTO","format":"","paramType":"body","allowMultiple":false,"allowableValues":""}],"responseMessages":[{"code":200,"message":"Returns mapping of network elements to security zones"},{"code":400,"message":"Access Request Network List is malformed."},{"code":401,"message":"Access is denied."}]}]}],"models":{"Entry_AccessRequestNetworkDTO_NetworkObjectsZoneListDTO":{"id":"Entry_AccessRequestNetworkDTO_NetworkObjectsZoneListDTO","rootElement":"Map_AccessRequestNetworkDTO_NetworkObjectsZoneListDTO","required":["key","value"],"properties":{"key":{"$ref":"AccessRequestNetworkDTO","position":"0"},"value":{"$ref":"NetworkObjectsZoneListDTO","position":"1"}}},"TopologyVertex":{"id":"TopologyVertex","description":"","properties":{"cloud":{"$ref":"Cloud"},"domain":{"$ref":"Domain"},"id":{"type":"integer","format":"int32"}}},"RevisionManualAuthorizationStatus":{"id":"RevisionManualAuthorizationStatus","description":"","properties":{}},"DeviceGroup":{"id":"DeviceGroup","description":"","properties":{"groupMembers":{"type":"array","items":{"$ref":"DeviceGroup"}},"devices":{"type":"array","items":{"$ref":"Device"}},"domain":{"$ref":"Domain"},"name":{"type":"string"},"parent":{"$ref":"DeviceGroup"},"id":{"type":"integer","format":"int32"}}},"DomainDTO":{"id":"DomainDTO","rootElement":"domain","description":"","required":["name"],"properties":{"description":{"type":"string","description":"The Description","position":"3","allowableValues":""},"address":{"type":"string","description":"The Address","position":"2","allowableValues":""},"name":{"type":"string","description":"The Name","position":"1","allowableValues":""},"id":{"type":"string","description":"The id","allowableValues":""}}},"ChangeRequest":{"id":"ChangeRequest","description":"","properties":{"changeUid":{"type":"string"},"requestId":{"type":"string"},"source":{"$ref":"ChangeRequestSource"}}},"LocalDate":{"id":"LocalDate","description":"","properties":{"year":{"type":"integer","format":"int32"}}},"RevisionAction":{"id":"RevisionAction","description":"","properties":{}},"raw_network_range":{"id":"raw_network_range","rootElement":"raw_network_range","description":"","required":["min_ip","max_ip"],"properties":{"min_ip":{"type":"string","description":"The minimum IP address of the network range","allowableValues":""},"max_ip":{"type":"string","description":"The maximum IP address of the network range","allowableValues":""},"negate":{"type":"boolean","description":"All addresses except for the specified addresses","position":"1","allowableValues":""}}},"ZoneHierarchyDTO":{"id":"ZoneHierarchyDTO","description":"","properties":{"zone":{"type":"array","items":{"$ref":"ZoneHierarchyDTO"}},"cloud":{"type":"array","items":{"$ref":"CloudDTO"}}}},"Comparator":{"id":"Comparator","description":"","properties":{}},"CloudDTO":{"id":"CloudDTO","rootElement":"cloud","description":"","properties":{"cloud":{"$ref":"Cloud"}}},"raw_network_subnet":{"id":"raw_network_subnet","rootElement":"raw_network_subnet","description":"","required":["mask","ip","prefix"],"properties":{"mask":{"type":"string","description":"The mask of the network","allowableValues":""},"ip":{"type":"string","description":"The IP address of the network","allowableValues":""},"prefix":{"type":"string","description":"The prefix of the network","allowableValues":""},"negate":{"type":"boolean","description":"All addresses except for the specified addresses","position":"1","allowableValues":""}}},"StPlugin":{"id":"StPlugin","description":"","properties":{"model":{"type":"string"},"vendor":{"type":"string"},"revision":{"type":"string"},"plugin_name":{"type":"string"},"data_retriever":{"type":"string"},"command_line":{"type":"string"},"standard_input":{"type":"string"},"time":{"$ref":"Timestamp"},"date":{"type":"string","format":"date-time"},"version":{"type":"string"},"protocols":{"type":"string"},"id":{"type":"integer","format":"int32"}}},"AccessRequestNetworkListDTO":{"id":"AccessRequestNetworkListDTO","rootElement":"network_objects","description":"","properties":{"network_object":{"type":"array","items":{"$ref":"AccessRequestNetworkDTO"}}}},"ZoneDependencyDTO":{"id":"ZoneDependencyDTO","rootElement":"dependency","description":"","properties":{"reports":{"type":"array","items":{"$ref":"ZoneReportDTO"}},"zone_id":{"type":"integer","format":"int32"}}},"ip_network":{"id":"ip_network","rootElement":"access_request_network_ip","description":"","required":["network"],"properties":{"network":{"description":"The network","$ref":"RawNetworkDTO","allowableValues":""},"sANetworkObjectId":{"type":"integer","format":"int64","description":"The ID of SecureApp network object","position":"3","allowableValues":""},"source_region":{"type":"string","description":"The source region of the access request network object","position":"2","allowableValues":""},"id":{"type":"string","description":"The ID of the access request network object","position":"1","allowableValues":""}}},"SecurityZonesResultDTO":{"id":"SecurityZonesResultDTO","rootElement":"security_zones_result","description":"","required":["accessRequestNetworkZonesMap"],"properties":{"accessRequestNetworkZonesMap":{"type":"Map_AccessRequestNetworkDTO_NetworkObjectsZoneListDTO","format":"map","description":"Map of network elements to security zones","items":{},"httpMethods":["GET","POST"],"allowableValues":""}}},"SecurityLevel":{"id":"SecurityLevel","description":"","properties":{}},"ChangeRequestSource[]":{"id":"ChangeRequestSource[]","description":"","properties":{}},"NetworkObjectsZoneListDTO":{"id":"NetworkObjectsZoneListDTO","description":"","required":["network_objects_zone"],"properties":{"network_objects_zone":{"type":"array","description":"List of security zones mapped to a network element","items":{"$ref":"NetworkObjectsZoneDTO"},"httpMethods":["POST","GET"],"allowableValues":""}}},"RawNetworkDTO":{"id":"RawNetworkDTO","description":"","properties":{"negate":{"type":"boolean","description":"All addresses except for the specified addresses","position":"1","allowableValues":""}},"subTypes":["raw_network_ipv6","raw_network_subnet","raw_network_range"]},"StServer":{"id":"StServer","description":"","properties":{"ip":{"type":"string"},"diskUsage":{"type":"integer","format":"int32"},"displayName":{"type":"string"},"id":{"type":"integer","format":"int32"}}},"LocalTime":{"id":"LocalTime","description":"","properties":{}},"Device":{"id":"Device","description":"","properties":{"managementSecondaryIp":{"type":"string"},"deviceUserName":{"type":"string"},"offline":{"type":"boolean"},"snmpPort":{"type":"string"},"deviceLoginUserName":{"type":"string"},"opsecStatus":{"type":"string"},"ruleUsageStatus":{"type":"string"},"monitoringUseDefault":{"type":"boolean"},"dynamicTopologyDataMode":{"type":"string"},"leaAuth":{"type":"string"},"leaPort":{"type":"string"},"fw1AuditLogFile":{"type":"string"},"fw1RegularLogFile":{"type":"string"},"cpmiAuth":{"type":"string"},"cpmiPort":{"type":"string"},"monitoringMode":{"$ref":"MonitoringMode"},"lastError":{"type":"integer","format":"int32"},"groups":{"type":"array","items":{"$ref":"DeviceGroup"}},"treeRevision":{"$ref":"Revision"},"latestRevision":{"$ref":"Revision"},"revisions":{"type":"array","items":{"$ref":"Revision"}},"toBeDeleted":{"type":"boolean"},"zoneBased":{"type":"boolean"},"started":{"type":"boolean"},"disabled":{"type":"boolean"},"plugin":{"$ref":"StPlugin"},"moduleUid":{"type":"string"},"hasTopology":{"type":"boolean"},"objectUsageMode":{"type":"string"},"parentManagement":{"$ref":"Device"},"deviceUseEnable":{"type":"boolean"},"softwareVersion":{"type":"string"},"mplsVpnLabels":{"type":"array","items":{"$ref":"MplsVpnLabel"}},"containedIn":{"type":"array","items":{"$ref":"AtnTDeviceGroup"}},"deviceLoginPassword":{"type":"string"},"devicePassword":{"type":"string"},"auditLogSourceId":{"$ref":"Device"},"logAssociatedCma":{"$ref":"Device"},"routingTableEntries":{"type":"array","items":{"$ref":"RoutingTableEntry"}},"fw1RegularLogMode":{"type":"string"},"deviceTerminalType":{"$ref":"TerminalType"},"deviceEnablePassword":{"type":"string"},"certificate":{"$ref":"Certificate"},"mode":{"$ref":"ModeType"},"server":{"$ref":"StServer"},"children":{"type":"array","items":{"$ref":"Device"}},"interfaces":{"type":"array","items":{"$ref":"TopologyInterface"}},"parent":{"$ref":"Device"},"port":{"type":"integer","format":"int32"},"virtualContext":{"type":"boolean"},"contextName":{"type":"string"},"ip":{"type":"string"},"cpType":{"type":"string"},"deviceType":{"type":"string"},"virtualType":{"type":"string"},"firewallId":{"type":"string"},"name":{"type":"string"},"id":{"type":"integer","format":"int32"},"hostName":{"type":"string"},"domain":{"$ref":"Domain"},"uid":{"type":"string"}}},"ZoneReportDTO":{"id":"ZoneReportDTO","rootElement":"report","description":"","properties":{"report":{"$ref":"ZoneReport"}}},"ZoneOtherDTO":{"id":"ZoneOtherDTO","rootElement":"zone","description":"","properties":{"domain_name":{"type":"string","description":"The zone domain","position":"3","allowableValues":""},"name":{"type":"string","description":"The name of the zone","position":"2","allowableValues":""},"id":{"type":"string","description":"The ID of the zone","position":"1","allowableValues":""}}},"network_object_member":{"id":"network_object_member","rootElement":"network_object_member","description":"","properties":{"last_member":{"description":"The violating network object within the network object group of the access request","$ref":"object_network","allowableValues":""},"path":{"type":"array","description":"The location of the violating network object within the network object group of the access request","items":{"type":"String"},"allowableValues":""}}},"MplsVpnLabel":{"id":"MplsVpnLabel","description":"","properties":{"deviceId":{"type":"integer","format":"int32"},"destination":{"type":"string"},"virtualRouterId":{"type":"integer","format":"int32"},"nextHop":{"type":"string"},"outValue":{"type":"string"},"genericDeviceId":{"type":"integer","format":"int32"},"inType":{"type":"string"},"inValue":{"type":"string"},"outType":{"type":"string"},"mask":{"type":"string"},"id":{"type":"integer","format":"int32"},"uid":{"type":"string"}}},"UserLoginType":{"id":"UserLoginType","description":"","properties":{}},"raw_network_ipv6":{"id":"raw_network_ipv6","rootElement":"raw_network_ipv6","description":"","required":["ip","prefix"],"properties":{"ip":{"type":"string","description":"The IP address of the network","allowableValues":""},"prefix":{"type":"string","description":"The prefix of the network","allowableValues":""},"negate":{"type":"boolean","description":"All addresses except for the specified addresses","position":"1","allowableValues":""}}},"RevisionAutomaticAuthorizationStatus[]":{"id":"RevisionAutomaticAuthorizationStatus[]","description":"","properties":{}},"SecurityLevel[]":{"id":"SecurityLevel[]","description":"","properties":{}},"RoutingTableEntry":{"id":"RoutingTableEntry","description":"","properties":{"interfaceName":{"type":"string"},"gatewayIp":{"type":"string"},"parentGenericDevice":{"$ref":"GenericDevice"},"parentDevice":{"$ref":"Device"},"destination":{"type":"string"},"virtualRouter":{"$ref":"VirtualRouter"},"nextHopVirtualRouter":{"$ref":"VirtualRouter"},"routingType":{"type":"string"},"nextHopName":{"type":"string"},"outputVr":{"$ref":"VirtualRouter"},"mask":{"type":"string"},"id":{"type":"integer","format":"int32"},"uid":{"type":"string"}}},"GenericDevice":{"id":"GenericDevice","description":"","properties":{"customerId":{"type":"integer","format":"int32"},"mplsVpnLabels":{"type":"array","items":{"$ref":"MplsVpnLabel"}},"confFileContent":{"type":"string"},"routingTableEntries":{"type":"array","items":{"$ref":"RoutingTableEntry"}},"name":{"type":"string"},"interfaces":{"type":"array","items":{"$ref":"TopologyInterface"}},"id":{"type":"integer","format":"int32"},"domain":{"$ref":"Domain"},"uid":{"type":"string"}}},"Revision":{"id":"Revision","description":"","properties":{"comments":{"type":"array","items":{"$ref":"RevisionComment"}},"guiClient":{"type":"string"},"auditLog":{"type":"string"},"globalPolicy":{"type":"string"},"device":{"$ref":"Device"},"modules":{"type":"array","items":{"type":"String"}},"actualDate":{"$ref":"LocalDate"},"actualTime":{"$ref":"LocalTime"},"revisionId":{"type":"integer","format":"int32"},"admin":{"type":"string"},"modulesAndPolicy":{"type":"Map_String_String","format":"map","items":{}},"policyPackage":{"type":"string"},"cleanupRuleAction":{"type":"boolean"},"automaticAuthorizationStatus":{"$ref":"RevisionAutomaticAuthorizationStatus"},"changeRequests":{"type":"array","items":{"$ref":"ChangeRequest"}},"firewallStatus":{"type":"boolean"},"manualAuthorization":{"$ref":"RevisionManualAuthorization"},"time":{"$ref":"LocalTime"},"date":{"$ref":"LocalDate"},"action":{"$ref":"RevisionAction"},"id":{"type":"integer","format":"int32"}}},"ChangeRequestSource":{"id":"ChangeRequestSource","description":"","properties":{}},"Domain":{"id":"Domain","description":"","properties":{"permittedUsers":{"type":"array","items":{"$ref":"User"}},"description":{"type":"string"},"address":{"type":"string"},"name":{"type":"string"},"id":{"type":"integer","format":"int32"}}},"AtnTDeviceGroup":{"id":"AtnTDeviceGroup","description":"","properties":{"contains":{"type":"array","items":{"$ref":"Device"}},"domain":{"$ref":"Domain"},"name":{"type":"string"},"id":{"type":"integer","format":"int32"}}},"Subnet":{"id":"Subnet","description":"","properties":{"ip":{"type":"string"},"netmask":{"type":"string"},"id":{"type":"integer","format":"int32"},"uid":{"type":"string"}}},"UserType":{"id":"UserType","description":"","properties":{"displayName":{"type":"string"},"id":{"type":"string"}}},"internet":{"id":"internet","rootElement":"access_request_internet_network","description":"","properties":{"sANetworkObjectId":{"type":"integer","format":"int64","description":"The ID of SecureApp network object","position":"3","allowableValues":""},"source_region":{"type":"string","description":"The source region of the access request network object","position":"2","allowableValues":""},"id":{"type":"string","description":"The ID of the access request network object","position":"1","allowableValues":""}}},"Certificate":{"id":"Certificate","description":"","properties":{"data":{"type":"Image"},"id":{"type":"integer","format":"int32"}}},"LocalDateTime":{"id":"LocalDateTime","description":"","properties":{"year":{"type":"integer","format":"int32"}}},"User":{"id":"User","description":"","properties":{"dateFormat":{"type":"string"},"firstName":{"type":"string"},"lastName":{"type":"string"},"emailAddress":{"type":"string"},"userType":{"$ref":"UserType"},"canViewAnyDevice":{"type":"boolean"},"permittedDevices":{"type":"array","items":{"$ref":"Device"}},"permittedDomains":{"type":"array","items":{"$ref":"Domain"}},"modifiedColor":{"type":"string"},"deletedColor":{"type":"string"},"insertedColor":{"type":"string"},"innerModifiedColor":{"type":"string"},"showAllObjects":{"type":"boolean"},"recentRevisionsPeriod":{"type":"string"},"deviceDefaultView":{"type":"string"},"canAccessGlobalContext":{"type":"boolean"},"userLoginType":{"$ref":"UserLoginType"},"id":{"type":"string"}}},"IpType":{"id":"IpType","description":"","properties":{"ipv4":{"type":"boolean"},"ipv6":{"type":"boolean"}}},"CloudEntry":{"id":"CloudEntry","description":"","properties":{"behindCloud":{"type":"boolean"},"ip":{"type":"string"},"netmask":{"type":"string"},"cloud":{"$ref":"Cloud"},"id":{"type":"integer","format":"int32"}}},"Timestamp":{"id":"Timestamp","description":"","properties":{"nanos":{"type":"integer","format":"int32"}}},"AdminDomainInfo":{"id":"AdminDomainInfo","description":"","properties":{"domainId":{"type":"string"},"lastSnapshotId":{"type":"integer","format":"int32"},"id":{"$ref":"AdminDomainInfoId"}}},"ldap_entity":{"id":"ldap_entity","rootElement":"access_request_ldap_entity","description":"","properties":{"ldapEntityDn":{"type":"string"},"ldapEntityId":{"type":"string"},"entityName":{"type":"string"},"sANetworkObjectId":{"type":"integer","format":"int64","description":"The ID of SecureApp network object","position":"3","allowableValues":""},"source_region":{"type":"string","description":"The source region of the access request network object","position":"2","allowableValues":""},"id":{"type":"string","description":"The ID of the access request network object","position":"1","allowableValues":""}}},"Map_AccessRequestNetworkDTO_NetworkObjectsZoneListDTO":{"id":"Map_AccessRequestNetworkDTO_NetworkObjectsZoneListDTO","rootElement":"Map_AccessRequestNetworkDTO_NetworkObjectsZoneListDTO","required":["entry"],"properties":{"entry":{"type":"array","items":{"$ref":"Entry_AccessRequestNetworkDTO_NetworkObjectsZoneListDTO"}}}},"RevisionComment":{"id":"RevisionComment","description":"","properties":{"editor":{"type":"string"},"date":{"type":"string","format":"date-time"},"comment":{"type":"string"}}},"DurationFieldType":{"id":"DurationFieldType","description":"","properties":{}},"RevisionAutomaticAuthorizationStatus":{"id":"RevisionAutomaticAuthorizationStatus","description":"","properties":{"value":{"type":"string"}}},"CloudEntryType":{"id":"CloudEntryType","description":"","properties":{}},"NetworkObjectsZoneDTO":{"id":"NetworkObjectsZoneDTO","description":"","required":["zone"],"properties":{"zone":{"description":"Security zone","$ref":"ZoneOtherDTO","httpMethods":["POST","GET"],"allowableValues":""},"network_object_path":{"type":"array","description":"List of network object group members matching the security zone","items":{"$ref":"network_object_member"},"httpMethods":["POST","GET"],"allowableValues":""}}},"Chronology":{"id":"Chronology","description":"","properties":{}},"object_network":{"id":"object_network","rootElement":"access_request_network_object","description":"","required":["uid","management_id"],"properties":{"uid":{"type":"string","description":"The UID of the network object","allowableValues":""},"management_id":{"type":"integer","format":"int32","description":"The management ID of the network object","allowableValues":""},"sANetworkObjectId":{"type":"integer","format":"int64","description":"The ID of SecureApp network object","position":"3","allowableValues":""},"source_region":{"type":"string","description":"The source region of the access request network object","position":"2","allowableValues":""},"id":{"type":"string","description":"The ID of the access request network object","position":"1","allowableValues":""}}},"RevisionManualAuthorization":{"id":"RevisionManualAuthorization","description":"","properties":{"authorizationStatus":{"$ref":"RevisionManualAuthorizationStatus"},"authorizationDate":{"$ref":"LocalDateTime"},"authorizingUserId":{"type":"string"}}},"AccessRequestNetworkDTO":{"id":"AccessRequestNetworkDTO","description":"","properties":{"sANetworkObjectId":{"type":"integer","format":"int64","description":"The ID of SecureApp network object","position":"3","allowableValues":""},"source_region":{"type":"string","description":"The source region of the access request network object","position":"2","allowableValues":""},"id":{"type":"string","description":"The ID of the access request network object","position":"1","allowableValues":""}},"subTypes":["ip_network","object_network","internet","ldap_entity","security_group_name"]},"dependencys":{"id":"dependencys","rootElement":"dependencys","required":["dependency"],"properties":{"dependency":{"type":"array","items":{"$ref":"ZoneDependencyDTO"}}}},"ZoneDTO":{"id":"ZoneDTO","rootElement":"zone","description":"","required":["name","id"],"properties":{"internet":{"type":"boolean","description":"Is the zone the Internet zone","allowableValues":""},"userNetworks":{"type":"boolean","description":"Is the zone the Users Networks zone","allowableValues":""},"domain":{"description":"The zone domain.","$ref":"DomainDTO","allowableValues":""},"comment":{"type":"string","description":"The zone comment.","allowableValues":""},"shared":{"type":"boolean","description":"Is the zone shared between domains.","allowableValues":""},"name":{"type":"string","description":"The name of the zone","allowableValues":""},"id":{"type":"string","description":"The ID of the zone","allowableValues":""}}},"ZoneReport":{"id":"ZoneReport","description":"","properties":{"name":{"type":"string"},"type":{"type":"string"}}},"RevisionManualAuthorizationStatus[]":{"id":"RevisionManualAuthorizationStatus[]","description":"","properties":{}},"Zone":{"id":"Zone","description":"","properties":{"internet":{"type":"boolean"},"userNetworks":{"type":"boolean"},"contains":{"type":"array","items":{"$ref":"Zone"}},"importingDomains":{"type":"array","items":{"$ref":"Domain"}},"containedIn":{"type":"array","items":{"$ref":"Zone"}},"containedClouds":{"type":"array","items":{"$ref":"Cloud"}},"comment":{"type":"string"},"domain":{"$ref":"Domain"},"shared":{"type":"boolean"},"name":{"type":"string"},"id":{"type":"integer","format":"int32"},"entries":{"type":"array","items":{"$ref":"ZoneEntry"}}}},"IpType[]":{"id":"IpType[]","description":"","properties":{}},"CloudEntryType[]":{"id":"CloudEntryType[]","description":"","properties":{}},"security_group_name":{"id":"security_group_name","rootElement":"access_request_security_group_name","description":"","required":["security_group_name"],"properties":{"security_group_name":{"type":"string","description":"Security group name","allowableValues":"At least 3 letters"},"sANetworkObjectId":{"type":"integer","format":"int64","description":"The ID of SecureApp network object","position":"3","allowableValues":""},"source_region":{"type":"string","description":"The source region of the access request network object","position":"2","allowableValues":""},"id":{"type":"string","description":"The ID of the access request network object","position":"1","allowableValues":""}}},"ZoneHierarchyListDTO":{"id":"ZoneHierarchyListDTO","rootElement":"zones","description":"","properties":{"zone":{"type":"array","items":{"$ref":"ZoneHierarchyDTO"}}}},"VirtualRouter":{"id":"VirtualRouter","description":"","properties":{"routes":{"type":"array","items":{"$ref":"RoutingTableEntry"}},"device":{"$ref":"Device"},"genericDevice":{"$ref":"GenericDevice"},"mplsVpnLabels":{"type":"array","items":{"$ref":"MplsVpnLabel"}},"name":{"type":"string"},"interfaces":{"type":"array","items":{"$ref":"TopologyInterface"}},"id":{"type":"integer","format":"int32"},"uid":{"type":"string"}}},"AdminDomainInfoId":{"id":"AdminDomainInfoId","description":"","properties":{"domainName":{"type":"string"},"mgmtId":{"type":"integer","format":"int32"}}},"RevisionAction[]":{"id":"RevisionAction[]","description":"","properties":{}},"UserLoginType[]":{"id":"UserLoginType[]","description":"","properties":{}},"Cloud":{"id":"Cloud","description":"","properties":{"customerName":{"type":"string"},"securityLevel":{"$ref":"SecurityLevel"},"customerIdTag":{"type":"integer","format":"int32"},"subnets":{"type":"array","items":{"$ref":"Subnet"}},"interfaceIp":{"type":"string"},"name":{"type":"string"},"id":{"type":"integer","format":"int32"},"entries":{"type":"array","items":{"$ref":"CloudEntry"}},"uid":{"type":"string"}}},"Map_String_String":{"id":"Map_String_String","rootElement":"Map_String_String","required":["entry"],"properties":{"entry":{"type":"array","items":{"$ref":"Entry_String_String"}}}},"Entry_String_String":{"id":"Entry_String_String","rootElement":"Map_String_String","required":["key","value"],"properties":{"key":{"type":"String","position":"0"},"value":{"type":"String","position":"1"}}},"ZoneListDTO":{"id":"ZoneListDTO","rootElement":"zones","description":"","required":["count","total"],"properties":{"zone":{"type":"array","items":{"$ref":"ZoneDTO"}},"count":{"type":"integer","format":"int32","description":"Number of returned elements","httpMethods":["GET"],"allowableValues":""},"total":{"type":"integer","format":"int64","description":"Number of total available elements","httpMethods":["GET"],"position":"1","allowableValues":""}}},"TopologyInterface":{"id":"TopologyInterface","description":"","properties":{"ip":{"type":"string"},"netmask":{"type":"string"},"parentGenericDevice":{"$ref":"GenericDevice"},"parentDevice":{"$ref":"Device"},"customerIdTag":{"type":"integer","format":"int32"},"virtualRouter":{"$ref":"VirtualRouter"},"extVsys":{"type":"boolean"},"vsxWrpLink":{"type":"string"},"topologyLayer2DataId":{"type":"array","items":{"type":"Integer"}},"vpc":{"type":"boolean"},"cryptoMapName":{"type":"string"},"routeBasedVpns":{"type":"string"},"name":{"type":"string"},"id":{"type":"integer","format":"int32"},"type":{"type":"string"},"uid":{"type":"string"}}},"ZoneEntry":{"id":"ZoneEntry","description":"","properties":{"ip":{"type":"string"},"ipType":{"$ref":"IpType"},"atnTDeviceGroup":{"$ref":"AtnTDeviceGroup"},"comment":{"type":"string"},"zone":{"$ref":"Zone"},"prefix":{"type":"integer","format":"int16"},"id":{"type":"integer","format":"int32"}}}}}