{"apiVersion":"1.0.0","resourcePath":"/Policy Optimization","apis":[{"path":"/cleanup/","operations":[{"baseURL":"/securetrack/api","method":"GET","summary":"Get cleanups results","notes":"","examples":["https://192.168.1.1/securetrack/api/cleanup"],"position":"5","type":"CleanupListDTO","nickname":"getCleanups","produces":["application/xml","application/json"],"parameters":[{"name":"context","description":"Global MSSP context","required":false,"type":"integer","format":"int32","paramType":"query","allowMultiple":false,"allowableValues":""},{"name":"devices","description":"Devices ids","required":false,"type":"string","paramType":"query","allowMultiple":false,"allowableValues":""}]}]},{"path":"/cleanup/{cleanup_id:[0-9]+}/instances","operations":[{"baseURL":"/securetrack/api","method":"GET","summary":"Get the specific objects or rules identified for the cleanup results","notes":"","examples":["https://192.168.1.1/securetrack/api/cleanup/1/instances"],"position":"7","type":"CleanupDTO","nickname":"getCleanupInstances","produces":["application/xml","application/json"],"parameters":[{"name":"context","description":"Global MSSP context","required":false,"type":"integer","format":"int32","paramType":"query","allowMultiple":false,"allowableValues":""},{"name":"cleanup_id","description":"Cleanup id","required":true,"type":"integer","format":"int32","paramType":"path","allowMultiple":false,"allowableValues":""},{"name":"devices","description":"Devices ids","required":false,"type":"string","paramType":"query","allowMultiple":false,"allowableValues":""},{"name":"start","description":"Start","required":false,"type":"string","paramType":"query","allowMultiple":false,"allowableValues":""},{"name":"count","description":"Results count","required":false,"type":"string","paramType":"query","allowMultiple":false,"allowableValues":""}]}]},{"path":"/cleanup/{cleanup_id:[0-9]+}/devices","operations":[{"baseURL":"/securetrack/api","method":"GET","summary":"Get devices in cleanup results","notes":"","examples":["https://192.168.1.1/securetrack/api/cleanup/1/devices"],"position":"8","type":"CleanupDTO","nickname":"getCleanupDevices","produces":["application/xml","application/json"],"parameters":[{"name":"context","description":"Global MSSP context","required":false,"type":"integer","format":"int32","paramType":"query","allowMultiple":false,"allowableValues":""},{"name":"cleanup_id","description":"Cleanup id","required":true,"type":"integer","format":"int32","paramType":"path","allowMultiple":false,"allowableValues":""}]}]},{"path":"/risk/","operations":[{"baseURL":"/securetrack/api","method":"GET","summary":"Get risks results","notes":"","examples":["https://192.168.1.1/securetrack/api/risk"],"position":"","type":"RiskListDTO","nickname":"getRisks","produces":["application/xml","application/json"],"parameters":[{"name":"context","description":"Global MSSP context","required":false,"type":"integer","format":"int32","paramType":"query","allowMultiple":false,"allowableValues":""},{"name":"devices","description":"Devices ids","required":false,"type":"string","paramType":"query","allowMultiple":false,"allowableValues":""}]}]},{"path":"/risk/{risk_id:[0-9]+}/instances","operations":[{"baseURL":"/securetrack/api","method":"GET","summary":"Get the specific objects or rules identified for the risk results","notes":"","examples":["https://192.168.1.1/securetrack/api/risk/1/instances"],"position":"3","type":"RiskDTO","nickname":"getRiskInstances","produces":["application/xml","application/json"],"parameters":[{"name":"context","description":"Global MSSP context","required":false,"type":"integer","format":"int32","paramType":"query","allowMultiple":false,"allowableValues":""},{"name":"risk_id","description":"Risk id","required":true,"type":"integer","format":"int32","paramType":"path","allowMultiple":false,"allowableValues":""},{"name":"devices","description":"Devices ids","required":false,"type":"string","paramType":"query","allowMultiple":false,"allowableValues":""},{"name":"start","description":"Start","required":false,"type":"string","paramType":"query","allowMultiple":false,"allowableValues":""},{"name":"count","description":"Results count","required":false,"type":"string","paramType":"query","allowMultiple":false,"allowableValues":""}]}]},{"path":"/risk/{risk_id:[0-9]+}/devices","operations":[{"baseURL":"/securetrack/api","method":"GET","summary":"Get devices in risk results","notes":"","examples":["https://192.168.1.1/securetrack/api/risk/1/devices"],"position":"4","type":"RiskDTO","nickname":"getRiskDevices","produces":["application/xml","application/json"],"parameters":[{"name":"context","description":"Global MSSP context","required":false,"type":"integer","format":"int32","paramType":"query","allowMultiple":false,"allowableValues":""},{"name":"risk_id","description":"Risk id","required":true,"type":"integer","format":"int32","paramType":"path","allowMultiple":false,"allowableValues":""}]}]},{"path":"/devices/{device_id:[0-9]+}/cleanups","operations":[{"baseURL":"/securetrack/api","method":"GET","summary":"Get cleanups by device","notes":"Fetches set of Cleanup calculation results for a device given by ID.\u003cbr\u003eOnly fully shadowed rules (cleanup code C01) are supported.","examples":["https://192.168.1.1/securetrack/api/devices/31/cleanups?code\u003dC01"],"position":"4","type":"CleanupResultsSetDTO","nickname":"getCleanupInstanceResultAndInfo","produces":["application/xml","application/json"],"parameters":[{"name":"context","description":"Global MSSP context","required":false,"type":"integer","format":"int32","paramType":"query","allowMultiple":false,"allowableValues":""},{"name":"device_id","description":"Device ID","required":true,"type":"integer","format":"int32","paramType":"path","allowMultiple":false,"allowableValues":""},{"name":"code","description":"Cleanup category code","required":true,"type":"string","paramType":"query","allowMultiple":false,"allowableValues":""},{"name":"start","description":"Starting page for query allowable values are numeric","required":false,"type":"string","paramType":"query","allowMultiple":false,"allowableValues":""},{"name":"count","description":"Number of pages for query result allowable values are numeric","required":false,"type":"string","paramType":"query","allowMultiple":false,"allowableValues":""}]}]},{"path":"/devices/{device_id:[0-9]+}/shadowing_rules","operations":[{"baseURL":"/securetrack/api","method":"GET","summary":"Get shadowing rules by device","notes":"Find shadowing rules for given shadowed rules of a specific device","examples":["https://192.168.1.1/securetrack/api/devices/31/shadowing_rules?shadowed_uids\u003d{78786a0d-b9cc-478e-b7a2-dea953c976c7}"],"position":"5","type":"CleanupResultsSetDTO","nickname":"getShadowingResultAndInfo","produces":["application/xml","application/json"],"parameters":[{"name":"device_id","description":"Device ID","required":true,"type":"integer","format":"int32","paramType":"path","allowMultiple":false,"allowableValues":""},{"name":"shadowed_uids","description":"UIDs of shadowed rules separated by commas, each rule_id shall be provided in curly brackets","required":true,"type":"string","paramType":"query","allowMultiple":false,"allowableValues":""}]}]}],"models":{"SaApplicationDTO":{"id":"SaApplicationDTO","rootElement":"secure_app_application","description":"","properties":{"app_name":{"type":"string","description":"Application name","httpMethods":["GET"],"position":"9","allowableValues":""},"app_owner":{"type":"string","description":"Application owner","httpMethods":["GET"],"position":"10","allowableValues":""}}},"RiskDTO":{"id":"RiskDTO","rootElement":"risk","description":"","required":["instances","code","devices","instances_total","name","id","type"],"properties":{"instances":{"description":"the Risk Instances","$ref":"RuleListDTO","httpMethods":["GET"],"allowableValues":""},"code":{"type":"string","description":"The risk code","httpMethods":["GET"],"position":"1","allowableValues":""},"devices":{"description":"The devices","$ref":"DeviceListDTO","httpMethods":["GET"],"allowableValues":""},"instances_total":{"type":"integer","format":"int64","description":"Instances count","httpMethods":["GET"],"position":"3","allowableValues":""},"name":{"type":"string","description":"The risk name","httpMethods":["GET"],"position":"2","allowableValues":""},"id":{"type":"string","description":"The risk id","httpMethods":["GET"],"allowableValues":""},"type":{"description":"The risk type","$ref":"RiskDefinitionType","httpMethods":["GET"],"allowableValues":""}}},"AclDTO":{"id":"AclDTO","rootElement":"acl","description":"","required":["global","name","interfaces"],"properties":{"global":{"type":"boolean","description":"Is ACL global","httpMethods":["GET"],"position":"12","allowableValues":""},"name":{"type":"string","description":"Name for ACL","httpMethods":["GET"],"position":"10","allowableValues":""},"interfaces":{"type":"array","description":"Interfaces for ACL","items":{"$ref":"InterfaceDTO"},"httpMethods":["GET"],"position":"11","allowableValues":""}}},"CloudSecurityRuleDTO":{"id":"CloudSecurityRuleDTO","rootElement":"rule","description":"","required":["src_networks_negated","dest_networks_negated","src_services_negated","dest_services_negated","uid","binding","cp_uid","order","id"],"properties":{"ip_type":{"type":"string"},"priority":{"type":"string"},"src_networks_negated":{"type":"boolean","description":"Negated source networks","httpMethods":["GET"],"position":"28","allowableValues":""},"dest_networks_negated":{"type":"boolean","description":"Negated destination networks","httpMethods":["GET"],"position":"29","allowableValues":""},"src_services_negated":{"type":"boolean","description":"Negated source services","httpMethods":["GET"],"position":"30","allowableValues":""},"dest_services_negated":{"type":"boolean","description":"Negated destination services","httpMethods":["GET"],"position":"31","allowableValues":""},"rule_location_display":{"type":"string","description":"Rule Location Display","httpMethods":["GET"],"position":"36","allowableValues":""},"associatedNatRule":{"description":"NAT rule","$ref":"NatRuleDTO","httpMethods":["GET"],"position":"35","allowableValues":""},"src_zone_any":{"type":"boolean","description":"is source zone any ","httpMethods":["GET"],"position":"43","allowableValues":""},"dst_zone_any":{"type":"boolean","description":"is destination zone any ","httpMethods":["GET"],"position":"44","allowableValues":""},"external":{"type":"boolean","description":"Is external","httpMethods":["GET"],"position":"14","allowableValues":""},"src_network":{"type":"array","description":"Source networks","items":{"$ref":"ObjectReferenceDTO"},"httpMethods":["GET"],"position":"15","allowableValues":""},"dst_network":{"type":"array","description":"Destination networks","items":{"$ref":"ObjectReferenceDTO"},"httpMethods":["GET"],"position":"16","allowableValues":""},"src_service":{"type":"array","description":"Source services","items":{"$ref":"ObjectReferenceDTO"},"httpMethods":["GET"],"position":"17","allowableValues":""},"dst_service":{"type":"array","description":"Destination services","items":{"$ref":"ObjectReferenceDTO"},"httpMethods":["GET"],"position":"18","allowableValues":""},"textual_rep":{"type":"string","description":"the textual representation of this rule","httpMethods":["GET"],"position":"45","allowableValues":""},"application":{"type":"array","description":"Applications","items":{"$ref":"ObjectReferenceDTO"},"httpMethods":["GET"],"position":"19","allowableValues":""},"users":{"type":"array","description":"Users","items":{"$ref":"ObjectReferenceDTO"},"httpMethods":["GET"],"position":"23","allowableValues":""},"documentation":{"description":"Rule documentation","$ref":"RuleDocumentationDTO","httpMethods":["GET"],"position":"27","allowableValues":""},"rule_location":{"type":"string","description":"Rule Location","httpMethods":["GET"],"position":"35","allowableValues":""},"rule_number":{"type":"integer","format":"int64","description":"Rule number","httpMethods":["GET"],"position":"10","allowableValues":""},"disabled":{"type":"boolean","description":"Is disabled","httpMethods":["GET"],"position":"14","allowableValues":""},"src_zone":{"type":"array","description":"source zones","items":{"type":"String"},"httpMethods":["GET"],"position":"41","allowableValues":""},"dst_zone":{"type":"array","description":"destination zones","items":{"type":"String"},"httpMethods":["GET"],"position":"42","allowableValues":""},"install":{"type":"array","description":"Installed-ons","items":{"$ref":"ObjectReferenceDTO"},"httpMethods":["GET"],"position":"22","allowableValues":""},"track":{"description":"Rule tracking infomation","$ref":"RuleTrackDTO","httpMethods":["GET"],"position":"13","allowableValues":""},"user_access":{"type":"array","description":"User access","items":{"$ref":"ObjectReferenceDTO"},"httpMethods":["GET"],"position":"24","allowableValues":""},"rule_type":{"type":"string","description":"rule_type","httpMethods":["GET"],"position":"39","allowableValues":""},"vpn":{"type":"array","description":"VPN","items":{"$ref":"ObjectReferenceDTO"},"httpMethods":["GET"],"position":"21","allowableValues":""},"implicit":{"type":"boolean","description":"Is implicit","httpMethods":["GET"],"position":"14","allowableValues":""},"acceleration_breaker":{"type":"boolean","description":"Acceleration breaker","httpMethods":["GET"],"position":"37","allowableValues":""},"authentication_rule":{"type":"boolean","description":"Authentication rule","httpMethods":["GET"],"position":"38","allowableValues":""},"fmg_from_zone":{"type":"string","description":"Fortimanager source zone","httpMethods":["GET"],"position":"32","allowableValues":""},"fmg_to_zone":{"type":"string","description":"Fortimanager destination zone","httpMethods":["GET"],"position":"33","allowableValues":""},"sub_policy":{"type":"string","description":"Sub policy","httpMethods":["GET"],"position":"34","allowableValues":""},"time":{"type":"array","description":"Time","items":{"$ref":"ObjectReferenceDTO"},"httpMethods":["GET"],"position":"20","allowableValues":""},"comment":{"type":"string","description":"Comment","httpMethods":["GET"],"position":"11","allowableValues":""},"option":{"type":"array","description":"Options","items":{"type":"String"},"httpMethods":["GET"],"position":"26","allowableValues":""},"action":{"type":"string","description":"Rule action","httpMethods":["GET"],"position":"12","allowableValues":""},"name":{"type":"string","description":"Name","httpMethods":["GET"],"position":"9","allowableValues":""},"uid":{"type":"string","description":"The UID of the rule","httpMethods":["GET"],"position":"13","allowableValues":""},"device_id":{"type":"integer","format":"int32","description":"The device ID for this rule","httpMethods":["GET"],"position":"11","allowableValues":""},"binding":{"type":"array","description":"The bindings of the rule","items":{"$ref":"BindingDTO"},"httpMethods":["GET"],"position":"15","allowableValues":""},"cp_uid":{"type":"string","description":"The CheckPoint UID of the rule","httpMethods":["GET"],"position":"16","allowableValues":""},"order":{"type":"integer","format":"int32","description":"The Order of the rule","httpMethods":["GET"],"position":"14","allowableValues":""},"id":{"type":"string","description":"The ID of the rule","httpMethods":["GET"],"position":"12","allowableValues":""}}},"PolicyTargetDTO":{"id":"PolicyTargetDTO","rootElement":"installable_target","description":"","properties":{"device_id":{"type":"integer","format":"int32"},"firewall_id":{"type":"string"},"virtual_firewall_name":{"type":"string"}}},"SecurityRuleListDTO":{"id":"SecurityRuleListDTO","rootElement":"rules","description":"","properties":{"rule":{"type":"array","description":"Security rules","items":{"$ref":"SecurityRuleDTO"},"httpMethods":["GET"],"position":"9","allowableValues":""}}},"Comparator":{"id":"Comparator","description":"","properties":{}},"ManagementDomainPolicyDTO":{"id":"ManagementDomainPolicyDTO","rootElement":"policy","description":"","required":["itg_id","admin_domain","unique_active_in_itg","admin_domain_id","itg","name","id"],"properties":{"installable_target":{"type":"array","items":{"$ref":"PolicyTargetDTO"}},"itg_id":{"type":"integer","format":"int32","description":"Installation target group ID","httpMethods":["GET"],"position":"11","allowableValues":""},"admin_domain":{"type":"string","description":"Admin domain name","httpMethods":["GET"],"position":"15","allowableValues":""},"unique_active_in_itg":{"type":"boolean","description":"Unique active installation target group","httpMethods":["GET"],"position":"13","allowableValues":""},"admin_domain_id":{"type":"integer","format":"int64","description":"Admin domain ID","httpMethods":["GET"],"position":"14","allowableValues":""},"itg":{"type":"string","description":"Installation target group name","httpMethods":["GET"],"position":"12","allowableValues":""},"name":{"type":"string","description":"Name","httpMethods":["GET"],"position":"10","allowableValues":""},"id":{"type":"integer","format":"int64","description":"ID","httpMethods":["GET"],"position":"9","allowableValues":""}}},"WorkflowTicketStatusType[]":{"id":"WorkflowTicketStatusType[]","description":"","properties":{}},"ClassMapDTO":{"id":"ClassMapDTO","rootElement":"class_map","description":"","properties":{"acl_name":{"type":"string"},"service":{"type":"array","items":{"$ref":"ObjectReferenceDTO"}},"name":{"type":"string"}}},"IncidentInterpretation[]":{"id":"IncidentInterpretation[]","description":"","properties":{}},"RiskDefinitionSource[]":{"id":"RiskDefinitionSource[]","description":"","properties":{}},"IncidentParamKey":{"id":"IncidentParamKey","description":"","properties":{}},"BindingDTO":{"id":"BindingDTO","rootElement":"binding","description":"","required":["direction","policy","from_zone","to_zone","acl","rule_count","policy_map_name","security_rule_count","nat_stage","default","postnat_iface","prenat_iface"],"properties":{"uid":{"type":"string"},"direction":{"type":"string","description":"Direction of rule set","httpMethods":["GET"],"position":"18","allowableValues":""},"policy":{"description":"Management policy for rule set","$ref":"ManagementPolicyDTO","httpMethods":["GET"],"position":"13","allowableValues":""},"from_zone":{"type":"array","description":"Source zones of rule set","items":{"$ref":"PolicyZoneDTO"},"httpMethods":["GET"],"position":"11","allowableValues":""},"to_zone":{"type":"array","description":"Destination zones of rule set","items":{"$ref":"PolicyZoneDTO"},"httpMethods":["GET"],"position":"12","allowableValues":""},"ip_type":{"$ref":"IpType"},"acl":{"description":"ACL for rule set","$ref":"AclDTO","httpMethods":["GET"],"position":"9","allowableValues":""},"rule_count":{"type":"integer","format":"int32","description":"Number of rules for this rule set","httpMethods":["GET"],"position":"16","allowableValues":""},"nat_type":{"type":"string","description":"Junos SRX NAT only - Type of NAT used [SOURCE, DESTINATION, STATIC_DESTINATION, STATIC_SOURCE]","httpMethods":["GET"],"position":"23","allowableValues":""},"from_collection":{"type":"string","description":"Junos SRX NAT only - A group of sources for the NAT rule-set [Interface, Zone, Routing Instance]","httpMethods":["GET"],"position":"24","allowableValues":""},"to_collection":{"type":"string","description":"Junos SRX NAT only - A group of destinations for the NAT rule-set [Interface, Zone, Routing Instance]","httpMethods":["GET"],"position":"25","allowableValues":""},"device_policy_id":{"type":"integer","format":"int64","description":"StoneSoft only","httpMethods":["GET"],"position":"23","allowableValues":""},"policy_map_name":{"type":"string","description":"Policy map name of rule set","httpMethods":["GET"],"position":"14","allowableValues":""},"security_rule_count":{"type":"integer","format":"int32","description":"Number of security rules for this rule set","httpMethods":["GET"],"position":"17","allowableValues":""},"nat_stage":{"type":"string","description":"NAT stage for rule set","httpMethods":["GET"],"position":"19","allowableValues":""},"default":{"type":"boolean","description":"Is default rule set","httpMethods":["GET"],"position":"20","allowableValues":""},"postnat_iface":{"type":"string","description":"External interfaces for rule set","httpMethods":["GET"],"position":"22","allowableValues":""},"prenat_iface":{"type":"string","description":"Internal interfaces for rule set","httpMethods":["GET"],"position":"21","allowableValues":""},"from_type":{"type":"string","description":"Junos SRX NAT only - Type of source for rule-set [Interface, Zone, Routing Instance]","httpMethods":["GET"],"position":"26","allowableValues":""},"to_type":{"type":"string","description":"Junos SRX NAT only - Type of destination for rule-set [Interface, Zone, Routing Instance]","httpMethods":["GET"],"position":"27","allowableValues":""},"cloudSecurityGroupDTO":{"$ref":"CloudSecurityGroupDTO"}},"subTypes":["DirectionalSecurityGroupBindingDTO"]},"FullyShadowedRulesCleanupDTO":{"id":"FullyShadowedRulesCleanupDTO","rootElement":"shadowed_rules_cleanup","description":"","properties":{"shadowed_rules":{"description":"Fully shadowed rules for cleanup results","$ref":"FullyShadowedRulesCleanupResultsListDTO","httpMethods":["GET"],"position":"9","allowableValues":""}}},"FullyShadowedRulesCleanupResultDTO":{"id":"FullyShadowedRulesCleanupResultDTO","rootElement":"shadowed_rule","description":"","properties":{"rule":{"description":"Shadowed rule of cleanup results","$ref":"SecurityRuleDTO","httpMethods":["GET"],"position":"10","allowableValues":""},"shadowing_rules":{"description":"Shadowing rules of cleanup results","$ref":"SecurityRuleListDTO","httpMethods":["GET"],"position":"9","allowableValues":""}},"subTypes":["SecurityRuleDTO"]},"LinkDTO":{"id":"LinkDTO","description":"","required":["@href"],"properties":{"@href":{"type":"string","description":"The location of the referenced object","httpMethods":["GET"],"allowableValues":""}}},"RuleDTO":{"id":"RuleDTO","rootElement":"rule","description":"","required":["uid","binding","cp_uid","order","id"],"properties":{"uid":{"type":"string","description":"The UID of the rule","httpMethods":["GET"],"position":"13","allowableValues":""},"device_id":{"type":"integer","format":"int32","description":"The device ID for this rule","httpMethods":["GET"],"position":"11","allowableValues":""},"binding":{"type":"array","description":"The bindings of the rule","items":{"$ref":"BindingDTO"},"httpMethods":["GET"],"position":"15","allowableValues":""},"cp_uid":{"type":"string","description":"The CheckPoint UID of the rule","httpMethods":["GET"],"position":"16","allowableValues":""},"order":{"type":"integer","format":"int32","description":"The Order of the rule","httpMethods":["GET"],"position":"14","allowableValues":""},"id":{"type":"string","description":"The ID of the rule","httpMethods":["GET"],"position":"12","allowableValues":""}},"subTypes":["SecurityRuleDTO","SectionRuleDTO","ZBSecurityRuleDTO","CloudSecurityRuleDTO"]},"InterfaceIpListDTO":{"id":"InterfaceIpListDTO","rootElement":"interface_ips","description":"","required":["interface_ip"],"properties":{"interface_ip":{"type":"array","description":"Interface IPs","items":{"$ref":"InterfaceIpDTO"},"httpMethods":["GET"],"position":"9","allowableValues":""}}},"RuleTrackDTO":{"id":"RuleTrackDTO","rootElement":"track","description":"","required":["interval","level"],"properties":{"interval":{"type":"string","description":"Tracking interval of rule","httpMethods":["GET"],"position":"11","allowableValues":""},"level":{"type":"string","description":"Tracking level of rule","httpMethods":["GET"],"position":"10","allowableValues":""}}},"Map_IncidentParamKey_String":{"id":"Map_IncidentParamKey_String","rootElement":"Map_IncidentParamKey_String","required":["entry"],"properties":{"entry":{"type":"array","items":{"$ref":"Entry_IncidentParamKey_String"}}}},"SecurityRuleDTO":{"id":"SecurityRuleDTO","rootElement":"rule","description":"","required":["src_networks_negated","dest_networks_negated","src_services_negated","dest_services_negated","uid","binding","cp_uid","order","id"],"properties":{"src_networks_negated":{"type":"boolean","description":"Negated source networks","httpMethods":["GET"],"position":"28","allowableValues":""},"dest_networks_negated":{"type":"boolean","description":"Negated destination networks","httpMethods":["GET"],"position":"29","allowableValues":""},"src_services_negated":{"type":"boolean","description":"Negated source services","httpMethods":["GET"],"position":"30","allowableValues":""},"dest_services_negated":{"type":"boolean","description":"Negated destination services","httpMethods":["GET"],"position":"31","allowableValues":""},"rule_location_display":{"type":"string","description":"Rule Location Display","httpMethods":["GET"],"position":"36","allowableValues":""},"associatedNatRule":{"description":"NAT rule","$ref":"NatRuleDTO","httpMethods":["GET"],"position":"35","allowableValues":""},"src_zone_any":{"type":"boolean","description":"is source zone any ","httpMethods":["GET"],"position":"43","allowableValues":""},"dst_zone_any":{"type":"boolean","description":"is destination zone any ","httpMethods":["GET"],"position":"44","allowableValues":""},"external":{"type":"boolean","description":"Is external","httpMethods":["GET"],"position":"14","allowableValues":""},"src_network":{"type":"array","description":"Source networks","items":{"$ref":"ObjectReferenceDTO"},"httpMethods":["GET"],"position":"15","allowableValues":""},"dst_network":{"type":"array","description":"Destination networks","items":{"$ref":"ObjectReferenceDTO"},"httpMethods":["GET"],"position":"16","allowableValues":""},"src_service":{"type":"array","description":"Source services","items":{"$ref":"ObjectReferenceDTO"},"httpMethods":["GET"],"position":"17","allowableValues":""},"dst_service":{"type":"array","description":"Destination services","items":{"$ref":"ObjectReferenceDTO"},"httpMethods":["GET"],"position":"18","allowableValues":""},"textual_rep":{"type":"string","description":"the textual representation of this rule","httpMethods":["GET"],"position":"45","allowableValues":""},"application":{"type":"array","description":"Applications","items":{"$ref":"ObjectReferenceDTO"},"httpMethods":["GET"],"position":"19","allowableValues":""},"users":{"type":"array","description":"Users","items":{"$ref":"ObjectReferenceDTO"},"httpMethods":["GET"],"position":"23","allowableValues":""},"documentation":{"description":"Rule documentation","$ref":"RuleDocumentationDTO","httpMethods":["GET"],"position":"27","allowableValues":""},"rule_location":{"type":"string","description":"Rule Location","httpMethods":["GET"],"position":"35","allowableValues":""},"rule_number":{"type":"integer","format":"int64","description":"Rule number","httpMethods":["GET"],"position":"10","allowableValues":""},"disabled":{"type":"boolean","description":"Is disabled","httpMethods":["GET"],"position":"14","allowableValues":""},"src_zone":{"type":"array","description":"source zones","items":{"type":"String"},"httpMethods":["GET"],"position":"41","allowableValues":""},"dst_zone":{"type":"array","description":"destination zones","items":{"type":"String"},"httpMethods":["GET"],"position":"42","allowableValues":""},"install":{"type":"array","description":"Installed-ons","items":{"$ref":"ObjectReferenceDTO"},"httpMethods":["GET"],"position":"22","allowableValues":""},"track":{"description":"Rule tracking infomation","$ref":"RuleTrackDTO","httpMethods":["GET"],"position":"13","allowableValues":""},"user_access":{"type":"array","description":"User access","items":{"$ref":"ObjectReferenceDTO"},"httpMethods":["GET"],"position":"24","allowableValues":""},"rule_type":{"type":"string","description":"rule_type","httpMethods":["GET"],"position":"39","allowableValues":""},"vpn":{"type":"array","description":"VPN","items":{"$ref":"ObjectReferenceDTO"},"httpMethods":["GET"],"position":"21","allowableValues":""},"implicit":{"type":"boolean","description":"Is implicit","httpMethods":["GET"],"position":"14","allowableValues":""},"acceleration_breaker":{"type":"boolean","description":"Acceleration breaker","httpMethods":["GET"],"position":"37","allowableValues":""},"authentication_rule":{"type":"boolean","description":"Authentication rule","httpMethods":["GET"],"position":"38","allowableValues":""},"fmg_from_zone":{"type":"string","description":"Fortimanager source zone","httpMethods":["GET"],"position":"32","allowableValues":""},"fmg_to_zone":{"type":"string","description":"Fortimanager destination zone","httpMethods":["GET"],"position":"33","allowableValues":""},"sub_policy":{"type":"string","description":"Sub policy","httpMethods":["GET"],"position":"34","allowableValues":""},"time":{"type":"array","description":"Time","items":{"$ref":"ObjectReferenceDTO"},"httpMethods":["GET"],"position":"20","allowableValues":""},"comment":{"type":"string","description":"Comment","httpMethods":["GET"],"position":"11","allowableValues":""},"option":{"type":"array","description":"Options","items":{"type":"String"},"httpMethods":["GET"],"position":"26","allowableValues":""},"action":{"type":"string","description":"Rule action","httpMethods":["GET"],"position":"12","allowableValues":""},"name":{"type":"string","description":"Name","httpMethods":["GET"],"position":"9","allowableValues":""},"uid":{"type":"string","description":"The UID of the rule","httpMethods":["GET"],"position":"13","allowableValues":""},"device_id":{"type":"integer","format":"int32","description":"The device ID for this rule","httpMethods":["GET"],"position":"11","allowableValues":""},"binding":{"type":"array","description":"The bindings of the rule","items":{"$ref":"BindingDTO"},"httpMethods":["GET"],"position":"15","allowableValues":""},"cp_uid":{"type":"string","description":"The CheckPoint UID of the rule","httpMethods":["GET"],"position":"16","allowableValues":""},"order":{"type":"integer","format":"int32","description":"The Order of the rule","httpMethods":["GET"],"position":"14","allowableValues":""},"id":{"type":"string","description":"The ID of the rule","httpMethods":["GET"],"position":"12","allowableValues":""}}},"TranslationNatRuleDTO":{"id":"TranslationNatRuleDTO","rootElement":"nat_rule","description":"","required":["binding"],"properties":{"ruleNumber":{"type":"integer","format":"int32"},"disabled":{"type":"boolean"},"nat_type":{"type":"string"},"install":{"type":"array","description":"Install-ons for rule","items":{"$ref":"ObjectReferenceDTO"},"httpMethods":["GET"],"position":"16","allowableValues":""},"enable_net4tonet6":{"type":"boolean","description":"Enabled IPv4 to IPv6 translation","httpMethods":["GET"],"position":"18","allowableValues":""},"enable_route_lookup":{"type":"boolean","description":"Enabled route lookup","httpMethods":["GET"],"position":"19","allowableValues":""},"autoNat":{"type":"boolean"},"routing_instance":{"$ref":"RoutingInstanceDTO"},"orig_service":{"type":"array","description":"Original services for rule","items":{"$ref":"ObjectReferenceDTO"},"httpMethods":["GET"],"position":"13","allowableValues":""},"egress_interface":{"type":"array","description":"Outgoing interfaces for rule","items":{"$ref":"InterfaceDTO"},"httpMethods":["GET"],"position":"15","allowableValues":""},"srcNatMethod":{"type":"string"},"dstNatMethod":{"type":"string"},"serviceNatMethod":{"type":"string"},"set_name":{"type":"string"},"comment":{"type":"string"},"name":{"type":"string"},"uid":{"type":"string"},"binding":{"type":"array","description":"Bindings list for NAT rule","items":{"$ref":"BindingDTO"},"httpMethods":["GET"],"position":"9","allowableValues":""},"order":{"type":"integer","format":"int32"},"id":{"type":"string"}}},"RiskDefinitionType[]":{"id":"RiskDefinitionType[]","description":"","properties":{}},"CleanupDuplicationsDTO":{"id":"CleanupDuplicationsDTO","rootElement":"cleanup","description":"","required":["duplicate_objects","code","devices","instances_total","name","id"],"properties":{"duplicate_objects":{"type":"array","description":"Cleanup instances for duplicate objects","items":{"$ref":"CleanupDuplicateObjectDTO"},"httpMethods":["GET"],"position":"9","allowableValues":""},"code":{"type":"string","description":"Code for cleanup","httpMethods":["GET"],"position":"12","allowableValues":""},"devices":{"description":"Devices for cleanup","$ref":"DeviceListDTO","httpMethods":["GET"],"position":"11","allowableValues":""},"instances_total":{"type":"integer","format":"int64","description":"Number of instances in cleanup result","httpMethods":["GET"],"position":"13","allowableValues":""},"name":{"type":"string","description":"Name for cleanup","httpMethods":["GET"],"position":"10","allowableValues":""},"id":{"type":"string","description":"Revision ID for cleanup","httpMethods":["GET"],"position":"9","allowableValues":""}}},"CleanupResultsSetDTO":{"id":"CleanupResultsSetDTO","rootElement":"cleanup_set","description":"","properties":{"shadowed_rules_cleanup":{"description":"Fully shadowed rules for cleanup","$ref":"FullyShadowedRulesCleanupDTO","httpMethods":["GET"],"position":"9","allowableValues":""}}},"InterfaceIpDTO":{"id":"InterfaceIpDTO","rootElement":"interface_ip","description":"","required":["ip","netmask"],"properties":{"ip":{"type":"string","description":"IP address of interface","httpMethods":["GET"],"position":"9","allowableValues":""},"netmask":{"type":"string","description":"Network mask of interface","httpMethods":["GET"],"position":"10","allowableValues":""},"visibility":{"type":"string","description":"ip visibility (private/public)","httpMethods":["GET"],"position":"11","allowableValues":""},"precedence":{"type":"string","description":"ip precedence (primary/secondary)","httpMethods":["GET"],"position":"12","allowableValues":""},"vendorAttachmentPolicy":{"type":"string","description":"ip vendor attachment policy","httpMethods":["GET"],"position":"13","allowableValues":""}}},"BasicInterfaceDTO":{"id":"BasicInterfaceDTO","rootElement":"interface","description":"","required":["name"],"properties":{"name":{"type":"string","description":"The name of the object","httpMethods":["GET"],"position":"9","allowableValues":""}},"subTypes":["InterfaceDTO"]},"SubnetNetworkObjectDTO":{"id":"SubnetNetworkObjectDTO","rootElement":"network_object","description":"","required":["nat_info","uid","device_id","deviceName","application_id","global","comment","display_name","name","id","class_name"],"properties":{"ip":{"type":"string","description":"The ip","httpMethods":["GET","POST","PUT"],"position":"11","allowableValues":""},"netmask":{"type":"string","description":"The netmask","httpMethods":["GET","POST","PUT"],"position":"12","allowableValues":""},"type_on_device":{"type":"string","description":"type on device","allowableValues":""},"domain_name":{"type":"string"},"management_domain":{"type":"string"},"overrides":{"type":"boolean","description":"Original value override, applicable only for Panorama NG","allowableValues":""},"any_zone":{"type":"boolean"},"nat_info":{"description":"NAT info for the network object","$ref":"NatInfoDTO","position":"10","allowableValues":""},"implicit":{"type":"boolean"},"uid":{"type":"string","description":"The uid of the device object","position":"6","allowableValues":""},"device_id":{"type":"integer","format":"int32","description":"The device ID of the device object","position":"6","allowableValues":""},"deviceName":{"type":"string","description":"Device name for device object","position":"9","allowableValues":""},"application_id":{"type":"integer","format":"int64","description":"Application ID of the device object","position":"8","allowableValues":""},"global":{"type":"boolean","description":"Is a global device object","httpMethods":["GET"],"position":"5","allowableValues":""},"comment":{"type":"string","description":"The comment of the device object","httpMethods":["GET","POST","PUT"],"position":"7","allowableValues":""},"display_name":{"type":"string","description":"The display name of the device object","httpMethods":["GET"],"position":"2","allowableValues":""},"name":{"type":"string","description":"The name of the device object","httpMethods":["GET","POST","PUT"],"position":"1","allowableValues":""},"id":{"type":"string","description":"The ID of the device object","httpMethods":["GET","PUT"],"allowableValues":""},"class_name":{"type":"string","description":"The class name of the device object","position":"3","allowableValues":""}}},"WorkflowTicketStatusType":{"id":"WorkflowTicketStatusType","description":"","properties":{}},"DeviceObjectListDTO":{"id":"DeviceObjectListDTO","rootElement":"policy_objects","description":"","required":["policy_object","count","total"],"properties":{"policy_object":{"type":"array","description":"The list of resources and their details","items":{"$ref":"DeviceObjectDTO"},"allowableValues":""},"count":{"type":"integer","format":"int32","description":"Number of returned elements","httpMethods":["GET"],"allowableValues":""},"total":{"type":"integer","format":"int64","description":"Number of total available elements","httpMethods":["GET"],"position":"1","allowableValues":""}}},"RuleListDTO":{"id":"RuleListDTO","rootElement":"rules","description":"","required":["rule","count","total"],"properties":{"rule":{"type":"array","description":"The rules list","items":{"$ref":"RuleDTO"},"httpMethods":["GET"],"position":"10","allowableValues":""},"count":{"type":"integer","format":"int32","description":"Number of returned elements","httpMethods":["GET"],"allowableValues":""},"total":{"type":"integer","format":"int64","description":"Number of total available elements","httpMethods":["GET"],"position":"1","allowableValues":""}}},"CleanupDTO":{"id":"CleanupDTO","rootElement":"cleanup","description":"","required":["code","devices","instances_total","name","id"],"properties":{"code":{"type":"string","description":"Code for cleanup","httpMethods":["GET"],"position":"12","allowableValues":""},"devices":{"description":"Devices for cleanup","$ref":"DeviceListDTO","httpMethods":["GET"],"position":"11","allowableValues":""},"instances_total":{"type":"integer","format":"int64","description":"Number of instances in cleanup result","httpMethods":["GET"],"position":"13","allowableValues":""},"name":{"type":"string","description":"Name for cleanup","httpMethods":["GET"],"position":"10","allowableValues":""},"id":{"type":"string","description":"Revision ID for cleanup","httpMethods":["GET"],"position":"9","allowableValues":""}},"subTypes":["CleanupRuleDTO","CleanupDeviceObjectDTO","CleanupDuplicationsDTO"]},"DirectionalSecurityGroupBindingDTO":{"id":"DirectionalSecurityGroupBindingDTO","rootElement":"binding","description":"","required":["direction","policy","from_zone","to_zone","acl","rule_count","policy_map_name","security_rule_count","nat_stage","default","postnat_iface","prenat_iface"],"properties":{"uid":{"type":"string"},"direction":{"type":"string","description":"Direction of rule set","httpMethods":["GET"],"position":"18","allowableValues":""},"policy":{"description":"Management policy for rule set","$ref":"ManagementPolicyDTO","httpMethods":["GET"],"position":"13","allowableValues":""},"from_zone":{"type":"array","description":"Source zones of rule set","items":{"$ref":"PolicyZoneDTO"},"httpMethods":["GET"],"position":"11","allowableValues":""},"to_zone":{"type":"array","description":"Destination zones of rule set","items":{"$ref":"PolicyZoneDTO"},"httpMethods":["GET"],"position":"12","allowableValues":""},"ip_type":{"$ref":"IpType"},"acl":{"description":"ACL for rule set","$ref":"AclDTO","httpMethods":["GET"],"position":"9","allowableValues":""},"rule_count":{"type":"integer","format":"int32","description":"Number of rules for this rule set","httpMethods":["GET"],"position":"16","allowableValues":""},"nat_type":{"type":"string","description":"Junos SRX NAT only - Type of NAT used [SOURCE, DESTINATION, STATIC_DESTINATION, STATIC_SOURCE]","httpMethods":["GET"],"position":"23","allowableValues":""},"from_collection":{"type":"string","description":"Junos SRX NAT only - A group of sources for the NAT rule-set [Interface, Zone, Routing Instance]","httpMethods":["GET"],"position":"24","allowableValues":""},"to_collection":{"type":"string","description":"Junos SRX NAT only - A group of destinations for the NAT rule-set [Interface, Zone, Routing Instance]","httpMethods":["GET"],"position":"25","allowableValues":""},"device_policy_id":{"type":"integer","format":"int64","description":"StoneSoft only","httpMethods":["GET"],"position":"23","allowableValues":""},"policy_map_name":{"type":"string","description":"Policy map name of rule set","httpMethods":["GET"],"position":"14","allowableValues":""},"security_rule_count":{"type":"integer","format":"int32","description":"Number of security rules for this rule set","httpMethods":["GET"],"position":"17","allowableValues":""},"nat_stage":{"type":"string","description":"NAT stage for rule set","httpMethods":["GET"],"position":"19","allowableValues":""},"default":{"type":"boolean","description":"Is default rule set","httpMethods":["GET"],"position":"20","allowableValues":""},"postnat_iface":{"type":"string","description":"External interfaces for rule set","httpMethods":["GET"],"position":"22","allowableValues":""},"prenat_iface":{"type":"string","description":"Internal interfaces for rule set","httpMethods":["GET"],"position":"21","allowableValues":""},"from_type":{"type":"string","description":"Junos SRX NAT only - Type of source for rule-set [Interface, Zone, Routing Instance]","httpMethods":["GET"],"position":"26","allowableValues":""},"to_type":{"type":"string","description":"Junos SRX NAT only - Type of destination for rule-set [Interface, Zone, Routing Instance]","httpMethods":["GET"],"position":"27","allowableValues":""},"cloudSecurityGroupDTO":{"$ref":"CloudSecurityGroupDTO"}}},"CloudSecurityGroupDTO":{"id":"CloudSecurityGroupDTO","description":"","required":["access_allowed","exclusion","member","nat_info","uid","device_id","deviceName","application_id","global","comment","display_name","name","id","class_name"],"properties":{"access_allowed":{"type":"boolean","description":"access allowed","httpMethods":["GET","POST","PUT"],"position":"13","allowableValues":""},"exclusion":{"type":"array","description":"The exclusions","items":{"$ref":"ObjectReferenceDTO"},"position":"12","allowableValues":""},"member":{"type":"array","description":"The members","items":{"$ref":"ObjectReferenceDTO"},"httpMethods":["GET","POST","PUT"],"position":"11","allowableValues":""},"type_on_device":{"type":"string","description":"type on device","allowableValues":""},"domain_name":{"type":"string"},"management_domain":{"type":"string"},"overrides":{"type":"boolean","description":"Original value override, applicable only for Panorama NG","allowableValues":""},"any_zone":{"type":"boolean"},"nat_info":{"description":"NAT info for the network object","$ref":"NatInfoDTO","position":"10","allowableValues":""},"implicit":{"type":"boolean"},"uid":{"type":"string","description":"The uid of the device object","position":"6","allowableValues":""},"device_id":{"type":"integer","format":"int32","description":"The device ID of the device object","position":"6","allowableValues":""},"deviceName":{"type":"string","description":"Device name for device object","position":"9","allowableValues":""},"application_id":{"type":"integer","format":"int64","description":"Application ID of the device object","position":"8","allowableValues":""},"global":{"type":"boolean","description":"Is a global device object","httpMethods":["GET"],"position":"5","allowableValues":""},"comment":{"type":"string","description":"The comment of the device object","httpMethods":["GET","POST","PUT"],"position":"7","allowableValues":""},"display_name":{"type":"string","description":"The display name of the device object","httpMethods":["GET"],"position":"2","allowableValues":""},"name":{"type":"string","description":"The name of the device object","httpMethods":["GET","POST","PUT"],"position":"1","allowableValues":""},"id":{"type":"string","description":"The ID of the device object","httpMethods":["GET","PUT"],"allowableValues":""},"class_name":{"type":"string","description":"The class name of the device object","position":"3","allowableValues":""}}},"SectionRuleDTO":{"id":"SectionRuleDTO","rootElement":"rule","description":"","required":["header","uid","binding","cp_uid","order","id"],"properties":{"header":{"type":"string","description":"Section header","httpMethods":["GET"],"position":"9","allowableValues":""},"uid":{"type":"string","description":"The UID of the rule","httpMethods":["GET"],"position":"13","allowableValues":""},"device_id":{"type":"integer","format":"int32","description":"The device ID for this rule","httpMethods":["GET"],"position":"11","allowableValues":""},"binding":{"type":"array","description":"The bindings of the rule","items":{"$ref":"BindingDTO"},"httpMethods":["GET"],"position":"15","allowableValues":""},"cp_uid":{"type":"string","description":"The CheckPoint UID of the rule","httpMethods":["GET"],"position":"16","allowableValues":""},"order":{"type":"integer","format":"int32","description":"The Order of the rule","httpMethods":["GET"],"position":"14","allowableValues":""},"id":{"type":"string","description":"The ID of the rule","httpMethods":["GET"],"position":"12","allowableValues":""}}},"RiskListDTO":{"id":"RiskListDTO","rootElement":"risks","description":"","required":["score","risk","count","total"],"properties":{"score":{"type":"integer","format":"int32","description":"The Score","httpMethods":["GET"],"allowableValues":""},"risk":{"type":"array","description":"Risk Instances","items":{"$ref":"RiskDTO"},"httpMethods":["GET"],"position":"1","allowableValues":""},"count":{"type":"integer","format":"int32","description":"Number of returned elements","httpMethods":["GET"],"allowableValues":""},"total":{"type":"integer","format":"int64","description":"Number of total available elements","httpMethods":["GET"],"position":"1","allowableValues":""}}},"IpType":{"id":"IpType","description":"","properties":{"ipv4":{"type":"boolean"},"ipv6":{"type":"boolean"}}},"CleanupDuplicateObjectDTO":{"id":"CleanupDuplicateObjectDTO","rootElement":"duplicate_objects","description":"","required":["duplicate_objects_number","policy_object"],"properties":{"duplicate_objects_number":{"type":"integer","format":"int32","description":"Number of duplicate objects in cleanup","httpMethods":["GET"],"position":"9","allowableValues":""},"policy_object":{"type":"array","description":"Duplicate objects for cleanup","items":{"$ref":"DeviceObjectDTO"},"httpMethods":["GET"],"position":"10","allowableValues":""}}},"CleanupListDTO":{"id":"CleanupListDTO","rootElement":"cleanups","description":"","required":["cleanup","count","total"],"properties":{"cleanup":{"type":"array","description":"The rule list","items":{"$ref":"CleanupDTO"},"position":"1","allowableValues":""},"score":{"type":"integer","format":"int32","description":"The Score","allowableValues":""},"count":{"type":"integer","format":"int32","description":"Number of returned elements","httpMethods":["GET"],"allowableValues":""},"total":{"type":"integer","format":"int64","description":"Number of total available elements","httpMethods":["GET"],"position":"1","allowableValues":""}}},"DeviceListDTO":{"id":"DeviceListDTO","rootElement":"devices","description":"","required":["device","count","total"],"properties":{"device":{"type":"array","description":"The devices list","items":{"$ref":"st_device"},"httpMethods":["GET"],"allowableValues":""},"count":{"type":"integer","format":"int32","description":"Number of returned elements","httpMethods":["GET"],"allowableValues":""},"total":{"type":"integer","format":"int64","description":"Number of total available elements","httpMethods":["GET"],"position":"1","allowableValues":""}}},"Risk":{"id":"Risk","description":"","properties":{"incident":{"$ref":"Incident"},"numOfInstances":{"type":"integer","format":"int64"}}},"RiskSeverity[]":{"id":"RiskSeverity[]","description":"","properties":{}},"RiskSeverity":{"id":"RiskSeverity","description":"","properties":{}},"RoutingInstanceDTO":{"id":"RoutingInstanceDTO","rootElement":"routing_instance","description":"","properties":{"name":{"type":"string"},"interfaces":{"$ref":"InterfaceListDTO"},"id":{"type":"integer","format":"int64"}}},"ManagementPolicyDTO":{"id":"ManagementPolicyDTO","rootElement":"policy","description":"","required":["itg_id","admin_domain","unique_active_in_itg","admin_domain_id","itg","name","id"],"properties":{"itg_id":{"type":"integer","format":"int32","description":"Installation target group ID","httpMethods":["GET"],"position":"11","allowableValues":""},"admin_domain":{"type":"string","description":"Admin domain name","httpMethods":["GET"],"position":"15","allowableValues":""},"unique_active_in_itg":{"type":"boolean","description":"Unique active installation target group","httpMethods":["GET"],"position":"13","allowableValues":""},"admin_domain_id":{"type":"integer","format":"int64","description":"Admin domain ID","httpMethods":["GET"],"position":"14","allowableValues":""},"itg":{"type":"string","description":"Installation target group name","httpMethods":["GET"],"position":"12","allowableValues":""},"name":{"type":"string","description":"Name","httpMethods":["GET"],"position":"10","allowableValues":""},"id":{"type":"integer","format":"int64","description":"ID","httpMethods":["GET"],"position":"9","allowableValues":""}},"subTypes":["ManagementDomainPolicyDTO"]},"st_device":{"id":"st_device","rootElement":"device","description":"","required":["domain_name","model","vendor","domain_id","offline","topology","name"],"properties":{"domain_name":{"type":"string","description":"The domain name of the device","httpMethods":["GET","POST","PUT"],"position":"13","allowableValues":""},"model":{"type":"string","description":"The model of the device","httpMethods":["GET","POST","PUT"],"position":"11","allowableValues":""},"vendor":{"type":"string","description":"The vendor of the device","httpMethods":["GET","POST","PUT"],"position":"16","allowableValues":""},"domain_id":{"type":"string","description":"The domain identifier of the device","httpMethods":["GET","POST","PUT"],"position":"12","allowableValues":""},"offline":{"type":"boolean","description":"Device is offline","httpMethods":["GET","POST","PUT"],"position":"14","allowableValues":""},"topology":{"type":"boolean","description":"Device has topology","httpMethods":["GET","POST","PUT"],"position":"15","allowableValues":""},"module_uid":{"type":"string"},"name":{"type":"string","description":"The name of the device","httpMethods":["GET","POST","PUT"],"position":"10","allowableValues":""},"id":{"type":"string","description":"The ID of the device","httpMethods":["GET","POST","PUT"],"position":"9","allowableValues":""}}},"DuplicateNetworkObjectDTO":{"id":"DuplicateNetworkObjectDTO","rootElement":"duplication_criteria","description":"","required":["nat_info","uid","device_id","deviceName","application_id","global","comment","display_name","name","id","class_name"],"properties":{"ip":{"type":"string","description":"IP address","httpMethods":["GET"],"position":"12","allowableValues":""},"netmask":{"type":"string","description":"Netmask","httpMethods":["GET"],"position":"11","allowableValues":""},"min_ip":{"type":"string","description":"Minimal IP address","httpMethods":["GET"],"position":"9","allowableValues":""},"max_ip":{"type":"string","description":"Maximal IP address","httpMethods":["GET"],"position":"10","allowableValues":""},"type_on_device":{"type":"string","description":"type on device","allowableValues":""},"domain_name":{"type":"string"},"management_domain":{"type":"string"},"overrides":{"type":"boolean","description":"Original value override, applicable only for Panorama NG","allowableValues":""},"any_zone":{"type":"boolean"},"nat_info":{"description":"NAT info for the network object","$ref":"NatInfoDTO","position":"10","allowableValues":""},"implicit":{"type":"boolean"},"uid":{"type":"string","description":"The uid of the device object","position":"6","allowableValues":""},"device_id":{"type":"integer","format":"int32","description":"The device ID of the device object","position":"6","allowableValues":""},"deviceName":{"type":"string","description":"Device name for device object","position":"9","allowableValues":""},"application_id":{"type":"integer","format":"int64","description":"Application ID of the device object","position":"8","allowableValues":""},"global":{"type":"boolean","description":"Is a global device object","httpMethods":["GET"],"position":"5","allowableValues":""},"comment":{"type":"string","description":"The comment of the device object","httpMethods":["GET","POST","PUT"],"position":"7","allowableValues":""},"display_name":{"type":"string","description":"The display name of the device object","httpMethods":["GET"],"position":"2","allowableValues":""},"name":{"type":"string","description":"The name of the device object","httpMethods":["GET","POST","PUT"],"position":"1","allowableValues":""},"id":{"type":"string","description":"The ID of the device object","httpMethods":["GET","PUT"],"allowableValues":""},"class_name":{"type":"string","description":"The class name of the device object","position":"3","allowableValues":""}}},"DeviceObjectDTO":{"id":"DeviceObjectDTO","rootElement":"policy_object","description":"","required":["uid","device_id","deviceName","application_id","global","comment","display_name","name","id","type","class_name"],"properties":{"uid":{"type":"string","description":"The uid of the device object","position":"6","allowableValues":""},"device_id":{"type":"integer","format":"int32","description":"The device ID of the device object","position":"6","allowableValues":""},"deviceName":{"type":"string","description":"Device name for device object","position":"9","allowableValues":""},"application_id":{"type":"integer","format":"int64","description":"Application ID of the device object","position":"8","allowableValues":""},"global":{"type":"boolean","description":"Is a global device object","httpMethods":["GET"],"position":"5","allowableValues":""},"comment":{"type":"string","description":"The comment of the device object","httpMethods":["GET","POST","PUT"],"position":"7","allowableValues":""},"display_name":{"type":"string","description":"The display name of the device object","httpMethods":["GET"],"position":"2","allowableValues":""},"name":{"type":"string","description":"The name of the device object","httpMethods":["GET","POST","PUT"],"position":"1","allowableValues":""},"id":{"type":"string","description":"The ID of the device object","httpMethods":["GET","PUT"],"allowableValues":""},"type":{"type":"string","description":"The type of the device object","position":"4","allowableValues":"basic, host, range, subnet, group, user, user-group, ip_service, tcp_service, udp_service, transport_service, icmp_service, rpc_service"},"class_name":{"type":"string","description":"The class name of the device object","position":"3","allowableValues":""}},"subTypes":["SubnetNetworkObjectDTO","DuplicateServiceDTO","DuplicateNetworkObjectDTO"]},"SectionNatRuleDTO":{"id":"SectionNatRuleDTO","rootElement":"nat_rule","description":"","required":["binding"],"properties":{"header":{"type":"string"},"uid":{"type":"string"},"binding":{"type":"array","description":"Bindings list for NAT rule","items":{"$ref":"BindingDTO"},"httpMethods":["GET"],"position":"9","allowableValues":""},"order":{"type":"integer","format":"int32"},"id":{"type":"string"}}},"ZBSecurityRuleDTO":{"id":"ZBSecurityRuleDTO","rootElement":"rule","description":"","required":["src_networks_negated","dest_networks_negated","src_services_negated","dest_services_negated","uid","binding","cp_uid","order","id"],"properties":{"classMap":{"description":"Class map","$ref":"ClassMapDTO","httpMethods":["GET"],"position":"9","allowableValues":""},"effectiveAction":{"type":"string","description":"Effective action","httpMethods":["GET"],"position":"11","allowableValues":""},"src_networks_negated":{"type":"boolean","description":"Negated source networks","httpMethods":["GET"],"position":"28","allowableValues":""},"dest_networks_negated":{"type":"boolean","description":"Negated destination networks","httpMethods":["GET"],"position":"29","allowableValues":""},"src_services_negated":{"type":"boolean","description":"Negated source services","httpMethods":["GET"],"position":"30","allowableValues":""},"dest_services_negated":{"type":"boolean","description":"Negated destination services","httpMethods":["GET"],"position":"31","allowableValues":""},"rule_location_display":{"type":"string","description":"Rule Location Display","httpMethods":["GET"],"position":"36","allowableValues":""},"associatedNatRule":{"description":"NAT rule","$ref":"NatRuleDTO","httpMethods":["GET"],"position":"35","allowableValues":""},"src_zone_any":{"type":"boolean","description":"is source zone any ","httpMethods":["GET"],"position":"43","allowableValues":""},"dst_zone_any":{"type":"boolean","description":"is destination zone any ","httpMethods":["GET"],"position":"44","allowableValues":""},"external":{"type":"boolean","description":"Is external","httpMethods":["GET"],"position":"14","allowableValues":""},"src_network":{"type":"array","description":"Source networks","items":{"$ref":"ObjectReferenceDTO"},"httpMethods":["GET"],"position":"15","allowableValues":""},"dst_network":{"type":"array","description":"Destination networks","items":{"$ref":"ObjectReferenceDTO"},"httpMethods":["GET"],"position":"16","allowableValues":""},"src_service":{"type":"array","description":"Source services","items":{"$ref":"ObjectReferenceDTO"},"httpMethods":["GET"],"position":"17","allowableValues":""},"dst_service":{"type":"array","description":"Destination services","items":{"$ref":"ObjectReferenceDTO"},"httpMethods":["GET"],"position":"18","allowableValues":""},"textual_rep":{"type":"string","description":"the textual representation of this rule","httpMethods":["GET"],"position":"45","allowableValues":""},"application":{"type":"array","description":"Applications","items":{"$ref":"ObjectReferenceDTO"},"httpMethods":["GET"],"position":"19","allowableValues":""},"users":{"type":"array","description":"Users","items":{"$ref":"ObjectReferenceDTO"},"httpMethods":["GET"],"position":"23","allowableValues":""},"documentation":{"description":"Rule documentation","$ref":"RuleDocumentationDTO","httpMethods":["GET"],"position":"27","allowableValues":""},"rule_location":{"type":"string","description":"Rule Location","httpMethods":["GET"],"position":"35","allowableValues":""},"rule_number":{"type":"integer","format":"int64","description":"Rule number","httpMethods":["GET"],"position":"10","allowableValues":""},"disabled":{"type":"boolean","description":"Is disabled","httpMethods":["GET"],"position":"14","allowableValues":""},"src_zone":{"type":"array","description":"source zones","items":{"type":"String"},"httpMethods":["GET"],"position":"41","allowableValues":""},"dst_zone":{"type":"array","description":"destination zones","items":{"type":"String"},"httpMethods":["GET"],"position":"42","allowableValues":""},"install":{"type":"array","description":"Installed-ons","items":{"$ref":"ObjectReferenceDTO"},"httpMethods":["GET"],"position":"22","allowableValues":""},"track":{"description":"Rule tracking infomation","$ref":"RuleTrackDTO","httpMethods":["GET"],"position":"13","allowableValues":""},"user_access":{"type":"array","description":"User access","items":{"$ref":"ObjectReferenceDTO"},"httpMethods":["GET"],"position":"24","allowableValues":""},"rule_type":{"type":"string","description":"rule_type","httpMethods":["GET"],"position":"39","allowableValues":""},"vpn":{"type":"array","description":"VPN","items":{"$ref":"ObjectReferenceDTO"},"httpMethods":["GET"],"position":"21","allowableValues":""},"implicit":{"type":"boolean","description":"Is implicit","httpMethods":["GET"],"position":"14","allowableValues":""},"acceleration_breaker":{"type":"boolean","description":"Acceleration breaker","httpMethods":["GET"],"position":"37","allowableValues":""},"authentication_rule":{"type":"boolean","description":"Authentication rule","httpMethods":["GET"],"position":"38","allowableValues":""},"fmg_from_zone":{"type":"string","description":"Fortimanager source zone","httpMethods":["GET"],"position":"32","allowableValues":""},"fmg_to_zone":{"type":"string","description":"Fortimanager destination zone","httpMethods":["GET"],"position":"33","allowableValues":""},"sub_policy":{"type":"string","description":"Sub policy","httpMethods":["GET"],"position":"34","allowableValues":""},"time":{"type":"array","description":"Time","items":{"$ref":"ObjectReferenceDTO"},"httpMethods":["GET"],"position":"20","allowableValues":""},"comment":{"type":"string","description":"Comment","httpMethods":["GET"],"position":"11","allowableValues":""},"option":{"type":"array","description":"Options","items":{"type":"String"},"httpMethods":["GET"],"position":"26","allowableValues":""},"action":{"type":"string","description":"Rule action","httpMethods":["GET"],"position":"12","allowableValues":""},"name":{"type":"string","description":"Name","httpMethods":["GET"],"position":"9","allowableValues":""},"uid":{"type":"string","description":"The UID of the rule","httpMethods":["GET"],"position":"13","allowableValues":""},"device_id":{"type":"integer","format":"int32","description":"The device ID for this rule","httpMethods":["GET"],"position":"11","allowableValues":""},"binding":{"type":"array","description":"The bindings of the rule","items":{"$ref":"BindingDTO"},"httpMethods":["GET"],"position":"15","allowableValues":""},"cp_uid":{"type":"string","description":"The CheckPoint UID of the rule","httpMethods":["GET"],"position":"16","allowableValues":""},"order":{"type":"integer","format":"int32","description":"The Order of the rule","httpMethods":["GET"],"position":"14","allowableValues":""},"id":{"type":"string","description":"The ID of the rule","httpMethods":["GET"],"position":"12","allowableValues":""}}},"DuplicateServiceDTO":{"id":"DuplicateServiceDTO","rootElement":"duplicate_service","description":"","required":["management_domain","uid","device_id","deviceName","application_id","global","comment","display_name","name","id","class_name"],"properties":{"min_src_port":{"type":"integer","format":"int32","description":"Minimal source port","httpMethods":["GET"],"position":"13","allowableValues":""},"max_src_port":{"type":"integer","format":"int32","description":"Maximal source port","httpMethods":["GET"],"position":"14","allowableValues":""},"min_port":{"type":"integer","format":"int32","description":"Minimal port value","httpMethods":["GET"],"position":"11","allowableValues":""},"max_port":{"type":"integer","format":"int32","description":"Maximal port value","httpMethods":["GET"],"position":"12","allowableValues":""},"session_timeout":{"type":"integer","format":"int32"},"protocol":{"type":"integer","format":"int16","description":"Protocol","httpMethods":["GET"],"position":"10","allowableValues":""},"type_on_device":{"type":"string","description":"type on device","allowableValues":""},"management_domain":{"type":"string","description":"management domain ","position":"10","allowableValues":""},"overrides":{"type":"boolean","description":"Original value override, applicable only for Panorama NG","allowableValues":""},"uid":{"type":"string","description":"The uid of the device object","position":"6","allowableValues":""},"device_id":{"type":"integer","format":"int32","description":"The device ID of the device object","position":"6","allowableValues":""},"deviceName":{"type":"string","description":"Device name for device object","position":"9","allowableValues":""},"application_id":{"type":"integer","format":"int64","description":"Application ID of the device object","position":"8","allowableValues":""},"global":{"type":"boolean","description":"Is a global device object","httpMethods":["GET"],"position":"5","allowableValues":""},"comment":{"type":"string","description":"The comment of the device object","httpMethods":["GET","POST","PUT"],"position":"7","allowableValues":""},"display_name":{"type":"string","description":"The display name of the device object","httpMethods":["GET"],"position":"2","allowableValues":""},"name":{"type":"string","description":"The name of the device object","httpMethods":["GET","POST","PUT"],"position":"1","allowableValues":""},"id":{"type":"string","description":"The ID of the device object","httpMethods":["GET","PUT"],"allowableValues":""},"class_name":{"type":"string","description":"The class name of the device object","position":"3","allowableValues":""}}},"InterfaceDTO":{"id":"InterfaceDTO","rootElement":"interface","description":"","required":["direction","global","device_id","interface_ips","acl_name","id","name"],"properties":{"direction":{"type":"string","description":"The direction of the interface","httpMethods":["GET"],"position":"12","allowableValues":""},"global":{"type":"boolean","description":"Is a global interface","httpMethods":["GET"],"position":"12","allowableValues":""},"device_id":{"type":"integer","format":"int32","description":"Device ID for interface","httpMethods":["GET"],"position":"9","allowableValues":""},"interface_ips":{"description":"List of interfaces IPs","$ref":"InterfaceIpListDTO","httpMethods":["GET"],"position":"10","allowableValues":""},"acl_name":{"type":"string","description":"ACL name of the interface","httpMethods":["GET"],"position":"13","allowableValues":""},"id":{"type":"integer","format":"int64","description":"The ID of interface","httpMethods":["GET"],"position":"11","allowableValues":""},"name":{"type":"string","description":"The name of the object","httpMethods":["GET"],"position":"9","allowableValues":""}}},"NatRuleDTO":{"id":"NatRuleDTO","rootElement":"nat_rule","description":"","required":["binding"],"properties":{"uid":{"type":"string"},"binding":{"type":"array","description":"Bindings list for NAT rule","items":{"$ref":"BindingDTO"},"httpMethods":["GET"],"position":"9","allowableValues":""},"order":{"type":"integer","format":"int32"},"id":{"type":"string"}},"subTypes":["TranslationNatRuleDTO","SectionNatRuleDTO"]},"RuleDocumentationDTO":{"id":"RuleDocumentationDTO","rootElement":"rule_documentation","description":"","required":["violation","tech_owner","legacy_rule","record_set","permissiveness_level","shadowed","secure_app_application","comment"],"properties":{"violation":{"type":"array","description":"List of violations for this rule","items":{"$ref":"ViolationMetadataDTO"},"httpMethods":["GET"],"position":"24","allowableValues":""},"tech_owner":{"type":"string","description":"The techinal owner","httpMethods":["GET"],"position":"11","allowableValues":""},"legacy_rule":{"type":"boolean","description":"The rule advanced options","httpMethods":["GET"],"position":"18","allowableValues":""},"record_set":{"type":"array","description":"Documentation records for this rule","items":{"$ref":"RuleDocumentationRecordDTO"},"httpMethods":["GET"],"position":"13","allowableValues":""},"last_hit":{"type":"string","description":" The date of rule last hit","httpMethods":["GET"],"position":"23","allowableValues":""},"permissiveness_level":{"type":"string","description":"The rule permissiveness score","httpMethods":["GET"],"position":"20","allowableValues":""},"shadowed":{"type":"string","description":"The rule shadowed status","httpMethods":["GET"],"position":"17","allowableValues":""},"secure_app_application":{"type":"array","description":"SecureApp applications for this rule","items":{"$ref":"SaApplicationDTO"},"httpMethods":["GET"],"position":"16","allowableValues":""},"comment":{"type":"string","description":"The rule comment","httpMethods":["GET"],"position":"12","allowableValues":""},"last_modified":{"type":"string","description":"The date this rule was last modified","httpMethods":["GET"],"position":"22","allowableValues":""}},"subTypes":["RuleDocumentationRecordDTO"]},"Entry_IncidentParamKey_String":{"id":"Entry_IncidentParamKey_String","rootElement":"Map_IncidentParamKey_String","required":["key","value"],"properties":{"key":{"$ref":"IncidentParamKey","position":"0"},"value":{"type":"String","position":"1"}}},"IpType[]":{"id":"IpType[]","description":"","properties":{}},"RuleDocumentationRecordDTO":{"id":"RuleDocumentationRecordDTO","description":"","required":["ticketCr","expireDate","businessOwnerName","businessOwnerEmail","ticketStatus","id"],"properties":{"ticketCr":{"type":"string","description":"Ticket information for rule","httpMethods":["GET"],"position":"10","allowableValues":""},"expireDate":{"type":"string","format":"date-time","description":"Expiration date for rule","httpMethods":["GET"],"position":"11","allowableValues":""},"businessOwnerName":{"type":"string","description":"Business owner name for rule","httpMethods":["GET"],"position":"13","allowableValues":""},"businessOwnerEmail":{"type":"string","description":"Business owner Email address for rule","httpMethods":["GET"],"position":"14","allowableValues":""},"ticketOrigin":{"type":"string","description":"Ticketing system source of the specified ID. Supported values: \u0027scw\u0027","httpMethods":["GET"],"position":"16","allowableValues":""},"ticketStatus":{"description":"Workflow ticket status for rule","$ref":"WorkflowTicketStatusType","httpMethods":["GET"],"position":"15","allowableValues":""},"id":{"type":"integer","format":"int64","description":"Rule documentation ID","httpMethods":["GET"],"position":"9","allowableValues":""}}},"IncidentInterpretation":{"id":"IncidentInterpretation","description":"","properties":{}},"ObjectReferenceDTO":{"id":"ObjectReferenceDTO","description":"","required":["id"],"properties":{"uid":{"type":"string","description":"The unique identifier of the referenced object","httpMethods":["GET"],"position":"1","allowableValues":""},"member":{"type":"array","description":"List of references to a DM_INLINE group members","items":{"$ref":"ObjectReferenceDTO"},"position":"6","allowableValues":""},"display_name":{"type":"string","description":"The display name of the referenced object","httpMethods":["GET"],"position":"2","allowableValues":""},"link":{"description":"The data structure that contains the href tag, which sets the location of the referenced object in the SecureApp database","$ref":"LinkDTO","httpMethods":["GET"],"position":"5","allowableValues":""},"name":{"type":"string","description":"The name of the referenced object","httpMethods":["GET"],"position":"3","allowableValues":""},"id":{"type":"string","description":"ID","httpMethods":["GET","POST","PUT"],"allowableValues":""},"type":{"type":"string","description":"The type of the referenced object","httpMethods":["GET"],"position":"4","allowableValues":""}}},"CleanupRuleDTO":{"id":"CleanupRuleDTO","rootElement":"cleanup","description":"","required":["instances","code","devices","instances_total","name","id"],"properties":{"instances":{"description":"Cleanup instances for rules","$ref":"RuleListDTO","httpMethods":["GET"],"position":"9","allowableValues":""},"code":{"type":"string","description":"Code for cleanup","httpMethods":["GET"],"position":"12","allowableValues":""},"devices":{"description":"Devices for cleanup","$ref":"DeviceListDTO","httpMethods":["GET"],"position":"11","allowableValues":""},"instances_total":{"type":"integer","format":"int64","description":"Number of instances in cleanup result","httpMethods":["GET"],"position":"13","allowableValues":""},"name":{"type":"string","description":"Name for cleanup","httpMethods":["GET"],"position":"10","allowableValues":""},"id":{"type":"string","description":"Revision ID for cleanup","httpMethods":["GET"],"position":"9","allowableValues":""}}},"RiskDefinitionSource":{"id":"RiskDefinitionSource","description":"","properties":{}},"FullyShadowedRulesCleanupResultsListDTO":{"id":"FullyShadowedRulesCleanupResultsListDTO","rootElement":"shadowed_rules","description":"","properties":{"shadowed_rule":{"type":"array","description":"Fully shadowed rules for cleanup results","items":{"$ref":"FullyShadowedRulesCleanupResultDTO"},"httpMethods":["GET"],"position":"9","allowableValues":""}}},"PolicyZoneDTO":{"id":"PolicyZoneDTO","rootElement":"zone","description":"","required":["global","id","name"],"properties":{"global":{"type":"boolean","description":"Is a global zone","httpMethods":["GET"],"position":"10","allowableValues":""},"id":{"type":"integer","format":"int64","description":"ID of the zone","httpMethods":["GET"],"position":"9","allowableValues":""},"name":{"type":"string","description":"The name of the object","httpMethods":["GET"],"position":"9","allowableValues":""}}},"InterfaceListDTO":{"id":"InterfaceListDTO","rootElement":"interfaces","description":"","properties":{"interface":{"type":"array","description":"interfaces list","items":{"$ref":"BasicInterfaceDTO"},"httpMethods":["GET"],"position":"9","allowableValues":""}}},"RiskDefinitionType":{"id":"RiskDefinitionType","description":"","properties":{"displayName":{"type":"string"}}},"CleanupDeviceObjectDTO":{"id":"CleanupDeviceObjectDTO","rootElement":"cleanup","description":"","required":["instances","code","devices","instances_total","name","id"],"properties":{"instances":{"description":"Cleanup instances","$ref":"DeviceObjectListDTO","httpMethods":["GET"],"position":"9","allowableValues":""},"code":{"type":"string","description":"Code for cleanup","httpMethods":["GET"],"position":"12","allowableValues":""},"devices":{"description":"Devices for cleanup","$ref":"DeviceListDTO","httpMethods":["GET"],"position":"11","allowableValues":""},"instances_total":{"type":"integer","format":"int64","description":"Number of instances in cleanup result","httpMethods":["GET"],"position":"13","allowableValues":""},"name":{"type":"string","description":"Name for cleanup","httpMethods":["GET"],"position":"10","allowableValues":""},"id":{"type":"string","description":"Revision ID for cleanup","httpMethods":["GET"],"position":"9","allowableValues":""}}},"IncidentParamKey[]":{"id":"IncidentParamKey[]","description":"","properties":{}},"Incident":{"id":"Incident","description":"","properties":{"code":{"type":"string"},"extraInfo":{"type":"string"},"interpretation":{"$ref":"IncidentInterpretation"},"orBetweenTufinTests":{"type":"boolean"},"incidentType":{"type":"integer","format":"int32"},"params":{"type":"Map_IncidentParamKey_String","format":"map","items":{}},"severity":{"$ref":"RiskSeverity"},"description":{"type":"string"},"source":{"$ref":"RiskDefinitionSource"},"name":{"type":"string"},"id":{"type":"integer","format":"int64"},"type":{"$ref":"RiskDefinitionType"}}},"ViolationMetadataDTO":{"id":"ViolationMetadataDTO","description":"","required":["name","type"],"properties":{"name":{"type":"string","description":"The name of the violation","httpMethods":["GET"],"position":"1","allowableValues":""},"type":{"type":"string","description":"The type of the violation","httpMethods":["GET"],"position":"1","allowableValues":""}}}}}