{"apiVersion":"1.0.0","resourcePath":"/Policy Browser (formerly Rule Documentation)","apis":[{"path":"/revisions/{id:[0-9]+}/rules/{rule_id:[0-9]+}/documentation","operations":[{"baseURL":"/securetrack/api","method":"GET","summary":"Get specific rule documentation","notes":"Fetches rule documentation for a single rule given by revision ID and rule ID.","examples":["https://192.168.1.1/securetrack/api/revisions/785/rules/16373/documentation"],"position":"3","type":"RuleDocumentationDTO","nickname":"getRuleDocumentation","produces":["application/xml","application/json"],"parameters":[{"name":"context","description":"Global MSSP context","required":false,"type":"integer","format":"int32","paramType":"query","allowMultiple":false,"allowableValues":""},{"name":"id","description":"Revision id","required":true,"type":"integer","format":"int32","paramType":"path","allowMultiple":false,"allowableValues":""},{"name":"rule_id","description":"Id of the requested rule","required":true,"type":"integer","format":"int32","paramType":"path","allowMultiple":false,"allowableValues":""}]},{"baseURL":"/securetrack/api","method":"PUT","summary":"Modify specific rule documentation","notes":"Modify rule documentation for a single rule given by revision ID and rule ID.\u003cbr\u003eIf there is no existing rule documentation for the rule, the specified documentation is added to the rule and the response code is: 201 Created.\u003cbr\u003eIf there is existing rule documentation for the rule, the specified documentation replaces the existing documentation and the response code is: 204 No Content.\u003cbr\u003eIf the rule has automatic mapping to a ticket, this record is not changed.","examples":["https://192.168.1.1/securetrack/api/revisions/173/rules/3373/documentation|\u0026lt;rule_documentation\u0026gt;\n\t   \u0026lt;tech_owner\u0026gt;admin\u0026lt;/tech_owner\u0026gt;\n\t   \u0026lt;comment\u0026gt;Comment text\u0026lt;/comment\u0026gt;\n\t   \u0026lt;record_set\u0026gt;\n\t\t       \u0026lt;businessOwnerEmail\u0026gt;user@company.com\u0026lt;/businessOwnerEmail\u0026gt;\n\t\t       \u0026lt;businessOwnerName\u0026gt;Business Owner\u0026lt;/businessOwnerName\u0026gt;\n\t\t       \u0026lt;expireDate\u0026gt;2013-01-08T00:00:00+02:00\u0026lt;/expireDate\u0026gt;\n\t\t       \u0026lt;id\u0026gt;172\u0026lt;/id\u0026gt;\n\t\t       \u0026lt;ticketCr\u0026gt;789111\u0026lt;/ticketCr\u0026gt;\n\t   \u0026lt;/record_set\u0026gt;\n\u0026lt;/rule_documentation\u0026gt;"],"position":"4","type":"void","nickname":"modifyRuleDocumentation","consumes":["application/xml","application/json"],"parameters":[{"name":"context","description":"Global MSSP context","required":false,"type":"integer","format":"int32","paramType":"query","allowMultiple":false,"allowableValues":""},{"name":"id","description":"Revision id","required":false,"type":"integer","format":"int32","paramType":"path","allowMultiple":false,"allowableValues":""},{"name":"rule_id","description":"Id of the changed rule","required":false,"type":"integer","format":"int32","paramType":"path","allowMultiple":false,"allowableValues":""},{"name":"body","rootElement":"rule_documentation","description":"RuleDocumentationDTO","required":true,"type":"RuleDocumentationDTO","format":"","paramType":"body","allowMultiple":false,"allowableValues":""}]},{"baseURL":"/securetrack/api","method":"DELETE","summary":"Delete specific rule documentation","notes":"Delete rule documentation for a single rule given by revision ID and rule ID.\u003cbr\u003eIf the rule has automatic mapping to a ticket, the record is not deleted.","examples":["https://192.168.1.1/securetrack/api/revisions/173/rules/3373/documentation"],"position":"5","type":"void","nickname":"deleteRuleDocumentation","consumes":["application/xml","application/json"],"parameters":[{"name":"context","description":"Global MSSP context","required":false,"type":"integer","format":"int32","paramType":"query","allowMultiple":false,"allowableValues":""},{"name":"id","description":"Revision id","required":true,"type":"integer","format":"int32","paramType":"path","allowMultiple":false,"allowableValues":""},{"name":"rule_id","description":"Rule id","required":true,"type":"integer","format":"int32","paramType":"path","allowMultiple":false,"allowableValues":""}]}]},{"path":"/devices/{id:[0-9]+}/rules/{rule_id:[0-9]+}/documentation","operations":[{"baseURL":"/securetrack/api","method":"GET","summary":"Get specific rule documentation","notes":"Fetches rule documentation for a single rule given by device ID and rule ID","examples":["https://192.168.1.1/securetrack/api/devices/20/rules/16373/documentation"],"position":"","type":"RuleDocumentationDTO","nickname":"getRuleDocumentation","produces":["application/xml","application/json"],"parameters":[{"name":"context","description":"Global MSSP context","required":false,"type":"integer","format":"int32","paramType":"query","allowMultiple":false,"allowableValues":""},{"name":"id","description":"Device ID","required":true,"type":"integer","format":"int32","paramType":"path","allowMultiple":false,"allowableValues":""},{"name":"rule_id","description":"Rule ID","required":true,"type":"integer","format":"int32","paramType":"path","allowMultiple":false,"allowableValues":""}]},{"baseURL":"/securetrack/api","method":"PUT","summary":"Modify specific rule documentation","notes":"Modify rule documentation for a single rule given by device ID and rule ID\u003cbr\u003eIf there is no existing rule documentation for the rule, the specified documentation is added to the rule and the response code is: 201 Created.\u003cbr\u003eIf there is existing rule documentation for the rule, the specified documentation replaces the existing documentation and the response code is: 204 No Content.","examples":["https://192.168.1.1/securetrack/api/devices/20/rules/3040/documentation|\u0026lt;rule_documentation\u0026gt;\n\t   \u0026lt;tech_owner\u0026gt;admin\u0026lt;/tech_owner\u0026gt;\n\t   \u0026lt;comment\u0026gt;Comment text\u0026lt;/comment\u0026gt;\n\t   \u0026lt;record_set\u0026gt;\n\t\t       \u0026lt;businessOwnerEmail\u0026gt;user@company.com\u0026lt;/businessOwnerEmail\u0026gt;\n\t\t       \u0026lt;businessOwnerName\u0026gt;Business Owner\u0026lt;/businessOwnerName\u0026gt;\n\t\t       \u0026lt;expireDate\u0026gt;2013-01-08T00:00:00+02:00\u0026lt;/expireDate\u0026gt;\n\t\t       \u0026lt;id\u0026gt;173\u0026lt;/id\u0026gt;\n\t\t       \u0026lt;ticketCr\u0026gt;789112\u0026lt;/ticketCr\u0026gt;\n\t   \u0026lt;/record_set\u0026gt;\n\u0026lt;/rule_documentation\u0026gt;\n"],"position":"1","type":"void","nickname":"modifyRuleDocumentation","consumes":["application/xml","application/json"],"parameters":[{"name":"context","description":"Global MSSP context","required":false,"type":"integer","format":"int32","paramType":"query","allowMultiple":false,"allowableValues":""},{"name":"id","description":"Device ID","required":true,"type":"integer","format":"int32","paramType":"path","allowMultiple":false,"allowableValues":""},{"name":"rule_id","description":"Rule ID","required":true,"type":"integer","format":"int32","paramType":"path","allowMultiple":false,"allowableValues":""},{"name":"body","rootElement":"rule_documentation","description":"RuleDocumentationDTO","required":true,"type":"RuleDocumentationDTO","format":"","paramType":"body","allowMultiple":false,"allowableValues":""}]},{"baseURL":"/securetrack/api","method":"DELETE","summary":"Delete specific rule documentation","notes":"Delete rule documentation for a single rule given by device ID and rule ID","examples":["https://192.168.1.1/securetrack/api/devices/20/rules/3040/documentation"],"position":"2","type":"void","nickname":"deleteRuleDocumentation","parameters":[{"name":"context","description":"Global MSSP context","required":false,"type":"integer","format":"int32","paramType":"query","allowMultiple":false,"allowableValues":""},{"name":"id","description":"Device ID","required":true,"type":"integer","format":"int32","paramType":"path","allowMultiple":false,"allowableValues":""},{"name":"rule_id","description":"Rule ID","required":true,"type":"integer","format":"int32","paramType":"path","allowMultiple":false,"allowableValues":""}]}]}],"models":{"SaApplicationDTO":{"id":"SaApplicationDTO","rootElement":"secure_app_application","description":"","properties":{"app_name":{"type":"string","description":"Application name","httpMethods":["GET"],"position":"9","allowableValues":""},"app_owner":{"type":"string","description":"Application owner","httpMethods":["GET"],"position":"10","allowableValues":""}}},"WorkflowTicketStatusType[]":{"id":"WorkflowTicketStatusType[]","description":"","properties":{}},"RuleDocumentationRecordDTO":{"id":"RuleDocumentationRecordDTO","description":"","required":["ticketCr","expireDate","businessOwnerName","businessOwnerEmail","ticketStatus","id"],"properties":{"ticketCr":{"type":"string","description":"Ticket information for rule","httpMethods":["GET"],"position":"10","allowableValues":""},"expireDate":{"type":"string","format":"date-time","description":"Expiration date for rule","httpMethods":["GET"],"position":"11","allowableValues":""},"businessOwnerName":{"type":"string","description":"Business owner name for rule","httpMethods":["GET"],"position":"13","allowableValues":""},"businessOwnerEmail":{"type":"string","description":"Business owner Email address for rule","httpMethods":["GET"],"position":"14","allowableValues":""},"ticketOrigin":{"type":"string","description":"Ticketing system source of the specified ID. Supported values: \u0027scw\u0027","httpMethods":["GET"],"position":"16","allowableValues":""},"ticketStatus":{"description":"Workflow ticket status for rule","$ref":"WorkflowTicketStatusType","httpMethods":["GET"],"position":"15","allowableValues":""},"id":{"type":"integer","format":"int64","description":"Rule documentation ID","httpMethods":["GET"],"position":"9","allowableValues":""}}},"WorkflowTicketStatusType":{"id":"WorkflowTicketStatusType","description":"","properties":{}},"ViolationMetadataDTO":{"id":"ViolationMetadataDTO","description":"","required":["name","type"],"properties":{"name":{"type":"string","description":"The name of the violation","httpMethods":["GET"],"position":"1","allowableValues":""},"type":{"type":"string","description":"The type of the violation","httpMethods":["GET"],"position":"1","allowableValues":""}}},"RuleDocumentationDTO":{"id":"RuleDocumentationDTO","rootElement":"rule_documentation","description":"","required":["violation","tech_owner","legacy_rule","record_set","permissiveness_level","shadowed","secure_app_application","comment"],"properties":{"violation":{"type":"array","description":"List of violations for this rule","items":{"$ref":"ViolationMetadataDTO"},"httpMethods":["GET"],"position":"24","allowableValues":""},"tech_owner":{"type":"string","description":"The techinal owner","httpMethods":["GET"],"position":"11","allowableValues":""},"legacy_rule":{"type":"boolean","description":"The rule advanced options","httpMethods":["GET"],"position":"18","allowableValues":""},"record_set":{"type":"array","description":"Documentation records for this rule","items":{"$ref":"RuleDocumentationRecordDTO"},"httpMethods":["GET"],"position":"13","allowableValues":""},"last_hit":{"type":"string","description":" The date of rule last hit","httpMethods":["GET"],"position":"23","allowableValues":""},"permissiveness_level":{"type":"string","description":"The rule permissiveness score","httpMethods":["GET"],"position":"20","allowableValues":""},"shadowed":{"type":"string","description":"The rule shadowed status","httpMethods":["GET"],"position":"17","allowableValues":""},"secure_app_application":{"type":"array","description":"SecureApp applications for this rule","items":{"$ref":"SaApplicationDTO"},"httpMethods":["GET"],"position":"16","allowableValues":""},"comment":{"type":"string","description":"The rule comment","httpMethods":["GET"],"position":"12","allowableValues":""},"last_modified":{"type":"string","description":"The date this rule was last modified","httpMethods":["GET"],"position":"22","allowableValues":""}},"subTypes":["RuleDocumentationRecordDTO"]}}}