{"apiVersion":"1.0.0","apis":[{"path":"/Additional Policy Fields"},{"path":"/Application IDs"},{"path":"/Change Authorization"},{"path":"/Device Interfaces and Zones"},{"path":"/Domains"},{"path":"/IPsec VPN"},{"path":"/Internet Objects"},{"path":"/LDAP"},{"path":"/Monitored Devices"},{"path":"/NAT Policies"},{"path":"/Network Objects"},{"path":"/Network Topology"},{"path":"/Network Zone Manager - Patterns"},{"path":"/Network Zone Manager - Subnets"},{"path":"/Network Zone Manager - Zones"},{"path":"/Policies and Sub-Policies"},{"path":"/Policy Analysis"},{"path":"/Policy Browser (formerly Rule Documentation)"},{"path":"/Policy Optimization"},{"path":"/Revisions"},{"path":"/Rule Usage"},{"path":"/Security Rules"},{"path":"/Services and Ports"},{"path":"/Time Objects"},{"path":"/Traffic Policy Matcher"},{"path":"/Unified Security Policy - Access Request Violations"},{"path":"/Unified Security Policy - Alerts"},{"path":"/Unified Security Policy - Cloud Tag Policy"},{"path":"/Unified Security Policy - Exceptions"},{"path":"/Unified Security Policy - Security Zone Matrix"},{"path":"/Unified Security Policy - Violations"}],"info":{"title":"SecureTrack REST API Documentation","description":"Tufin Technologies","contact":"TS_All@tufin.com","license":"Apache 2.0 License","licenseUrl":"http://www.apache.org/licenses/LICENSE-2.0.html"}}