{"apiVersion":"1.0.0","resourcePath":"/Revisions","apis":[{"path":"/revisions/{revId:[0-9]+}","operations":[{"baseURL":"/securetrack/api","method":"GET","summary":"Get specific revision","notes":"Fetches a revision specified by revision Id.","examples":["https://192.168.1.1/securetrack/api/revisions/785"],"position":"2","type":"RevisionDTO","nickname":"getRevision","produces":["application/xml","application/json"],"parameters":[{"name":"context","description":"Global MSSP context","required":false,"type":"integer","format":"int32","paramType":"query","allowMultiple":false,"allowableValues":""},{"name":"revId","description":"Id of fetched revision","required":true,"type":"integer","format":"int32","paramType":"path","allowMultiple":false,"allowableValues":""}]}]},{"path":"/devices/{id:[0-9]+}/latest_revision","operations":[{"baseURL":"/securetrack/api","method":"GET","summary":"Get latest revision by device","notes":"Fetches latest revision for a given device","examples":["https://192.168.1.1/securetrack/api/devices/105/latest_revision"],"position":"1","type":"RevisionDTO","nickname":"getLatestRevision","produces":["application/xml","application/json"],"parameters":[{"name":"context","description":"Global MSSP context","required":false,"type":"integer","format":"int32","paramType":"query","allowMultiple":false,"allowableValues":""},{"name":"id","description":"Device ID","required":true,"type":"integer","format":"int32","paramType":"path","allowMultiple":false,"allowableValues":""}]}]},{"path":"/devices/{id:[0-9]+}/revisions","operations":[{"baseURL":"/securetrack/api","method":"GET","summary":"Get revisions by device","notes":"Fetches revisions for a given device","examples":["https://192.168.1.1/securetrack/api/devices/105/revisions"],"position":"","type":"revisions","nickname":"getRevisions","produces":["application/xml","application/json"],"parameters":[{"name":"context","description":"Global MSSP context","required":false,"type":"integer","format":"int32","paramType":"query","allowMultiple":false,"allowableValues":""},{"name":"id","description":"Device ID","required":true,"type":"integer","format":"int32","paramType":"path","allowMultiple":false,"allowableValues":""},{"name":"start","description":"Starting page for query allowable type is numeric","required":false,"type":"string","paramType":"query","allowMultiple":false,"allowableValues":""},{"name":"count","description":"Number of pages for query starting from starting page allowable type is numeric","required":false,"type":"string","paramType":"query","allowMultiple":false,"allowableValues":""}]}]}],"models":{"RevisionCommentDTO":{"id":"RevisionCommentDTO","rootElement":"comment","description":"","required":["editor","date","comment"],"properties":{"editor":{"type":"string","description":"Editor of revision comment","httpMethods":["GET"],"position":"10","allowableValues":""},"date":{"type":"string","description":"Date of revision comment","httpMethods":["GET"],"position":"11","allowableValues":""},"comment":{"type":"string","description":"Revision comment","httpMethods":["GET"],"position":"9","allowableValues":""}}},"TicketDTO":{"id":"TicketDTO","description":"","required":["source","id"],"properties":{"source":{"type":"string","description":"The source of the ticket","httpMethods":["GET"],"position":"2","allowableValues":""},"id":{"type":"string","description":"The id of the ticket","httpMethods":["GET"],"position":"1","allowableValues":""}}},"Map_String_String":{"id":"Map_String_String","rootElement":"Map_String_String","required":["entry"],"properties":{"entry":{"type":"array","items":{"$ref":"Entry_String_String"}}}},"Entry_String_String":{"id":"Entry_String_String","rootElement":"Map_String_String","required":["key","value"],"properties":{"key":{"type":"String","position":"0"},"value":{"type":"String","position":"1"}}},"revisions":{"id":"revisions","rootElement":"revisions","required":["revision"],"properties":{"revision":{"type":"array","items":{"$ref":"RevisionDTO"}}}},"RevisionDTO":{"id":"RevisionDTO","rootElement":"revision","description":"","required":["ticket","guiClient","auditLog","revisionId","admin","authorizationStatus","modules_and_policy","policyPackage","time","date","comment","action","ready","id"],"properties":{"ticket":{"type":"array","description":"The tickets of the revision","items":{"$ref":"TicketDTO"},"httpMethods":["GET"],"position":"22","allowableValues":""},"guiClient":{"type":"string","description":"The GUI client for revision","httpMethods":["GET"],"position":"14","allowableValues":""},"auditLog":{"type":"string","description":"The audit log of the revision","httpMethods":["GET"],"position":"15","allowableValues":""},"revisionId":{"type":"string","description":"The ID of the revision","httpMethods":["GET"],"position":"10","allowableValues":""},"admin":{"type":"string","description":"The administrator user which caused this revision","httpMethods":["GET"],"position":"19","allowableValues":""},"authorizationStatus":{"type":"string","description":"The authorization status of the changes in the revision","httpMethods":["GET"],"position":"20","allowableValues":""},"modules_and_policy":{"type":"Map_String_String","format":"map","description":"The modules and policy names of the revision","items":{},"httpMethods":["GET"],"position":"18","allowableValues":""},"policyPackage":{"type":"string","description":"The policy package of the revision","httpMethods":["GET"],"position":"16","allowableValues":""},"firewall_status":{"type":"boolean"},"time":{"type":"string","description":"The time of the revision","httpMethods":["GET"],"position":"13","allowableValues":""},"date":{"type":"string","description":"The date of the revision","httpMethods":["GET"],"position":"12","allowableValues":""},"comment":{"description":"The revision comment","$ref":"RevisionCommentDTO","httpMethods":["GET"],"position":"17","allowableValues":""},"action":{"type":"string","description":"The action upon this revision was retrieved","httpMethods":["GET"],"position":"11","allowableValues":""},"ready":{"type":"boolean","description":"The status of the revision","httpMethods":["GET"],"position":"21","allowableValues":""},"id":{"type":"string","description":"The ID of the device for the revision","httpMethods":["GET"],"position":"9","allowableValues":""}}}}}