{"apiVersion":"1.0.0","resourcePath":"/Rule Usage","apis":[{"path":"/rule_last_usage/find_all/{device_id:[0-9]+}","operations":[{"baseURL":"/securetrack/api","method":"GET","summary":"Get last hits for all rules by device","notes":"Get last hit dates for all rules in a given device.\u003cbr\u003eFor Palo Alto firewalls, this also returns last hits for users and applications in the rule.","examples":["https://192.168.1.1/securetrack/api/rule_last_usage/find_all/20"],"position":"","type":"rule_last_usages","nickname":"findAllWithObjects","produces":["application/xml","application/json"],"parameters":[{"name":"device_id","description":"device id","required":true,"type":"integer","format":"int32","paramType":"path","allowMultiple":false,"allowableValues":""}]}]},{"path":"/rule_last_usage/find/{device_id:[0-9]+}/{rule_uid}","operations":[{"baseURL":"/securetrack/api","method":"GET","summary":"Get last hit for a specific rule","notes":"Get last hit dates for all rules in a given device.\u003cbr\u003eFor Palo Alto firewalls, this also returns last hits for users and applications in the rule.\u003cbr\u003eThe rule_uid is the value from the uid field returned by the /rules API: xxxxxxxx-xxxx-xxxx-xxxx-xxxxxxxxxxxx","examples":["https://192.168.1.1/securetrack/api/rule_last_usage/find/20/ea9db13e-d058-45c6-a2f0-cd731027c22b"],"position":"1","type":"rule_last_usage","nickname":"findWithObjects","produces":["application/xml","application/json"],"parameters":[{"name":"device_id","description":"device_id","required":true,"type":"integer","format":"int32","paramType":"path","allowMultiple":false,"allowableValues":""},{"name":"rule_uid","description":"rule_uid","required":true,"type":"string","paramType":"path","allowMultiple":false,"allowableValues":""}]}]}],"models":{"rule_last_usages":{"id":"rule_last_usages","rootElement":"rule_last_usages","required":["rule_last_usage"],"properties":{"rule_last_usage":{"type":"array","items":{"$ref":"rule_last_usage"}}}},"Map_String_String":{"id":"Map_String_String","rootElement":"Map_String_String","required":["entry"],"properties":{"entry":{"type":"array","items":{"$ref":"Entry_String_String"}}}},"Entry_String_String":{"id":"Entry_String_String","rootElement":"Map_String_String","required":["key","value"],"properties":{"key":{"type":"String","position":"0"},"value":{"type":"String","position":"1"}}},"rule_last_usage":{"id":"rule_last_usage","rootElement":"rule_last_usage","description":"","properties":{"applications":{"type":"Map_String_String","format":"map","description":"Pairs of applications and applications last hits","items":{},"position":"2","allowableValues":""},"users":{"type":"Map_String_String","format":"map","description":"Pairs of users and users last hits","items":{},"position":"3","allowableValues":""},"rule_last_hit":{"type":"string","description":"The date of rule last hit","position":"1","allowableValues":""},"rule_UID":{"type":"string","description":"The Rule uuid","allowableValues":""}}}}}