{"apiVersion":"1.0.0","resourcePath":"/Security Rules","apis":[{"path":"/revisions/{revision_id:[0-9]+}/rules/{ids:(([0-9]+,)*[0-9]+|\\*)}","operations":[{"baseURL":"/securetrack/api","method":"GET","summary":"Get specific rule","notes":"Returns a list of rules by revision ID, rule IDs and additional criteria","examples":["https://192.168.1.1/securetrack/api/revisions/785/rules/16370"],"position":"3","type":"RuleListDTO","nickname":"getSpecificRules","produces":["application/xml","application/json"],"parameters":[{"name":"context","description":"Global MSSP context","required":false,"type":"integer","format":"int32","paramType":"query","allowMultiple":false,"allowableValues":""},{"name":"revision_id","description":"Revision id","required":true,"type":"integer","format":"int32","paramType":"path","allowMultiple":false,"allowableValues":""},{"name":"ids","description":"Rule IDs","required":true,"type":"string","paramType":"path","allowMultiple":false,"allowableValues":""},{"name":"policy","description":"Policy name","required":false,"type":"string","paramType":"query","allowMultiple":false,"allowableValues":""},{"name":"interface","description":"Interfaces to query","required":false,"type":"string","paramType":"query","allowMultiple":false,"allowableValues":""},{"name":"zone","description":"Zone name","required":false,"type":"string","paramType":"query","allowMultiple":false,"allowableValues":""},{"name":"is_global","description":"Get global rules (Only for: ACL devices)","required":false,"type":"boolean","paramType":"query","allowMultiple":false,"allowableValues":""},{"name":"add","description":"If set to \\\"documentation\\\" result will include rule documentation","defaultValue":"false","required":false,"type":"string","paramType":"query","allowMultiple":false,"allowableValues":""},{"name":"groupBy","description":"Rules grouping criteria, can be set only to \\\"bindings\\\"","required":false,"type":"string","paramType":"query","allowMultiple":false,"allowableValues":""}]}]},{"path":"/revisions/{id:[0-9]+}/rules","operations":[{"baseURL":"/securetrack/api","method":"GET","summary":"Get rules by revision","notes":"Returns a list of all of the security rules for the specified revision.\u003cbr\u003eUse add\u003ddocumentation to retrieve rule documentation.","examples":["https://192.168.1.1/securetrack/api/revisions/785/rules"],"position":"1","type":"RuleListDTO","nickname":"getRules","produces":["application/xml","application/json"],"parameters":[{"name":"context","description":"Global MSSP context","required":false,"type":"integer","format":"int32","paramType":"query","allowMultiple":false,"allowableValues":""},{"name":"id","description":"Revision id","required":true,"type":"integer","format":"int32","paramType":"path","allowMultiple":false,"allowableValues":""},{"name":"policyId","description":"Policy id","required":false,"type":"integer","format":"int64","paramType":"query","allowMultiple":false,"allowableValues":""},{"name":"policy","description":"Policy name","required":false,"type":"string","paramType":"query","allowMultiple":false,"allowableValues":""},{"name":"interface","description":"Interfaces to query","required":false,"type":"string","paramType":"query","allowMultiple":false,"allowableValues":""},{"name":"zone","description":"Zone name","required":false,"type":"string","paramType":"query","allowMultiple":false,"allowableValues":""},{"name":"is_global","description":"Get global rules (Only for: ACL devices)","required":false,"type":"boolean","paramType":"query","allowMultiple":false,"allowableValues":""},{"name":"add","description":"If set to \"documentation\" result will include rule documentation","defaultValue":"false","required":false,"type":"string","paramType":"query","allowMultiple":false,"allowableValues":""},{"name":"start","description":"Starting page for query, allowable type is numeric","required":false,"type":"string","paramType":"query","allowMultiple":false,"allowableValues":""},{"name":"count","description":"Number of pages for query starting from starting page, allowable type is numeric","required":false,"type":"string","paramType":"query","allowMultiple":false,"allowableValues":""},{"name":"groupBy","description":"Rules grouping criteria, can be set only to \"bindings\"","required":false,"type":"string","paramType":"query","allowMultiple":false,"allowableValues":""},{"name":"with_zb","description":"Include zone-based rules","required":false,"type":"boolean","paramType":"query","allowMultiple":false,"allowableValues":""},{"name":"uid","description":"Binding UID","required":false,"type":"string","paramType":"query","allowMultiple":false,"allowableValues":""},{"name":"ipType","description":"Policy ip Type, values can be \u0027ipv4\u0027 or \u0027ipv6\u0027, supported only for Stonesoft","required":false,"type":"string","paramType":"query","allowMultiple":false,"allowableValues":""}]}]},{"path":"/rule_search/{device_id:[0-9]+}","operations":[{"baseURL":"/securetrack/api","method":"GET","summary":"Find rules","notes":"The search_text parameter provides the same capabilities as the Policy Browser feature in SecureTrack.\u003cbr\u003eYou can search for a string across all rule fields, or you can search for a combination of specific strings in specific fields.\u003cbr\u003eThe text format is for a field is \u0026lt;fieldname\u0026gt;:\u0026lt;text\u0026gt; for example uid:9259f6ee-47a0-4996-a214-ab7edc14a916.\u003cbr\u003eSee the search info documentation in Securetrack Policy Browser page for more information.To get more information regarding objects included in the returned rules (like src_network or dst_network) use their uid, as the objects’ ID might change.","examples":["https://192.168.1.1/securetrack/api/rule_search/31?search_text\u003dsource:Sales_192.168.2.60 fromzone:sales tozone:External","https://192.168.1.1/securetrack/api/rule_search/20?search_text\u003dMobile Access hascomment:false","https://192.168.1.1/securetrack/api/rule_search/87?search_text\u003dweb_server\u0026start\u003d0\u0026count\u003d10","https://192.168.1.1/securetrack/api/rule_search/59?search_text\u003duid:9259f6ee-47a0-4996-a214-ab7edc14a916 || {  \n\t\"rules\":{  \n\t\t\"count\":1,\n\t\t\"total\":1,\n\t\t\"rule\":{  \n\t\t\t\"@xsi.type\":\"securityRuleDTO\",\n\t\t\t\"id\":21,\n\t\t\t\"cp_uid\":\"\",\n\t\t\t\"uid\":\"{9259f6ee-47a0-4996-a214-ab7edc14a916}\",\n\t\t\t\"order\":2,\n\t\t\t\"binding\":{  \n\t\t\t\t\"default\":true,\n\t\t\t\t\"policy\":{  \n\t\t\t\t\t\"@xsi.type\":\"managementDomainPolicyDTO\",\n\t\t\t\t\t\"id\":2,\n\t\t\t\t\t\"name\":\"Standard\",\n\t\t\t\t\t\"installable_targets\":\"\"\n\t\t\t\t},\n\t\t\t\t\"rule_count\":19,\n\t\t\t\t\"security_rule_count\":19,\n\t\t\t\t\"uid\":\"{00-FACED0-00}\"\n\t\t\t\t},\n\t\t\t\"acceleration_breaker\":false,\n\t\t\t\"action\":\"Accept\",\n\t\t\t\"application\":{  \n\t\t\t\t\"id\":4735,\n\t\t\t\t\"display_name\":\"ssh\",\n\t\t\t\t\"name\":\"ssh\"\n\t\t\t},\n\t\t\t\"authentication_rule\":false,\n\t\t\t\"comment\":\"DO NOT DELETE OR EDIT\",\n\t\t\t\"dst_network\":{  \n\t\t\t\t\"id\":39,\n\t\t\t\t\"display_name\":\"Net_10.110.65.0\",\n\t\t\t\t\"name\":\"Net_10.110.65.0\"\n\t\t\t\t\"uid\":\"{1290f6ee-47a1-4996-a214-ab2edc26a916}\"\n\t\t\t},\n\t\t\t\"dest_networks_negated\":false,\n\t\t\t\"dst_service\":{  \n\t\t\t\t\"id\":7420,\n\t\t\t\t\"display_name\":\"ssh\",\n\t\t\t\t\"name\":\"ssh\"\n\t\t\t\t\"uid\":\"{2904f6ee-47a1-4996-a214-ab2edc26a916}\"\n\t\t\t},\n\t\t\t\"dest_services_negated\":false,\n\t\t\t\"dst_zone\":\"any\",\n\t\t\t\"disabled\":false,\n\t\t\t\"external\":false,\n\t\t\t\"implicit\":false,\n\t\t\t\"dst_zone_any\":true,\n\t\t\t\"src_zone_any\":true,\n\t\t\t\"name\":\"Accept SSHG\",\n\t\t\t\"option\":\"LOG_SESSION\",\n\t\t\t\"documentation\":{  \n\t\t\t\t\"permissiveness_level\":\"LOW\",\n\t\t\t\t\"shadowed\":\"Not shadowed\",\n\t\t\t\t\"last_modified\":\"Today\",\n\t\t\t\t\"last_hit\":\"N/A\",\n\t\t\t\t\"violations\":\"\"\n\t\t\t},\n\t\t\t\"rule_location\":\"Shared\",\n\t\t\t\"rule_location_display\":\"Shared - Pre Rule\",\n\t\t\t\"rule_number\":2,\n\t\t\t\"rule_type\":\"universal\",\n\t\t\t\"src_zone\":\"any\",\n\t\t\t\"src_network\":{  \n\t\t\t\t\"id\":38,\n\t\t\t\t\"display_name\":\"Net_10.110.64.0\",\n\t\t\t\t\"name\":\"Net_10.110.64.0\"\n\t\t\t\t\"uid\":\"{4934f6ee-47a1-4996-a214-ab2edc26a916}\"\n\t\t\t},\n\t\t\t\"src_networks_negated\":false,\n\t\t\t\"src_services_negated\":false,\n\t\t\t\"track\":{  \n\t\t\t\t\"level\":\"LOG\"\n\t\t\t},\n\t\t\t\"type\":\"rule\",\n\t\t\t\"users\":{  \n\t\t\t\t\"id\":5,\n\t\t\t\t\"display_name\":\"tufin\\\\regina\",\n\t\t\t\t\"name\":\"tufin\\\\regina@ldap\"\n\t\t\t}\n\t\t}\n\t}\n}"],"position":"5","type":"RuleListDTO","nickname":"findRules","produces":["application/xml","application/json"],"parameters":[{"name":"context","description":"Global MSSP context","required":false,"type":"integer","format":"int32","paramType":"query","allowMultiple":false,"allowableValues":""},{"name":"search_text","description":"Search text","required":false,"type":"string","paramType":"query","allowMultiple":false,"allowableValues":""},{"name":"device_id","description":"Device id","required":true,"type":"integer","format":"int32","paramType":"path","allowMultiple":false,"allowableValues":""},{"name":"start","description":"Returns the results beginning with the specified result number","required":false,"type":"integer","format":"int32","paramType":"query","allowMultiple":false,"allowableValues":""},{"name":"count","description":"Returns the specified number of results","required":false,"type":"integer","format":"int32","paramType":"query","allowMultiple":false,"allowableValues":""}],"responseMessages":[{"code":400,"message":"Value for start parameter is missing or not valid"},{"code":400,"message":"Value for count parameter is missing or not valid"}]}]},{"path":"/rule_search/","operations":[{"baseURL":"/securetrack/api","method":"GET","summary":"Get rule count per device","notes":"The search_text parameter provides the same capabilities as the Policy Browser feature in SecureTrack.\u003cbr\u003eYou can search for a string across all rule fields, or you can search for a combination of specific strings in specific fields.\u003cbr\u003eThe text format is for a field is \u0026lt;fieldname\u0026gt;:\u0026lt;text\u0026gt; for example uid:9259f6ee-47a0-4996-a214-ab7edc14a916.\u003cbr\u003eSee the search info documentation in Securetrack Policy Browser page for more information.\u003cbr\u003eThis API will return a list of all the devices, the devices that has rules that match the search criteria will have rule_count that is bigger than 0","examples":["https://192.168.1.1/securetrack/api/rule_search/87","https://192.168.1.1/securetrack/api/rule_search/87?search_text\u003dICMP application:facebook","https://192.168.1.1/securetrack/api/rule_search?search_text\u003duid:9259f6ee-47a0-4996-a214-ab7edc14a916 ||{  \n\t\"device_list\":{  \n\t\t\"device\":[  \n\t\t\t{\n\t\t\t\t\"device_id\":512,\n\t\t\t\t\"revision_id\":6864,\n\t\t\t\t\"rule_count\":1\n\t\t\t},\n\t\t\t{  \n\t\t\t\t\"device_id\":59,\n\t\t\t\t\"revision_id\":543,\n\t\t\t\t\"rule_count\":0\n\t\t\t}\n\t\t]\n\t}\n}"],"position":"4","type":"RuleCountDeviceList","nickname":"findRulesOnDevices","produces":["application/xml","application/json"],"parameters":[{"name":"context","description":"Global MSSP context","required":false,"type":"integer","format":"int32","paramType":"query","allowMultiple":false,"allowableValues":""},{"name":"search_text","description":"Search text","required":false,"type":"string","paramType":"query","allowMultiple":false,"allowableValues":""},{"name":"devices","description":"Devices ids","defaultValue":"","required":false,"type":"string","paramType":"query","allowMultiple":false,"allowableValues":""}]}]},{"path":"/rules/{ruleId:[0-9]+}","operations":[{"baseURL":"/securetrack/api","method":"GET","summary":"Get a specific rule","notes":"","examples":["https://192.168.1.1/securetrack/api/rules/60"],"position":"","type":"RuleDTO","nickname":"getRule","produces":["application/xml","application/json"],"parameters":[{"name":"ruleId","description":"Rule ID","required":true,"type":"integer","format":"int32","paramType":"path","allowMultiple":false,"allowableValues":""}]}]},{"path":"/devices/{device_id:[0-9]+}/rules/{ids:(([0-9]+,)*[0-9]+|\\*)}","operations":[{"baseURL":"/securetrack/api","method":"GET","summary":"Get specific rule","notes":"Returns a list of rules by device ID, rule IDs and additional criteria.\u003cbr\u003e\u003cb\u003eNote:\u003c/b\u003e This API retrieves the information from the latest revision.","examples":["https://192.168.1.1/securetrack/api/devices/20/rules/16370"],"position":"2","type":"RuleListDTO","nickname":"getSpecificRules","produces":["application/xml","application/json"],"parameters":[{"name":"context","description":"Global MSSP context","required":false,"type":"integer","format":"int32","paramType":"query","allowMultiple":false,"allowableValues":""},{"name":"device_id","description":"Device ID","required":true,"type":"integer","format":"int32","paramType":"path","allowMultiple":false,"allowableValues":""},{"name":"ids","description":"Rule IDs","required":true,"type":"string","paramType":"path","allowMultiple":false,"allowableValues":""},{"name":"policy","description":"Policy Name","required":false,"type":"string","paramType":"query","allowMultiple":false,"allowableValues":""},{"name":"interface","description":"Interfaces to query","required":false,"type":"string","paramType":"query","allowMultiple":false,"allowableValues":""},{"name":"zone","description":"Zone name","required":false,"type":"string","paramType":"query","allowMultiple":false,"allowableValues":""},{"name":"is_global","description":"Get global rules (Only for: ACL devices)","required":false,"type":"boolean","paramType":"query","allowMultiple":false,"allowableValues":""},{"name":"add","description":"If set to \"documentation\" result will include rule documentation","defaultValue":"false","required":false,"type":"string","paramType":"query","allowMultiple":false,"allowableValues":""},{"name":"groupBy","description":"Rules grouping criteria, can be set only to \"bindings\"","required":false,"type":"string","paramType":"query","allowMultiple":false,"allowableValues":""}]}]},{"path":"/devices/{id:[0-9]+}/rules","operations":[{"baseURL":"/securetrack/api","method":"GET","summary":"Get rules by device","notes":"Returns a list of all of the security rules for the specified device.\u003cbr\u003eUse add\u003ddocumentation to retrieve rule documentation.","examples":["https://192.168.1.1/securetrack/api/devices/20/rules"],"position":"","type":"RuleListDTO","nickname":"getRules","produces":["application/xml","application/json"],"parameters":[{"name":"context","description":"Global MSSP context","required":false,"type":"integer","format":"int32","paramType":"query","allowMultiple":false,"allowableValues":""},{"name":"id","description":"Device ID","required":true,"type":"integer","format":"int32","paramType":"path","allowMultiple":false,"allowableValues":""},{"name":"policyId","description":"Policy ID","required":false,"type":"integer","format":"int64","paramType":"query","allowMultiple":false,"allowableValues":""},{"name":"policy","description":"Policy Name","required":false,"type":"string","paramType":"query","allowMultiple":false,"allowableValues":""},{"name":"interface","description":"Interfaces to query","required":false,"type":"string","paramType":"query","allowMultiple":false,"allowableValues":""},{"name":"zone","description":"Zone name","required":false,"type":"string","paramType":"query","allowMultiple":false,"allowableValues":""},{"name":"is_global","description":"Get global rules (Only for: ACL devices)","required":false,"type":"boolean","paramType":"query","allowMultiple":false,"allowableValues":""},{"name":"add","description":"If set to \"documentation\" result will include rule documentation","defaultValue":"false","required":false,"type":"string","paramType":"query","allowMultiple":false,"allowableValues":""},{"name":"start","description":"Starting page for query, allowable type is numeric","required":false,"type":"string","paramType":"query","allowMultiple":false,"allowableValues":""},{"name":"count","description":"Number of pages for query starting from starting page, allowable type is numeric","required":false,"type":"string","paramType":"query","allowMultiple":false,"allowableValues":""},{"name":"groupBy","description":"Show rules grouping criteria. Can be set only to \"bindings\". Output will be grouped by bindings and section header for Check Point devices, ACL for Cisco devices, and Zones for Juniper, Palo Alto, and Fortinet device","required":false,"type":"string","paramType":"query","allowMultiple":false,"allowableValues":""},{"name":"with_zb","description":"Include zone based rules, values can be \u0027true\u0027 or \u0027false\u0027","required":false,"type":"boolean","paramType":"query","allowMultiple":false,"allowableValues":""},{"name":"uid","description":"Binding UID","required":false,"type":"string","paramType":"query","allowMultiple":false,"allowableValues":""},{"name":"ipType","description":"Policy ip Type, values can be \u0027ipv4\u0027 or \u0027ipv6\u0027, supported only for Stonesoft","required":false,"type":"string","paramType":"query","allowMultiple":false,"allowableValues":""}]}]}],"models":{"SaApplicationDTO":{"id":"SaApplicationDTO","rootElement":"secure_app_application","description":"","properties":{"app_name":{"type":"string","description":"Application name","httpMethods":["GET"],"position":"9","allowableValues":""},"app_owner":{"type":"string","description":"Application owner","httpMethods":["GET"],"position":"10","allowableValues":""}}},"RuleCountDeviceList":{"id":"RuleCountDeviceList","rootElement":"device_list","description":"","properties":{"device":{"type":"array","description":"Device list","items":{"$ref":"RuleCountDevice"},"allowableValues":""}}},"AclDTO":{"id":"AclDTO","rootElement":"acl","description":"","required":["global","name","interfaces"],"properties":{"global":{"type":"boolean","description":"Is ACL global","httpMethods":["GET"],"position":"12","allowableValues":""},"name":{"type":"string","description":"Name for ACL","httpMethods":["GET"],"position":"10","allowableValues":""},"interfaces":{"type":"array","description":"Interfaces for ACL","items":{"$ref":"InterfaceDTO"},"httpMethods":["GET"],"position":"11","allowableValues":""}}},"IpType":{"id":"IpType","description":"","properties":{"ipv4":{"type":"boolean"},"ipv6":{"type":"boolean"}}},"CloudSecurityRuleDTO":{"id":"CloudSecurityRuleDTO","rootElement":"rule","description":"","required":["src_networks_negated","dest_networks_negated","src_services_negated","dest_services_negated","uid","binding","cp_uid","order","id"],"properties":{"ip_type":{"type":"string"},"priority":{"type":"string"},"src_networks_negated":{"type":"boolean","description":"Negated source networks","httpMethods":["GET"],"position":"28","allowableValues":""},"dest_networks_negated":{"type":"boolean","description":"Negated destination networks","httpMethods":["GET"],"position":"29","allowableValues":""},"src_services_negated":{"type":"boolean","description":"Negated source services","httpMethods":["GET"],"position":"30","allowableValues":""},"dest_services_negated":{"type":"boolean","description":"Negated destination services","httpMethods":["GET"],"position":"31","allowableValues":""},"rule_location_display":{"type":"string","description":"Rule Location Display","httpMethods":["GET"],"position":"36","allowableValues":""},"associatedNatRule":{"description":"NAT rule","$ref":"NatRuleDTO","httpMethods":["GET"],"position":"35","allowableValues":""},"src_zone_any":{"type":"boolean","description":"is source zone any ","httpMethods":["GET"],"position":"43","allowableValues":""},"dst_zone_any":{"type":"boolean","description":"is destination zone any ","httpMethods":["GET"],"position":"44","allowableValues":""},"external":{"type":"boolean","description":"Is external","httpMethods":["GET"],"position":"14","allowableValues":""},"src_network":{"type":"array","description":"Source networks","items":{"$ref":"ObjectReferenceDTO"},"httpMethods":["GET"],"position":"15","allowableValues":""},"dst_network":{"type":"array","description":"Destination networks","items":{"$ref":"ObjectReferenceDTO"},"httpMethods":["GET"],"position":"16","allowableValues":""},"src_service":{"type":"array","description":"Source services","items":{"$ref":"ObjectReferenceDTO"},"httpMethods":["GET"],"position":"17","allowableValues":""},"dst_service":{"type":"array","description":"Destination services","items":{"$ref":"ObjectReferenceDTO"},"httpMethods":["GET"],"position":"18","allowableValues":""},"textual_rep":{"type":"string","description":"the textual representation of this rule","httpMethods":["GET"],"position":"45","allowableValues":""},"application":{"type":"array","description":"Applications","items":{"$ref":"ObjectReferenceDTO"},"httpMethods":["GET"],"position":"19","allowableValues":""},"users":{"type":"array","description":"Users","items":{"$ref":"ObjectReferenceDTO"},"httpMethods":["GET"],"position":"23","allowableValues":""},"documentation":{"description":"Rule documentation","$ref":"RuleDocumentationDTO","httpMethods":["GET"],"position":"27","allowableValues":""},"rule_location":{"type":"string","description":"Rule Location","httpMethods":["GET"],"position":"35","allowableValues":""},"rule_number":{"type":"integer","format":"int64","description":"Rule number","httpMethods":["GET"],"position":"10","allowableValues":""},"disabled":{"type":"boolean","description":"Is disabled","httpMethods":["GET"],"position":"14","allowableValues":""},"src_zone":{"type":"array","description":"source zones","items":{"type":"String"},"httpMethods":["GET"],"position":"41","allowableValues":""},"dst_zone":{"type":"array","description":"destination zones","items":{"type":"String"},"httpMethods":["GET"],"position":"42","allowableValues":""},"install":{"type":"array","description":"Installed-ons","items":{"$ref":"ObjectReferenceDTO"},"httpMethods":["GET"],"position":"22","allowableValues":""},"track":{"description":"Rule tracking infomation","$ref":"RuleTrackDTO","httpMethods":["GET"],"position":"13","allowableValues":""},"user_access":{"type":"array","description":"User access","items":{"$ref":"ObjectReferenceDTO"},"httpMethods":["GET"],"position":"24","allowableValues":""},"rule_type":{"type":"string","description":"rule_type","httpMethods":["GET"],"position":"39","allowableValues":""},"vpn":{"type":"array","description":"VPN","items":{"$ref":"ObjectReferenceDTO"},"httpMethods":["GET"],"position":"21","allowableValues":""},"implicit":{"type":"boolean","description":"Is implicit","httpMethods":["GET"],"position":"14","allowableValues":""},"acceleration_breaker":{"type":"boolean","description":"Acceleration breaker","httpMethods":["GET"],"position":"37","allowableValues":""},"authentication_rule":{"type":"boolean","description":"Authentication rule","httpMethods":["GET"],"position":"38","allowableValues":""},"fmg_from_zone":{"type":"string","description":"Fortimanager source zone","httpMethods":["GET"],"position":"32","allowableValues":""},"fmg_to_zone":{"type":"string","description":"Fortimanager destination zone","httpMethods":["GET"],"position":"33","allowableValues":""},"sub_policy":{"type":"string","description":"Sub policy","httpMethods":["GET"],"position":"34","allowableValues":""},"time":{"type":"array","description":"Time","items":{"$ref":"ObjectReferenceDTO"},"httpMethods":["GET"],"position":"20","allowableValues":""},"comment":{"type":"string","description":"Comment","httpMethods":["GET"],"position":"11","allowableValues":""},"option":{"type":"array","description":"Options","items":{"type":"String"},"httpMethods":["GET"],"position":"26","allowableValues":""},"action":{"type":"string","description":"Rule action","httpMethods":["GET"],"position":"12","allowableValues":""},"name":{"type":"string","description":"Name","httpMethods":["GET"],"position":"9","allowableValues":""},"uid":{"type":"string","description":"The UID of the rule","httpMethods":["GET"],"position":"13","allowableValues":""},"device_id":{"type":"integer","format":"int32","description":"The device ID for this rule","httpMethods":["GET"],"position":"11","allowableValues":""},"binding":{"type":"array","description":"The bindings of the rule","items":{"$ref":"BindingDTO"},"httpMethods":["GET"],"position":"15","allowableValues":""},"cp_uid":{"type":"string","description":"The CheckPoint UID of the rule","httpMethods":["GET"],"position":"16","allowableValues":""},"order":{"type":"integer","format":"int32","description":"The Order of the rule","httpMethods":["GET"],"position":"14","allowableValues":""},"id":{"type":"string","description":"The ID of the rule","httpMethods":["GET"],"position":"12","allowableValues":""}}},"PolicyTargetDTO":{"id":"PolicyTargetDTO","rootElement":"installable_target","description":"","properties":{"device_id":{"type":"integer","format":"int32"},"firewall_id":{"type":"string"},"virtual_firewall_name":{"type":"string"}}},"Comparator":{"id":"Comparator","description":"","properties":{}},"RoutingInstanceDTO":{"id":"RoutingInstanceDTO","rootElement":"routing_instance","description":"","properties":{"name":{"type":"string"},"interfaces":{"$ref":"InterfaceListDTO"},"id":{"type":"integer","format":"int64"}}},"ManagementPolicyDTO":{"id":"ManagementPolicyDTO","rootElement":"policy","description":"","required":["itg_id","admin_domain","unique_active_in_itg","admin_domain_id","itg","name","id"],"properties":{"itg_id":{"type":"integer","format":"int32","description":"Installation target group ID","httpMethods":["GET"],"position":"11","allowableValues":""},"admin_domain":{"type":"string","description":"Admin domain name","httpMethods":["GET"],"position":"15","allowableValues":""},"unique_active_in_itg":{"type":"boolean","description":"Unique active installation target group","httpMethods":["GET"],"position":"13","allowableValues":""},"admin_domain_id":{"type":"integer","format":"int64","description":"Admin domain ID","httpMethods":["GET"],"position":"14","allowableValues":""},"itg":{"type":"string","description":"Installation target group name","httpMethods":["GET"],"position":"12","allowableValues":""},"name":{"type":"string","description":"Name","httpMethods":["GET"],"position":"10","allowableValues":""},"id":{"type":"integer","format":"int64","description":"ID","httpMethods":["GET"],"position":"9","allowableValues":""}},"subTypes":["ManagementDomainPolicyDTO"]},"ManagementDomainPolicyDTO":{"id":"ManagementDomainPolicyDTO","rootElement":"policy","description":"","required":["itg_id","admin_domain","unique_active_in_itg","admin_domain_id","itg","name","id"],"properties":{"installable_target":{"type":"array","items":{"$ref":"PolicyTargetDTO"}},"itg_id":{"type":"integer","format":"int32","description":"Installation target group ID","httpMethods":["GET"],"position":"11","allowableValues":""},"admin_domain":{"type":"string","description":"Admin domain name","httpMethods":["GET"],"position":"15","allowableValues":""},"unique_active_in_itg":{"type":"boolean","description":"Unique active installation target group","httpMethods":["GET"],"position":"13","allowableValues":""},"admin_domain_id":{"type":"integer","format":"int64","description":"Admin domain ID","httpMethods":["GET"],"position":"14","allowableValues":""},"itg":{"type":"string","description":"Installation target group name","httpMethods":["GET"],"position":"12","allowableValues":""},"name":{"type":"string","description":"Name","httpMethods":["GET"],"position":"10","allowableValues":""},"id":{"type":"integer","format":"int64","description":"ID","httpMethods":["GET"],"position":"9","allowableValues":""}}},"WorkflowTicketStatusType[]":{"id":"WorkflowTicketStatusType[]","description":"","properties":{}},"ClassMapDTO":{"id":"ClassMapDTO","rootElement":"class_map","description":"","properties":{"acl_name":{"type":"string"},"service":{"type":"array","items":{"$ref":"ObjectReferenceDTO"}},"name":{"type":"string"}}},"RuleCountDevice":{"id":"RuleCountDevice","description":"","properties":{"device_id":{"type":"integer","format":"int32","description":"Device id","allowableValues":""},"revision_id":{"type":"integer","format":"int32","description":"Revision id","position":"4","allowableValues":""},"rule_count":{"type":"integer","format":"int32","description":"Rule count","position":"3","allowableValues":""}},"subTypes":["RuleCountDeviceWithName"]},"SectionNatRuleDTO":{"id":"SectionNatRuleDTO","rootElement":"nat_rule","description":"","required":["binding"],"properties":{"header":{"type":"string"},"uid":{"type":"string"},"binding":{"type":"array","description":"Bindings list for NAT rule","items":{"$ref":"BindingDTO"},"httpMethods":["GET"],"position":"9","allowableValues":""},"order":{"type":"integer","format":"int32"},"id":{"type":"string"}}},"ZBSecurityRuleDTO":{"id":"ZBSecurityRuleDTO","rootElement":"rule","description":"","required":["src_networks_negated","dest_networks_negated","src_services_negated","dest_services_negated","uid","binding","cp_uid","order","id"],"properties":{"classMap":{"description":"Class map","$ref":"ClassMapDTO","httpMethods":["GET"],"position":"9","allowableValues":""},"effectiveAction":{"type":"string","description":"Effective action","httpMethods":["GET"],"position":"11","allowableValues":""},"src_networks_negated":{"type":"boolean","description":"Negated source networks","httpMethods":["GET"],"position":"28","allowableValues":""},"dest_networks_negated":{"type":"boolean","description":"Negated destination networks","httpMethods":["GET"],"position":"29","allowableValues":""},"src_services_negated":{"type":"boolean","description":"Negated source services","httpMethods":["GET"],"position":"30","allowableValues":""},"dest_services_negated":{"type":"boolean","description":"Negated destination services","httpMethods":["GET"],"position":"31","allowableValues":""},"rule_location_display":{"type":"string","description":"Rule Location Display","httpMethods":["GET"],"position":"36","allowableValues":""},"associatedNatRule":{"description":"NAT rule","$ref":"NatRuleDTO","httpMethods":["GET"],"position":"35","allowableValues":""},"src_zone_any":{"type":"boolean","description":"is source zone any ","httpMethods":["GET"],"position":"43","allowableValues":""},"dst_zone_any":{"type":"boolean","description":"is destination zone any ","httpMethods":["GET"],"position":"44","allowableValues":""},"external":{"type":"boolean","description":"Is external","httpMethods":["GET"],"position":"14","allowableValues":""},"src_network":{"type":"array","description":"Source networks","items":{"$ref":"ObjectReferenceDTO"},"httpMethods":["GET"],"position":"15","allowableValues":""},"dst_network":{"type":"array","description":"Destination networks","items":{"$ref":"ObjectReferenceDTO"},"httpMethods":["GET"],"position":"16","allowableValues":""},"src_service":{"type":"array","description":"Source services","items":{"$ref":"ObjectReferenceDTO"},"httpMethods":["GET"],"position":"17","allowableValues":""},"dst_service":{"type":"array","description":"Destination services","items":{"$ref":"ObjectReferenceDTO"},"httpMethods":["GET"],"position":"18","allowableValues":""},"textual_rep":{"type":"string","description":"the textual representation of this rule","httpMethods":["GET"],"position":"45","allowableValues":""},"application":{"type":"array","description":"Applications","items":{"$ref":"ObjectReferenceDTO"},"httpMethods":["GET"],"position":"19","allowableValues":""},"users":{"type":"array","description":"Users","items":{"$ref":"ObjectReferenceDTO"},"httpMethods":["GET"],"position":"23","allowableValues":""},"documentation":{"description":"Rule documentation","$ref":"RuleDocumentationDTO","httpMethods":["GET"],"position":"27","allowableValues":""},"rule_location":{"type":"string","description":"Rule Location","httpMethods":["GET"],"position":"35","allowableValues":""},"rule_number":{"type":"integer","format":"int64","description":"Rule number","httpMethods":["GET"],"position":"10","allowableValues":""},"disabled":{"type":"boolean","description":"Is disabled","httpMethods":["GET"],"position":"14","allowableValues":""},"src_zone":{"type":"array","description":"source zones","items":{"type":"String"},"httpMethods":["GET"],"position":"41","allowableValues":""},"dst_zone":{"type":"array","description":"destination zones","items":{"type":"String"},"httpMethods":["GET"],"position":"42","allowableValues":""},"install":{"type":"array","description":"Installed-ons","items":{"$ref":"ObjectReferenceDTO"},"httpMethods":["GET"],"position":"22","allowableValues":""},"track":{"description":"Rule tracking infomation","$ref":"RuleTrackDTO","httpMethods":["GET"],"position":"13","allowableValues":""},"user_access":{"type":"array","description":"User access","items":{"$ref":"ObjectReferenceDTO"},"httpMethods":["GET"],"position":"24","allowableValues":""},"rule_type":{"type":"string","description":"rule_type","httpMethods":["GET"],"position":"39","allowableValues":""},"vpn":{"type":"array","description":"VPN","items":{"$ref":"ObjectReferenceDTO"},"httpMethods":["GET"],"position":"21","allowableValues":""},"implicit":{"type":"boolean","description":"Is implicit","httpMethods":["GET"],"position":"14","allowableValues":""},"acceleration_breaker":{"type":"boolean","description":"Acceleration breaker","httpMethods":["GET"],"position":"37","allowableValues":""},"authentication_rule":{"type":"boolean","description":"Authentication rule","httpMethods":["GET"],"position":"38","allowableValues":""},"fmg_from_zone":{"type":"string","description":"Fortimanager source zone","httpMethods":["GET"],"position":"32","allowableValues":""},"fmg_to_zone":{"type":"string","description":"Fortimanager destination zone","httpMethods":["GET"],"position":"33","allowableValues":""},"sub_policy":{"type":"string","description":"Sub policy","httpMethods":["GET"],"position":"34","allowableValues":""},"time":{"type":"array","description":"Time","items":{"$ref":"ObjectReferenceDTO"},"httpMethods":["GET"],"position":"20","allowableValues":""},"comment":{"type":"string","description":"Comment","httpMethods":["GET"],"position":"11","allowableValues":""},"option":{"type":"array","description":"Options","items":{"type":"String"},"httpMethods":["GET"],"position":"26","allowableValues":""},"action":{"type":"string","description":"Rule action","httpMethods":["GET"],"position":"12","allowableValues":""},"name":{"type":"string","description":"Name","httpMethods":["GET"],"position":"9","allowableValues":""},"uid":{"type":"string","description":"The UID of the rule","httpMethods":["GET"],"position":"13","allowableValues":""},"device_id":{"type":"integer","format":"int32","description":"The device ID for this rule","httpMethods":["GET"],"position":"11","allowableValues":""},"binding":{"type":"array","description":"The bindings of the rule","items":{"$ref":"BindingDTO"},"httpMethods":["GET"],"position":"15","allowableValues":""},"cp_uid":{"type":"string","description":"The CheckPoint UID of the rule","httpMethods":["GET"],"position":"16","allowableValues":""},"order":{"type":"integer","format":"int32","description":"The Order of the rule","httpMethods":["GET"],"position":"14","allowableValues":""},"id":{"type":"string","description":"The ID of the rule","httpMethods":["GET"],"position":"12","allowableValues":""}}},"InterfaceDTO":{"id":"InterfaceDTO","rootElement":"interface","description":"","required":["direction","global","device_id","interface_ips","acl_name","id","name"],"properties":{"direction":{"type":"string","description":"The direction of the interface","httpMethods":["GET"],"position":"12","allowableValues":""},"global":{"type":"boolean","description":"Is a global interface","httpMethods":["GET"],"position":"12","allowableValues":""},"device_id":{"type":"integer","format":"int32","description":"Device ID for interface","httpMethods":["GET"],"position":"9","allowableValues":""},"interface_ips":{"description":"List of interfaces IPs","$ref":"InterfaceIpListDTO","httpMethods":["GET"],"position":"10","allowableValues":""},"acl_name":{"type":"string","description":"ACL name of the interface","httpMethods":["GET"],"position":"13","allowableValues":""},"id":{"type":"integer","format":"int64","description":"The ID of interface","httpMethods":["GET"],"position":"11","allowableValues":""},"name":{"type":"string","description":"The name of the object","httpMethods":["GET"],"position":"9","allowableValues":""}}},"NatRuleDTO":{"id":"NatRuleDTO","rootElement":"nat_rule","description":"","required":["binding"],"properties":{"uid":{"type":"string"},"binding":{"type":"array","description":"Bindings list for NAT rule","items":{"$ref":"BindingDTO"},"httpMethods":["GET"],"position":"9","allowableValues":""},"order":{"type":"integer","format":"int32"},"id":{"type":"string"}},"subTypes":["TranslationNatRuleDTO","SectionNatRuleDTO"]},"RuleDocumentationDTO":{"id":"RuleDocumentationDTO","rootElement":"rule_documentation","description":"","required":["violation","tech_owner","legacy_rule","record_set","permissiveness_level","shadowed","secure_app_application","comment"],"properties":{"violation":{"type":"array","description":"List of violations for this rule","items":{"$ref":"ViolationMetadataDTO"},"httpMethods":["GET"],"position":"24","allowableValues":""},"tech_owner":{"type":"string","description":"The techinal owner","httpMethods":["GET"],"position":"11","allowableValues":""},"legacy_rule":{"type":"boolean","description":"The rule advanced options","httpMethods":["GET"],"position":"18","allowableValues":""},"record_set":{"type":"array","description":"Documentation records for this rule","items":{"$ref":"RuleDocumentationRecordDTO"},"httpMethods":["GET"],"position":"13","allowableValues":""},"last_hit":{"type":"string","description":" The date of rule last hit","httpMethods":["GET"],"position":"23","allowableValues":""},"permissiveness_level":{"type":"string","description":"The rule permissiveness score","httpMethods":["GET"],"position":"20","allowableValues":""},"shadowed":{"type":"string","description":"The rule shadowed status","httpMethods":["GET"],"position":"17","allowableValues":""},"secure_app_application":{"type":"array","description":"SecureApp applications for this rule","items":{"$ref":"SaApplicationDTO"},"httpMethods":["GET"],"position":"16","allowableValues":""},"comment":{"type":"string","description":"The rule comment","httpMethods":["GET"],"position":"12","allowableValues":""},"last_modified":{"type":"string","description":"The date this rule was last modified","httpMethods":["GET"],"position":"22","allowableValues":""}},"subTypes":["RuleDocumentationRecordDTO"]},"BindingDTO":{"id":"BindingDTO","rootElement":"binding","description":"","required":["direction","policy","from_zone","to_zone","acl","rule_count","policy_map_name","security_rule_count","nat_stage","default","postnat_iface","prenat_iface"],"properties":{"uid":{"type":"string"},"direction":{"type":"string","description":"Direction of rule set","httpMethods":["GET"],"position":"18","allowableValues":""},"policy":{"description":"Management policy for rule set","$ref":"ManagementPolicyDTO","httpMethods":["GET"],"position":"13","allowableValues":""},"from_zone":{"type":"array","description":"Source zones of rule set","items":{"$ref":"PolicyZoneDTO"},"httpMethods":["GET"],"position":"11","allowableValues":""},"to_zone":{"type":"array","description":"Destination zones of rule set","items":{"$ref":"PolicyZoneDTO"},"httpMethods":["GET"],"position":"12","allowableValues":""},"ip_type":{"$ref":"IpType"},"acl":{"description":"ACL for rule set","$ref":"AclDTO","httpMethods":["GET"],"position":"9","allowableValues":""},"rule_count":{"type":"integer","format":"int32","description":"Number of rules for this rule set","httpMethods":["GET"],"position":"16","allowableValues":""},"nat_type":{"type":"string","description":"Junos SRX NAT only - Type of NAT used [SOURCE, DESTINATION, STATIC_DESTINATION, STATIC_SOURCE]","httpMethods":["GET"],"position":"23","allowableValues":""},"from_collection":{"type":"string","description":"Junos SRX NAT only - A group of sources for the NAT rule-set [Interface, Zone, Routing Instance]","httpMethods":["GET"],"position":"24","allowableValues":""},"to_collection":{"type":"string","description":"Junos SRX NAT only - A group of destinations for the NAT rule-set [Interface, Zone, Routing Instance]","httpMethods":["GET"],"position":"25","allowableValues":""},"device_policy_id":{"type":"integer","format":"int64","description":"StoneSoft only","httpMethods":["GET"],"position":"23","allowableValues":""},"policy_map_name":{"type":"string","description":"Policy map name of rule set","httpMethods":["GET"],"position":"14","allowableValues":""},"security_rule_count":{"type":"integer","format":"int32","description":"Number of security rules for this rule set","httpMethods":["GET"],"position":"17","allowableValues":""},"nat_stage":{"type":"string","description":"NAT stage for rule set","httpMethods":["GET"],"position":"19","allowableValues":""},"default":{"type":"boolean","description":"Is default rule set","httpMethods":["GET"],"position":"20","allowableValues":""},"postnat_iface":{"type":"string","description":"External interfaces for rule set","httpMethods":["GET"],"position":"22","allowableValues":""},"prenat_iface":{"type":"string","description":"Internal interfaces for rule set","httpMethods":["GET"],"position":"21","allowableValues":""},"from_type":{"type":"string","description":"Junos SRX NAT only - Type of source for rule-set [Interface, Zone, Routing Instance]","httpMethods":["GET"],"position":"26","allowableValues":""},"to_type":{"type":"string","description":"Junos SRX NAT only - Type of destination for rule-set [Interface, Zone, Routing Instance]","httpMethods":["GET"],"position":"27","allowableValues":""},"cloudSecurityGroupDTO":{"$ref":"CloudSecurityGroupDTO"}},"subTypes":["DirectionalSecurityGroupBindingDTO"]},"LinkDTO":{"id":"LinkDTO","description":"","required":["@href"],"properties":{"@href":{"type":"string","description":"The location of the referenced object","httpMethods":["GET"],"allowableValues":""}}},"RuleDTO":{"id":"RuleDTO","rootElement":"rule","description":"","required":["uid","binding","cp_uid","order","id"],"properties":{"uid":{"type":"string","description":"The UID of the rule","httpMethods":["GET"],"position":"13","allowableValues":""},"device_id":{"type":"integer","format":"int32","description":"The device ID for this rule","httpMethods":["GET"],"position":"11","allowableValues":""},"binding":{"type":"array","description":"The bindings of the rule","items":{"$ref":"BindingDTO"},"httpMethods":["GET"],"position":"15","allowableValues":""},"cp_uid":{"type":"string","description":"The CheckPoint UID of the rule","httpMethods":["GET"],"position":"16","allowableValues":""},"order":{"type":"integer","format":"int32","description":"The Order of the rule","httpMethods":["GET"],"position":"14","allowableValues":""},"id":{"type":"string","description":"The ID of the rule","httpMethods":["GET"],"position":"12","allowableValues":""}},"subTypes":["SecurityRuleDTO","SectionRuleDTO","ZBSecurityRuleDTO","CloudSecurityRuleDTO"]},"IpType[]":{"id":"IpType[]","description":"","properties":{}},"RuleDocumentationRecordDTO":{"id":"RuleDocumentationRecordDTO","description":"","required":["ticketCr","expireDate","businessOwnerName","businessOwnerEmail","ticketStatus","id"],"properties":{"ticketCr":{"type":"string","description":"Ticket information for rule","httpMethods":["GET"],"position":"10","allowableValues":""},"expireDate":{"type":"string","format":"date-time","description":"Expiration date for rule","httpMethods":["GET"],"position":"11","allowableValues":""},"businessOwnerName":{"type":"string","description":"Business owner name for rule","httpMethods":["GET"],"position":"13","allowableValues":""},"businessOwnerEmail":{"type":"string","description":"Business owner Email address for rule","httpMethods":["GET"],"position":"14","allowableValues":""},"ticketOrigin":{"type":"string","description":"Ticketing system source of the specified ID. Supported values: \u0027scw\u0027","httpMethods":["GET"],"position":"16","allowableValues":""},"ticketStatus":{"description":"Workflow ticket status for rule","$ref":"WorkflowTicketStatusType","httpMethods":["GET"],"position":"15","allowableValues":""},"id":{"type":"integer","format":"int64","description":"Rule documentation ID","httpMethods":["GET"],"position":"9","allowableValues":""}}},"InterfaceIpListDTO":{"id":"InterfaceIpListDTO","rootElement":"interface_ips","description":"","required":["interface_ip"],"properties":{"interface_ip":{"type":"array","description":"Interface IPs","items":{"$ref":"InterfaceIpDTO"},"httpMethods":["GET"],"position":"9","allowableValues":""}}},"RuleTrackDTO":{"id":"RuleTrackDTO","rootElement":"track","description":"","required":["interval","level"],"properties":{"interval":{"type":"string","description":"Tracking interval of rule","httpMethods":["GET"],"position":"11","allowableValues":""},"level":{"type":"string","description":"Tracking level of rule","httpMethods":["GET"],"position":"10","allowableValues":""}}},"SecurityRuleDTO":{"id":"SecurityRuleDTO","rootElement":"rule","description":"","required":["src_networks_negated","dest_networks_negated","src_services_negated","dest_services_negated","uid","binding","cp_uid","order","id"],"properties":{"src_networks_negated":{"type":"boolean","description":"Negated source networks","httpMethods":["GET"],"position":"28","allowableValues":""},"dest_networks_negated":{"type":"boolean","description":"Negated destination networks","httpMethods":["GET"],"position":"29","allowableValues":""},"src_services_negated":{"type":"boolean","description":"Negated source services","httpMethods":["GET"],"position":"30","allowableValues":""},"dest_services_negated":{"type":"boolean","description":"Negated destination services","httpMethods":["GET"],"position":"31","allowableValues":""},"rule_location_display":{"type":"string","description":"Rule Location Display","httpMethods":["GET"],"position":"36","allowableValues":""},"associatedNatRule":{"description":"NAT rule","$ref":"NatRuleDTO","httpMethods":["GET"],"position":"35","allowableValues":""},"src_zone_any":{"type":"boolean","description":"is source zone any ","httpMethods":["GET"],"position":"43","allowableValues":""},"dst_zone_any":{"type":"boolean","description":"is destination zone any ","httpMethods":["GET"],"position":"44","allowableValues":""},"external":{"type":"boolean","description":"Is external","httpMethods":["GET"],"position":"14","allowableValues":""},"src_network":{"type":"array","description":"Source networks","items":{"$ref":"ObjectReferenceDTO"},"httpMethods":["GET"],"position":"15","allowableValues":""},"dst_network":{"type":"array","description":"Destination networks","items":{"$ref":"ObjectReferenceDTO"},"httpMethods":["GET"],"position":"16","allowableValues":""},"src_service":{"type":"array","description":"Source services","items":{"$ref":"ObjectReferenceDTO"},"httpMethods":["GET"],"position":"17","allowableValues":""},"dst_service":{"type":"array","description":"Destination services","items":{"$ref":"ObjectReferenceDTO"},"httpMethods":["GET"],"position":"18","allowableValues":""},"textual_rep":{"type":"string","description":"the textual representation of this rule","httpMethods":["GET"],"position":"45","allowableValues":""},"application":{"type":"array","description":"Applications","items":{"$ref":"ObjectReferenceDTO"},"httpMethods":["GET"],"position":"19","allowableValues":""},"users":{"type":"array","description":"Users","items":{"$ref":"ObjectReferenceDTO"},"httpMethods":["GET"],"position":"23","allowableValues":""},"documentation":{"description":"Rule documentation","$ref":"RuleDocumentationDTO","httpMethods":["GET"],"position":"27","allowableValues":""},"rule_location":{"type":"string","description":"Rule Location","httpMethods":["GET"],"position":"35","allowableValues":""},"rule_number":{"type":"integer","format":"int64","description":"Rule number","httpMethods":["GET"],"position":"10","allowableValues":""},"disabled":{"type":"boolean","description":"Is disabled","httpMethods":["GET"],"position":"14","allowableValues":""},"src_zone":{"type":"array","description":"source zones","items":{"type":"String"},"httpMethods":["GET"],"position":"41","allowableValues":""},"dst_zone":{"type":"array","description":"destination zones","items":{"type":"String"},"httpMethods":["GET"],"position":"42","allowableValues":""},"install":{"type":"array","description":"Installed-ons","items":{"$ref":"ObjectReferenceDTO"},"httpMethods":["GET"],"position":"22","allowableValues":""},"track":{"description":"Rule tracking infomation","$ref":"RuleTrackDTO","httpMethods":["GET"],"position":"13","allowableValues":""},"user_access":{"type":"array","description":"User access","items":{"$ref":"ObjectReferenceDTO"},"httpMethods":["GET"],"position":"24","allowableValues":""},"rule_type":{"type":"string","description":"rule_type","httpMethods":["GET"],"position":"39","allowableValues":""},"vpn":{"type":"array","description":"VPN","items":{"$ref":"ObjectReferenceDTO"},"httpMethods":["GET"],"position":"21","allowableValues":""},"implicit":{"type":"boolean","description":"Is implicit","httpMethods":["GET"],"position":"14","allowableValues":""},"acceleration_breaker":{"type":"boolean","description":"Acceleration breaker","httpMethods":["GET"],"position":"37","allowableValues":""},"authentication_rule":{"type":"boolean","description":"Authentication rule","httpMethods":["GET"],"position":"38","allowableValues":""},"fmg_from_zone":{"type":"string","description":"Fortimanager source zone","httpMethods":["GET"],"position":"32","allowableValues":""},"fmg_to_zone":{"type":"string","description":"Fortimanager destination zone","httpMethods":["GET"],"position":"33","allowableValues":""},"sub_policy":{"type":"string","description":"Sub policy","httpMethods":["GET"],"position":"34","allowableValues":""},"time":{"type":"array","description":"Time","items":{"$ref":"ObjectReferenceDTO"},"httpMethods":["GET"],"position":"20","allowableValues":""},"comment":{"type":"string","description":"Comment","httpMethods":["GET"],"position":"11","allowableValues":""},"option":{"type":"array","description":"Options","items":{"type":"String"},"httpMethods":["GET"],"position":"26","allowableValues":""},"action":{"type":"string","description":"Rule action","httpMethods":["GET"],"position":"12","allowableValues":""},"name":{"type":"string","description":"Name","httpMethods":["GET"],"position":"9","allowableValues":""},"uid":{"type":"string","description":"The UID of the rule","httpMethods":["GET"],"position":"13","allowableValues":""},"device_id":{"type":"integer","format":"int32","description":"The device ID for this rule","httpMethods":["GET"],"position":"11","allowableValues":""},"binding":{"type":"array","description":"The bindings of the rule","items":{"$ref":"BindingDTO"},"httpMethods":["GET"],"position":"15","allowableValues":""},"cp_uid":{"type":"string","description":"The CheckPoint UID of the rule","httpMethods":["GET"],"position":"16","allowableValues":""},"order":{"type":"integer","format":"int32","description":"The Order of the rule","httpMethods":["GET"],"position":"14","allowableValues":""},"id":{"type":"string","description":"The ID of the rule","httpMethods":["GET"],"position":"12","allowableValues":""}}},"ObjectReferenceDTO":{"id":"ObjectReferenceDTO","description":"","required":["id"],"properties":{"uid":{"type":"string","description":"The unique identifier of the referenced object","httpMethods":["GET"],"position":"1","allowableValues":""},"member":{"type":"array","description":"List of references to a DM_INLINE group members","items":{"$ref":"ObjectReferenceDTO"},"position":"6","allowableValues":""},"display_name":{"type":"string","description":"The display name of the referenced object","httpMethods":["GET"],"position":"2","allowableValues":""},"link":{"description":"The data structure that contains the href tag, which sets the location of the referenced object in the SecureApp database","$ref":"LinkDTO","httpMethods":["GET"],"position":"5","allowableValues":""},"name":{"type":"string","description":"The name of the referenced object","httpMethods":["GET"],"position":"3","allowableValues":""},"id":{"type":"string","description":"ID","httpMethods":["GET","POST","PUT"],"allowableValues":""},"type":{"type":"string","description":"The type of the referenced object","httpMethods":["GET"],"position":"4","allowableValues":""}}},"TranslationNatRuleDTO":{"id":"TranslationNatRuleDTO","rootElement":"nat_rule","description":"","required":["binding"],"properties":{"ruleNumber":{"type":"integer","format":"int32"},"disabled":{"type":"boolean"},"nat_type":{"type":"string"},"install":{"type":"array","description":"Install-ons for rule","items":{"$ref":"ObjectReferenceDTO"},"httpMethods":["GET"],"position":"16","allowableValues":""},"enable_net4tonet6":{"type":"boolean","description":"Enabled IPv4 to IPv6 translation","httpMethods":["GET"],"position":"18","allowableValues":""},"enable_route_lookup":{"type":"boolean","description":"Enabled route lookup","httpMethods":["GET"],"position":"19","allowableValues":""},"autoNat":{"type":"boolean"},"routing_instance":{"$ref":"RoutingInstanceDTO"},"orig_service":{"type":"array","description":"Original services for rule","items":{"$ref":"ObjectReferenceDTO"},"httpMethods":["GET"],"position":"13","allowableValues":""},"egress_interface":{"type":"array","description":"Outgoing interfaces for rule","items":{"$ref":"InterfaceDTO"},"httpMethods":["GET"],"position":"15","allowableValues":""},"srcNatMethod":{"type":"string"},"dstNatMethod":{"type":"string"},"serviceNatMethod":{"type":"string"},"set_name":{"type":"string"},"comment":{"type":"string"},"name":{"type":"string"},"uid":{"type":"string"},"binding":{"type":"array","description":"Bindings list for NAT rule","items":{"$ref":"BindingDTO"},"httpMethods":["GET"],"position":"9","allowableValues":""},"order":{"type":"integer","format":"int32"},"id":{"type":"string"}}},"PolicyZoneDTO":{"id":"PolicyZoneDTO","rootElement":"zone","description":"","required":["global","id","name"],"properties":{"global":{"type":"boolean","description":"Is a global zone","httpMethods":["GET"],"position":"10","allowableValues":""},"id":{"type":"integer","format":"int64","description":"ID of the zone","httpMethods":["GET"],"position":"9","allowableValues":""},"name":{"type":"string","description":"The name of the object","httpMethods":["GET"],"position":"9","allowableValues":""}}},"InterfaceIpDTO":{"id":"InterfaceIpDTO","rootElement":"interface_ip","description":"","required":["ip","netmask"],"properties":{"ip":{"type":"string","description":"IP address of interface","httpMethods":["GET"],"position":"9","allowableValues":""},"netmask":{"type":"string","description":"Network mask of interface","httpMethods":["GET"],"position":"10","allowableValues":""},"visibility":{"type":"string","description":"ip visibility (private/public)","httpMethods":["GET"],"position":"11","allowableValues":""},"precedence":{"type":"string","description":"ip precedence (primary/secondary)","httpMethods":["GET"],"position":"12","allowableValues":""},"vendorAttachmentPolicy":{"type":"string","description":"ip vendor attachment policy","httpMethods":["GET"],"position":"13","allowableValues":""}}},"InterfaceListDTO":{"id":"InterfaceListDTO","rootElement":"interfaces","description":"","properties":{"interface":{"type":"array","description":"interfaces list","items":{"$ref":"BasicInterfaceDTO"},"httpMethods":["GET"],"position":"9","allowableValues":""}}},"BasicInterfaceDTO":{"id":"BasicInterfaceDTO","rootElement":"interface","description":"","required":["name"],"properties":{"name":{"type":"string","description":"The name of the object","httpMethods":["GET"],"position":"9","allowableValues":""}},"subTypes":["InterfaceDTO"]},"RuleCountDeviceWithName":{"id":"RuleCountDeviceWithName","description":"","properties":{"deviceName":{"type":"string","description":"Device name","position":"2","allowableValues":""},"vendor":{"type":"string","description":"Vendor","position":"1","allowableValues":""},"device_id":{"type":"integer","format":"int32","description":"Device id","allowableValues":""},"revision_id":{"type":"integer","format":"int32","description":"Revision id","position":"4","allowableValues":""},"rule_count":{"type":"integer","format":"int32","description":"Rule count","position":"3","allowableValues":""}}},"WorkflowTicketStatusType":{"id":"WorkflowTicketStatusType","description":"","properties":{}},"RuleListDTO":{"id":"RuleListDTO","rootElement":"rules","description":"","required":["rule","count","total"],"properties":{"rule":{"type":"array","description":"The rules list","items":{"$ref":"RuleDTO"},"httpMethods":["GET"],"position":"10","allowableValues":""},"count":{"type":"integer","format":"int32","description":"Number of returned elements","httpMethods":["GET"],"allowableValues":""},"total":{"type":"integer","format":"int64","description":"Number of total available elements","httpMethods":["GET"],"position":"1","allowableValues":""}}},"ViolationMetadataDTO":{"id":"ViolationMetadataDTO","description":"","required":["name","type"],"properties":{"name":{"type":"string","description":"The name of the violation","httpMethods":["GET"],"position":"1","allowableValues":""},"type":{"type":"string","description":"The type of the violation","httpMethods":["GET"],"position":"1","allowableValues":""}}},"DirectionalSecurityGroupBindingDTO":{"id":"DirectionalSecurityGroupBindingDTO","rootElement":"binding","description":"","required":["direction","policy","from_zone","to_zone","acl","rule_count","policy_map_name","security_rule_count","nat_stage","default","postnat_iface","prenat_iface"],"properties":{"uid":{"type":"string"},"direction":{"type":"string","description":"Direction of rule set","httpMethods":["GET"],"position":"18","allowableValues":""},"policy":{"description":"Management policy for rule set","$ref":"ManagementPolicyDTO","httpMethods":["GET"],"position":"13","allowableValues":""},"from_zone":{"type":"array","description":"Source zones of rule set","items":{"$ref":"PolicyZoneDTO"},"httpMethods":["GET"],"position":"11","allowableValues":""},"to_zone":{"type":"array","description":"Destination zones of rule set","items":{"$ref":"PolicyZoneDTO"},"httpMethods":["GET"],"position":"12","allowableValues":""},"ip_type":{"$ref":"IpType"},"acl":{"description":"ACL for rule set","$ref":"AclDTO","httpMethods":["GET"],"position":"9","allowableValues":""},"rule_count":{"type":"integer","format":"int32","description":"Number of rules for this rule set","httpMethods":["GET"],"position":"16","allowableValues":""},"nat_type":{"type":"string","description":"Junos SRX NAT only - Type of NAT used [SOURCE, DESTINATION, STATIC_DESTINATION, STATIC_SOURCE]","httpMethods":["GET"],"position":"23","allowableValues":""},"from_collection":{"type":"string","description":"Junos SRX NAT only - A group of sources for the NAT rule-set [Interface, Zone, Routing Instance]","httpMethods":["GET"],"position":"24","allowableValues":""},"to_collection":{"type":"string","description":"Junos SRX NAT only - A group of destinations for the NAT rule-set [Interface, Zone, Routing Instance]","httpMethods":["GET"],"position":"25","allowableValues":""},"device_policy_id":{"type":"integer","format":"int64","description":"StoneSoft only","httpMethods":["GET"],"position":"23","allowableValues":""},"policy_map_name":{"type":"string","description":"Policy map name of rule set","httpMethods":["GET"],"position":"14","allowableValues":""},"security_rule_count":{"type":"integer","format":"int32","description":"Number of security rules for this rule set","httpMethods":["GET"],"position":"17","allowableValues":""},"nat_stage":{"type":"string","description":"NAT stage for rule set","httpMethods":["GET"],"position":"19","allowableValues":""},"default":{"type":"boolean","description":"Is default rule set","httpMethods":["GET"],"position":"20","allowableValues":""},"postnat_iface":{"type":"string","description":"External interfaces for rule set","httpMethods":["GET"],"position":"22","allowableValues":""},"prenat_iface":{"type":"string","description":"Internal interfaces for rule set","httpMethods":["GET"],"position":"21","allowableValues":""},"from_type":{"type":"string","description":"Junos SRX NAT only - Type of source for rule-set [Interface, Zone, Routing Instance]","httpMethods":["GET"],"position":"26","allowableValues":""},"to_type":{"type":"string","description":"Junos SRX NAT only - Type of destination for rule-set [Interface, Zone, Routing Instance]","httpMethods":["GET"],"position":"27","allowableValues":""},"cloudSecurityGroupDTO":{"$ref":"CloudSecurityGroupDTO"}}},"CloudSecurityGroupDTO":{"id":"CloudSecurityGroupDTO","description":"","required":["access_allowed","exclusion","member","nat_info","uid","device_id","deviceName","application_id","global","comment","display_name","name","id","class_name"],"properties":{"access_allowed":{"type":"boolean","description":"access allowed","httpMethods":["GET","POST","PUT"],"position":"13","allowableValues":""},"exclusion":{"type":"array","description":"The exclusions","items":{"$ref":"ObjectReferenceDTO"},"position":"12","allowableValues":""},"member":{"type":"array","description":"The members","items":{"$ref":"ObjectReferenceDTO"},"httpMethods":["GET","POST","PUT"],"position":"11","allowableValues":""},"type_on_device":{"type":"string","description":"type on device","allowableValues":""},"domain_name":{"type":"string"},"management_domain":{"type":"string"},"overrides":{"type":"boolean","description":"Original value override, applicable only for Panorama NG","allowableValues":""},"any_zone":{"type":"boolean"},"nat_info":{"description":"NAT info for the network object","$ref":"NatInfoDTO","position":"10","allowableValues":""},"implicit":{"type":"boolean"},"uid":{"type":"string","description":"The uid of the device object","position":"6","allowableValues":""},"device_id":{"type":"integer","format":"int32","description":"The device ID of the device object","position":"6","allowableValues":""},"deviceName":{"type":"string","description":"Device name for device object","position":"9","allowableValues":""},"application_id":{"type":"integer","format":"int64","description":"Application ID of the device object","position":"8","allowableValues":""},"global":{"type":"boolean","description":"Is a global device object","httpMethods":["GET"],"position":"5","allowableValues":""},"comment":{"type":"string","description":"The comment of the device object","httpMethods":["GET","POST","PUT"],"position":"7","allowableValues":""},"display_name":{"type":"string","description":"The display name of the device object","httpMethods":["GET"],"position":"2","allowableValues":""},"name":{"type":"string","description":"The name of the device object","httpMethods":["GET","POST","PUT"],"position":"1","allowableValues":""},"id":{"type":"string","description":"The ID of the device object","httpMethods":["GET","PUT"],"allowableValues":""},"class_name":{"type":"string","description":"The class name of the device object","position":"3","allowableValues":""}}},"SectionRuleDTO":{"id":"SectionRuleDTO","rootElement":"rule","description":"","required":["header","uid","binding","cp_uid","order","id"],"properties":{"header":{"type":"string","description":"Section header","httpMethods":["GET"],"position":"9","allowableValues":""},"uid":{"type":"string","description":"The UID of the rule","httpMethods":["GET"],"position":"13","allowableValues":""},"device_id":{"type":"integer","format":"int32","description":"The device ID for this rule","httpMethods":["GET"],"position":"11","allowableValues":""},"binding":{"type":"array","description":"The bindings of the rule","items":{"$ref":"BindingDTO"},"httpMethods":["GET"],"position":"15","allowableValues":""},"cp_uid":{"type":"string","description":"The CheckPoint UID of the rule","httpMethods":["GET"],"position":"16","allowableValues":""},"order":{"type":"integer","format":"int32","description":"The Order of the rule","httpMethods":["GET"],"position":"14","allowableValues":""},"id":{"type":"string","description":"The ID of the rule","httpMethods":["GET"],"position":"12","allowableValues":""}}}}}