{"apiVersion":"1.0.0","resourcePath":"/Services and Ports","apis":[{"path":"/revisions/{revision_id:[0-9]+}/services/{ids:(([0-9]+,)*[0-9]+|\\*)}","operations":[{"baseURL":"/securetrack/api","method":"GET","summary":"Get specific service","notes":"Fetches list of specific service objects defined in revision given by revision ID and specified by their IDs ","examples":["https://192.168.1.1/securetrack/api/revisions/785/services/959888"],"position":"3","type":"ServiceListDTO","nickname":"getSpecificService","produces":["application/xml","application/json"],"parameters":[{"name":"context","description":"Global MSSP context","required":false,"type":"integer","format":"int32","paramType":"query","allowMultiple":false,"allowableValues":""},{"name":"revision_id","description":"Revision id","required":true,"type":"integer","format":"int32","paramType":"path","allowMultiple":false,"allowableValues":""},{"name":"ids","description":"Rule IDs","required":true,"type":"string","paramType":"path","allowMultiple":false,"allowableValues":""}]}]},{"path":"/revisions/{id:[0-9]+}/services","operations":[{"baseURL":"/securetrack/api","method":"GET","summary":"Get services by revision","notes":"Fetches list of service objects defined in revision given by revision ID ","examples":["https://192.168.1.1/securetrack/api/revisions/785/services"],"position":"1","type":"ServiceListDTO","nickname":"getServices","produces":["application/xml","application/json"],"parameters":[{"name":"context","description":"Global MSSP context","required":false,"type":"integer","format":"int32","paramType":"query","allowMultiple":false,"allowableValues":""},{"name":"id","description":"Revision id","required":true,"type":"integer","format":"int32","paramType":"path","allowMultiple":false,"allowableValues":""},{"name":"start","description":"Starting page for query allowable types are numeric","required":false,"type":"string","paramType":"query","allowMultiple":false,"allowableValues":""},{"name":"count","description":"Number of pages for query allowable values are numeric","required":false,"type":"string","paramType":"query","allowMultiple":false,"allowableValues":""},{"name":"name","description":"Service name","required":false,"type":"string","paramType":"query","allowMultiple":false,"allowableValues":""},{"name":"type","description":"Service type, allowable values are: tcp, udp, ip or icmp","required":false,"type":"string","paramType":"query","allowMultiple":false,"allowableValues":""},{"name":"port","description":"Service port","required":false,"type":"integer","format":"int32","paramType":"query","allowMultiple":false,"allowableValues":""},{"name":"icmp_type","description":"Service ICMP type allowable values are numeric between 0 to 40","required":false,"type":"integer","format":"int32","paramType":"query","allowMultiple":false,"allowableValues":""},{"name":"protocol","description":"Service protocol, allowable values are numeric betweenm 0 to 255","required":false,"type":"integer","format":"int32","paramType":"query","allowMultiple":false,"allowableValues":""}]}]},{"path":"/devices/{device_id:[0-9]+}/services/{ids:(([0-9]+,)*[0-9]+|\\*)}","operations":[{"baseURL":"/securetrack/api","method":"GET","summary":"Get specific service","notes":"Fetches list of specific service objects defined in device given by device ID and specified by their IDs.\u003cbr\u003e\u003cb\u003eNote:\u003c/b\u003e This API retrieves the information from the latest revision.","examples":["https://192.168.1.1/securetrack/api/devices/20/services/959888,959966"],"position":"2","type":"ServiceListDTO","nickname":"getSpecificService","produces":["application/xml","application/json"],"parameters":[{"name":"context","description":"Global MSSP context","required":false,"type":"integer","format":"int32","paramType":"query","allowMultiple":false,"allowableValues":""},{"name":"device_id","description":"Device ID","required":true,"type":"integer","format":"int32","paramType":"path","allowMultiple":false,"allowableValues":""},{"name":"ids","description":"Service object IDs separated by commas","required":true,"type":"string","paramType":"path","allowMultiple":false,"allowableValues":""}]}]},{"path":"/devices/{id:[0-9]+}/services","operations":[{"baseURL":"/securetrack/api","method":"GET","summary":"Get services by device","notes":"Fetches list of service objects defined on device given by device ID ","examples":["https://192.168.1.1/securetrack/api/devices/20/services"],"position":"","type":"ServiceListDTO","nickname":"getServices","produces":["application/xml","application/json"],"parameters":[{"name":"context","description":"Global MSSP context","required":false,"type":"integer","format":"int32","paramType":"query","allowMultiple":false,"allowableValues":""},{"name":"id","description":"Device ID","required":true,"type":"integer","format":"int32","paramType":"path","allowMultiple":false,"allowableValues":""},{"name":"start","description":"Starting page for query allowable types are numeric","required":false,"type":"string","paramType":"query","allowMultiple":false,"allowableValues":""},{"name":"count","description":"Number of pages for query allowable values are numeric","required":false,"type":"string","paramType":"query","allowMultiple":false,"allowableValues":""},{"name":"name","description":"Service name","required":false,"type":"string","paramType":"query","allowMultiple":false,"allowableValues":""},{"name":"type","description":"Service type, allowable values are: tcp, udp, ip or icmp","required":false,"type":"string","paramType":"query","allowMultiple":false,"allowableValues":""},{"name":"port","description":"Service port","required":false,"type":"integer","format":"int32","paramType":"query","allowMultiple":false,"allowableValues":""},{"name":"icmp_type","description":"Service ICMP type allowable values are numeric between 0 to 40","required":false,"type":"integer","format":"int32","paramType":"query","allowMultiple":false,"allowableValues":""},{"name":"protocol","description":"Service protocol, allowable values are numeric betweenm 0 to 255","required":false,"type":"integer","format":"int32","paramType":"query","allowMultiple":false,"allowableValues":""}]}]}],"models":{"ServiceListDTO":{"id":"ServiceListDTO","rootElement":"services","description":"","properties":{"service":{"type":"array","items":{"$ref":"ServiceDTO"}}}},"LinkDTO":{"id":"LinkDTO","description":"","required":["@href"],"properties":{"@href":{"type":"string","description":"The location of the referenced object","httpMethods":["GET"],"allowableValues":""}}},"ServiceDTO":{"id":"ServiceDTO","rootElement":"service","description":"","required":["management_domain","uid","device_id","deviceName","application_id","global","comment","display_name","name","id","class_name"],"properties":{"type_on_device":{"type":"string","description":"type on device","allowableValues":""},"management_domain":{"type":"string","description":"management domain ","position":"10","allowableValues":""},"overrides":{"type":"boolean","description":"Original value override, applicable only for Panorama NG","allowableValues":""},"uid":{"type":"string","description":"The uid of the device object","position":"6","allowableValues":""},"device_id":{"type":"integer","format":"int32","description":"The device ID of the device object","position":"6","allowableValues":""},"deviceName":{"type":"string","description":"Device name for device object","position":"9","allowableValues":""},"application_id":{"type":"integer","format":"int64","description":"Application ID of the device object","position":"8","allowableValues":""},"global":{"type":"boolean","description":"Is a global device object","httpMethods":["GET"],"position":"5","allowableValues":""},"comment":{"type":"string","description":"The comment of the device object","httpMethods":["GET","POST","PUT"],"position":"7","allowableValues":""},"display_name":{"type":"string","description":"The display name of the device object","httpMethods":["GET"],"position":"2","allowableValues":""},"name":{"type":"string","description":"The name of the device object","httpMethods":["GET","POST","PUT"],"position":"1","allowableValues":""},"id":{"type":"string","description":"The ID of the device object","httpMethods":["GET","PUT"],"allowableValues":""},"class_name":{"type":"string","description":"The class name of the device object","position":"3","allowableValues":""}},"subTypes":["SingleServiceDTO","ServiceGroupDTO"]},"ServiceGroupDTO":{"id":"ServiceGroupDTO","rootElement":"service","description":"","required":["member","management_domain","uid","device_id","deviceName","application_id","global","comment","display_name","name","id","class_name"],"properties":{"member":{"type":"array","description":"List of references to the service group members","items":{"$ref":"ObjectReferenceDTO"},"httpMethods":["GET","POST","PUT"],"position":"11","allowableValues":""},"type_on_device":{"type":"string","description":"type on device","allowableValues":""},"management_domain":{"type":"string","description":"management domain ","position":"10","allowableValues":""},"overrides":{"type":"boolean","description":"Original value override, applicable only for Panorama NG","allowableValues":""},"uid":{"type":"string","description":"The uid of the device object","position":"6","allowableValues":""},"device_id":{"type":"integer","format":"int32","description":"The device ID of the device object","position":"6","allowableValues":""},"deviceName":{"type":"string","description":"Device name for device object","position":"9","allowableValues":""},"application_id":{"type":"integer","format":"int64","description":"Application ID of the device object","position":"8","allowableValues":""},"global":{"type":"boolean","description":"Is a global device object","httpMethods":["GET"],"position":"5","allowableValues":""},"comment":{"type":"string","description":"The comment of the device object","httpMethods":["GET","POST","PUT"],"position":"7","allowableValues":""},"display_name":{"type":"string","description":"The display name of the device object","httpMethods":["GET"],"position":"2","allowableValues":""},"name":{"type":"string","description":"The name of the device object","httpMethods":["GET","POST","PUT"],"position":"1","allowableValues":""},"id":{"type":"string","description":"The ID of the device object","httpMethods":["GET","PUT"],"allowableValues":""},"class_name":{"type":"string","description":"The class name of the device object","position":"3","allowableValues":""}}},"ObjectReferenceDTO":{"id":"ObjectReferenceDTO","description":"","required":["id"],"properties":{"uid":{"type":"string","description":"The unique identifier of the referenced object","httpMethods":["GET"],"position":"1","allowableValues":""},"member":{"type":"array","description":"List of references to a DM_INLINE group members","items":{"$ref":"ObjectReferenceDTO"},"position":"6","allowableValues":""},"display_name":{"type":"string","description":"The display name of the referenced object","httpMethods":["GET"],"position":"2","allowableValues":""},"link":{"description":"The data structure that contains the href tag, which sets the location of the referenced object in the SecureApp database","$ref":"LinkDTO","httpMethods":["GET"],"position":"5","allowableValues":""},"name":{"type":"string","description":"The name of the referenced object","httpMethods":["GET"],"position":"3","allowableValues":""},"id":{"type":"string","description":"ID","httpMethods":["GET","POST","PUT"],"allowableValues":""},"type":{"type":"string","description":"The type of the referenced object","httpMethods":["GET"],"position":"4","allowableValues":""}}},"SingleServiceDTO":{"id":"SingleServiceDTO","rootElement":"service","description":"","required":["management_domain","uid","device_id","deviceName","application_id","global","comment","display_name","name","id","class_name"],"properties":{"min":{"type":"integer","format":"int32","description":"For IP, TCP and UDP Services: the minimum port number, ICMP Service: the ICMP type number.","httpMethods":["GET","POST","PUT"],"position":"11","allowableValues":""},"negate":{"type":"boolean","description":"Negates the defined port(s), that is: the defined port(s) are ignored, and only all other logs are analyzed.","position":"14","allowableValues":""},"max":{"type":"integer","format":"int32","description":"For IP, TCP and UDP Services: the maximum port number.","httpMethods":["GET","POST","PUT"],"position":"12","allowableValues":""},"timeout":{"type":"string","description":"The timeout value for the service in seconds","httpMethods":["GET","POST","PUT"],"position":"15","allowableValues":"default, never"},"protocol":{"type":"integer","format":"int16","description":"The port number, for IP service: protocol is not specified.","httpMethods":["GET","POST","PUT"],"position":"13","allowableValues":""},"type_on_device":{"type":"string","description":"type on device","allowableValues":""},"management_domain":{"type":"string","description":"management domain ","position":"10","allowableValues":""},"overrides":{"type":"boolean","description":"Original value override, applicable only for Panorama NG","allowableValues":""},"uid":{"type":"string","description":"The uid of the device object","position":"6","allowableValues":""},"device_id":{"type":"integer","format":"int32","description":"The device ID of the device object","position":"6","allowableValues":""},"deviceName":{"type":"string","description":"Device name for device object","position":"9","allowableValues":""},"application_id":{"type":"integer","format":"int64","description":"Application ID of the device object","position":"8","allowableValues":""},"global":{"type":"boolean","description":"Is a global device object","httpMethods":["GET"],"position":"5","allowableValues":""},"comment":{"type":"string","description":"The comment of the device object","httpMethods":["GET","POST","PUT"],"position":"7","allowableValues":""},"display_name":{"type":"string","description":"The display name of the device object","httpMethods":["GET"],"position":"2","allowableValues":""},"name":{"type":"string","description":"The name of the device object","httpMethods":["GET","POST","PUT"],"position":"1","allowableValues":""},"id":{"type":"string","description":"The ID of the device object","httpMethods":["GET","PUT"],"allowableValues":""},"class_name":{"type":"string","description":"The class name of the device object","position":"3","allowableValues":""}}},"Comparator":{"id":"Comparator","description":"","properties":{}}}}