{"apiVersion":"1.0.0","resourcePath":"/Time Objects","apis":[{"path":"/revisions/{id:[0-9]+}/time_objects","operations":[{"baseURL":"/securetrack/api","method":"GET","summary":"Get time objects by revision","notes":"Returns the time objects used in the specified revision.","examples":["https://192.168.1.1/securetrack/api/revisions/785/time_objects"],"position":"1","type":"time_objects","nickname":"getTimeObjects","produces":["application/xml","application/json"],"parameters":[{"name":"context","description":"Global MSSP context","required":false,"type":"integer","format":"int32","paramType":"query","allowMultiple":false,"allowableValues":""},{"name":"id","description":"Revision ID","required":true,"type":"integer","format":"int32","paramType":"path","allowMultiple":false,"allowableValues":""},{"name":"start","description":"Starting page for query allowable value is numeric","required":false,"type":"string","paramType":"query","allowMultiple":false,"allowableValues":""},{"name":"count","description":"Number of pages for query starting from starting page, allowable type is numeric","required":false,"type":"string","paramType":"query","allowMultiple":false,"allowableValues":""}]}]},{"path":"/revisions/{revision_id:[0-9]+}/time_objects/{ids:(([0-9]+,)*[0-9]+|\\*)}","operations":[{"baseURL":"/securetrack/api","method":"GET","summary":"Get specific time object","notes":"Fetches list of time objects by revision ID and rule ID","examples":["https://192.168.1.1/securetrack/api/revisions/7/time_objects/9"],"position":"2","type":"time_objects","nickname":"getSpecificTimeObject","produces":["application/xml","application/json"],"parameters":[{"name":"context","description":"Global MSSP context","required":false,"type":"integer","format":"int32","paramType":"query","allowMultiple":false,"allowableValues":""},{"name":"revision_id","description":"Revision ID","required":true,"type":"integer","format":"int32","paramType":"path","allowMultiple":false,"allowableValues":""},{"name":"ids","description":"Rule IDs","required":true,"type":"string","paramType":"path","allowMultiple":false,"allowableValues":""}]}]},{"path":"/devices/{id:[0-9]+}/time_objects","operations":[{"baseURL":"/securetrack/api","method":"GET","summary":"Get time objects by device","notes":"Returns the time objects used in the specified device.","examples":["https://192.168.1.1/securetrack/api/devices/20/time_objects"],"position":"","type":"time_objects","nickname":"getTimeObjects","produces":["application/xml","application/json"],"parameters":[{"name":"context","description":"Global MSSP context","required":false,"type":"integer","format":"int32","paramType":"query","allowMultiple":false,"allowableValues":""},{"name":"id","description":"Device ID","required":true,"type":"integer","format":"int32","paramType":"path","allowMultiple":false,"allowableValues":""},{"name":"start","description":"Starting page for query allowable values are numeric","required":false,"type":"string","paramType":"query","allowMultiple":false,"allowableValues":""},{"name":"count","description":"Starting page for query allowable values are numeric","required":false,"type":"string","paramType":"query","allowMultiple":false,"allowableValues":""}]}]}],"models":{"TimeDTO":{"id":"TimeDTO","rootElement":"time_object","description":"","required":["month_days","start_period","end_period","uid","global","time_interval","week_days","id","class_name"],"properties":{"month_days":{"type":"string","description":"Relevant days of month for time object","httpMethods":["GET"],"position":"13","allowableValues":""},"start_period":{"type":"string","description":"Start period of time object","httpMethods":["GET"],"position":"15","allowableValues":""},"end_period":{"type":"string","description":"End period of time object","httpMethods":["GET"],"position":"16","allowableValues":""},"uid":{"type":"string","description":"The UID of the time object","httpMethods":["GET"],"position":"10","allowableValues":""},"comments":{"type":"string","description":"The comments of the time object","httpMethods":["GET"],"position":"6","allowableValues":""},"global":{"type":"boolean","description":"Is a global time object","httpMethods":["GET"],"position":"11","allowableValues":""},"time_interval":{"type":"array","description":"Time intervals of time object","items":{"$ref":"TimeIntervalDTO"},"httpMethods":["GET"],"position":"17","allowableValues":""},"week_days":{"type":"string","description":"Relevant week days for time object","httpMethods":["GET"],"position":"12","allowableValues":""},"month":{"type":"string"},"name":{"type":"string","description":"The name of the time object","httpMethods":["GET"],"position":"8","allowableValues":""},"id":{"type":"integer","format":"int64","description":"object id","httpMethods":["GET"],"position":"19","allowableValues":""},"class_name":{"type":"string","description":"class name","httpMethods":["GET"],"position":"18","allowableValues":""}}},"time_objects":{"id":"time_objects","rootElement":"time_objects","required":["time_object"],"properties":{"time_object":{"type":"array","items":{"$ref":"TimeDTO"}}}},"TimeIntervalDTO":{"id":"TimeIntervalDTO","description":"","properties":{"to":{"type":"string","description":"End of time interval","httpMethods":["GET"],"position":"9","allowableValues":""},"from":{"type":"string","description":"Start of time interval","httpMethods":["GET"],"position":"8","allowableValues":""}}}}}