{"apiVersion":"1.0.0","resourcePath":"/Traffic Policy Matcher","apis":[{"path":"/traffic_policy/","operations":[{"baseURL":"/securetrack/api","method":"POST","summary":"Get policy relevance metrics for traffic","notes":"The response lists all the relevant security groups, tags, relevant instances, and count of unrelated instances for each Amazon VPC in the specified traffic path.\u003cbr/\u003eA relevant security group contains at least one instance including either the source or destination IP address.\u003cbr/\u003eAn unrelated instance is included in the security group but not part of the specified traffic path.\u003cbr/\u003eIf context is provided, path will be calculated for the specified domain context, otherwise the default domain context is used. context is used only if MSSP mode is enabled. If MSSP mode is disabled context is ignored.\u003cbr/\u003eTo get the context, call the /domains/ API and use the ID included within the returned domain DTO.","examples":["https://192.168.1.1/securetrack/api/traffic_policy|{\n\t\"relevance_metrics\": {\n\t\t\"source_ips\": {\n\t\t\t\"source\":[\"10.10.253.0/24\", \"172.31.50.99/32\"]\n\t\t},\n\t\t\"dest_ips\": {\n\t\t\t\"dest\": [\"172.31.150.0/24\", \"172.31.50.99/32\"]\n\t\t},\n\t\t\"targets\": {\n\t\t\t\"target\": [4, 10]\n\t\t}\n\t}\n}\n"],"position":"","type":"PolicyRelevanceMetricsForTrafficResponse","nickname":"getPolicyRelevanceMetricsForTraffic","produces":["application/xml","application/json"],"consumes":["application/json","application/xml"],"parameters":[{"name":"context","description":"Global MSSP context","required":false,"type":"integer","format":"int32","paramType":"query","allowMultiple":false,"allowableValues":""},{"name":"body","rootElement":"relevance_metrics","description":"Relevance metrics request","required":true,"type":"RelevanceMetricsRequestDTO","format":"","paramType":"body","allowMultiple":false,"allowableValues":""}],"responseMessages":[{"code":200,"message":"Successful"},{"code":401,"message":"Insufficient user permissions"},{"code":404,"message":"Device not found"},{"code":400,"message":"Invalid parameters"}]}]}],"models":{"VMDTO":{"id":"VMDTO","rootElement":"vm","description":"","required":["ip","display_name","id"],"properties":{"ip":{"type":"array","description":"Virtual machine IP addresses","items":{"type":"String"},"allowableValues":""},"display_name":{"type":"string","description":"Virtual machine display name","allowableValues":""},"id":{"type":"string","description":"Virtual machine UID","allowableValues":""}}},"RelevanceMetricsRequestDTO":{"id":"RelevanceMetricsRequestDTO","rootElement":"relevance_metrics","description":"","required":["target","source","dest"],"properties":{"target":{"type":"array","description":"Calculations target device id","items":{"type":"Integer"},"allowableValues":""},"source":{"type":"array","description":"Source IP addresses","items":{"type":"String"},"allowableValues":""},"dest":{"type":"array","description":"Destination IP addresses","items":{"type":"String"},"allowableValues":""}}},"Map_String_String":{"id":"Map_String_String","rootElement":"Map_String_String","required":["entry"],"properties":{"entry":{"type":"array","items":{"$ref":"Entry_String_String"}}}},"PolicyRelevanceMetricsForTrafficResponse":{"id":"PolicyRelevanceMetricsForTrafficResponse","rootElement":"policy_metrics","description":"","required":["policy_relevance_per_target","policy_relevance_per_target"],"properties":{"policy_relevance_per_target":{"type":"array","description":"Policy relevance data for outgoing traffic","items":{"$ref":"PolicyRelevancePerTargetDTO"},"allowableValues":""}}},"Entry_String_String":{"id":"Entry_String_String","rootElement":"Map_String_String","required":["key","value"],"properties":{"key":{"type":"String","position":"0"},"value":{"type":"String","position":"1"}}},"PolicyRelevanceDTO":{"id":"PolicyRelevanceDTO","rootElement":"policy_relevance","description":"","required":["direction","policy_id","display_name"],"properties":{"relevant_vm_count":{"type":"integer","format":"int32","description":"Count of VMs relevant for the traffic path","allowableValues":""},"irrelevant_vm_count":{"type":"integer","format":"int32","description":"The count of irrelevant VMs for the traffic path that are still covered by the policy","allowableValues":""},"vm":{"type":"array","description":"Virtual machines that are covered by the policy and relevant for the traffic path","items":{"$ref":"VMDTO"},"allowableValues":""},"direction":{"type":"string","description":"Direction of traffic","allowableValues":""},"tags":{"type":"Map_String_String","format":"map","description":"Tags applied to the policy","items":{},"allowableValues":""},"policy_id":{"type":"string","description":"Policy UID","allowableValues":""},"display_name":{"type":"string","description":"Policy display name, depends of policy type","allowableValues":""}}},"PolicyRelevancePerTargetDTO":{"id":"PolicyRelevancePerTargetDTO","rootElement":"policy_relevance_per_target","description":"","required":["policy_relevance","target"],"properties":{"policy_relevance":{"type":"array","description":"Policy relevance data for target security group UID","items":{"$ref":"PolicyRelevanceDTO"},"allowableValues":""},"target":{"type":"integer","format":"int32","description":"Target device id","allowableValues":""}}}}}