{"apiVersion":"1.0.0","resourcePath":"/Unified Security Policy - Security Zone Matrix","apis":[{"path":"/security_policies/{id:[0-9]+}","operations":[{"baseURL":"/securetrack/api","method":"DELETE","summary":"Delete unified security policy","notes":"Delete a Security Policy Matrix","examples":["https://192.168.1.1/securetrack/api/security_policies/1"],"position":"3","type":"void","nickname":"deleteSecurityPolicyMatrix","parameters":[{"name":"context","description":"Returns results for the specified domain ID.","required":false,"type":"integer","format":"int32","paramType":"query","allowMultiple":false,"allowableValues":""},{"name":"id","description":"The unique identifier of the security policy matrix to delete","required":true,"type":"integer","format":"int64","paramType":"path","allowMultiple":false,"allowableValues":""}]}]},{"path":"/security_policies/{id:[0-9]+}/export","operations":[{"baseURL":"/securetrack/api","method":"GET","summary":"Get unified security policy as CSV","notes":"Exports a Security Policy in CSV format","examples":["https://192.168.1.1/securetrack/api/security_policies/1/export"],"position":"1","type":"void","nickname":"exportSecurityPolicy","produces":["text/plain"],"parameters":[{"name":"context","description":"Returns results for the specified domain ID.","required":false,"type":"integer","format":"int32","paramType":"query","allowMultiple":false,"allowableValues":""},{"name":"id","description":"ID of the security policy.","required":false,"type":"integer","format":"int64","paramType":"path","allowMultiple":false,"allowableValues":""}],"responseMessages":[{"code":401,"message":"User not permitted to access the specified domain"},{"code":404,"message":"Security Policy does not exist"}]}]},{"path":"/security_policies/","operations":[{"baseURL":"/securetrack/api","method":"GET","summary":"Get unified security policies","notes":"Fetches the security zone matrices defined under Unified Security Policy.","examples":["https://192.168.1.1/securetrack/api/security_policies"],"position":"","type":"SecurityPolicyListDTO","nickname":"getSecurityPolicies","produces":["application/xml","application/json"],"parameters":[{"name":"context","description":"Returns results for the specified domain ID.","required":false,"type":"integer","format":"int32","paramType":"query","allowMultiple":false,"allowableValues":""}],"responseMessages":[{"code":401,"message":"User not permitted to access the specified domain"}]}]},{"path":"/security_policies/global","operations":[{"baseURL":"/securetrack/api","method":"GET","summary":"Get global unified security policies","notes":"Fetches the global security zone matrices defined under Unified Security Policy.","examples":["https://192.168.1.1/securetrack/api/security_policies/global"],"position":"2","type":"SecurityPolicyListDTO","nickname":"getGlobalSecurityPolicies","produces":["application/xml","application/json"],"parameters":[],"responseMessages":[{"code":401,"message":"User not permitted to access global security policies"}]}]}],"models":{"SecurityZoneMatrixDTO":{"id":"SecurityZoneMatrixDTO","rootElement":"security_zone_matrix","description":"","properties":{"type":{"description":"The type of security policy matrix","$ref":"SecurityPolicyMatrixType","position":"1","allowableValues":""},"domain_name":{"type":"string","description":"The domain name of the security policy matrix","position":"5","allowableValues":""},"domain_id":{"type":"string","description":"The domain ID of the security policy matrix","position":"4","allowableValues":""},"name":{"type":"string","description":"The name of the security policy matrix","position":"3","allowableValues":""},"id":{"type":"integer","format":"int64","description":"The ID of the security policy matrix","position":"2","allowableValues":""}}},"SecurityPolicyMatrixType[]":{"id":"SecurityPolicyMatrixType[]","description":"","properties":{}},"SecurityPolicyListDTO":{"id":"SecurityPolicyListDTO","rootElement":"SecurityPolicyList","description":"","required":["securityPolicy"],"properties":{"securityPolicy":{"type":"array","description":"The list of security policies and their details","items":{"$ref":"SecurityPolicyDTO"},"httpMethods":["GET"],"allowableValues":""}}},"SecurityPolicyMatrixType":{"id":"SecurityPolicyMatrixType","description":"","properties":{"value":{"type":"string","description":"The type of the security policy matrix","allowableValues":""}}},"SecurityPolicyDTO":{"id":"SecurityPolicyDTO","rootElement":"security_policy","description":"","properties":{"domain_name":{"type":"string","description":"The domain name of the security policy matrix","position":"5","allowableValues":""},"domain_id":{"type":"string","description":"The domain ID of the security policy matrix","position":"4","allowableValues":""},"name":{"type":"string","description":"The name of the security policy matrix","position":"3","allowableValues":""},"id":{"type":"integer","format":"int64","description":"The ID of the security policy matrix","position":"2","allowableValues":""}},"subTypes":["SecurityZoneMatrixDTO"]}}}