{"apiVersion":"1.0.0","resourcePath":"/Unified Security Policy - Exceptions","apis":[{"path":"/security_policies/exceptions/matching_rules/{taskId}","operations":[{"baseURL":"/securetrack/api","method":"DELETE","summary":"Cancel Matching rules task","notes":"","examples":["https://192.168.1.1/securetrack/api/security_policies/exceptions/matching_rules/2d8e0a3c-2b07-42b8-b501-336fe74080a3"],"position":"11","type":"void","nickname":"cancel","parameters":[{"name":"taskId","description":"The unique identifier of the matching rules task.","required":true,"type":"string","paramType":"path","allowMultiple":false,"allowableValues":""}],"responseMessages":[{"code":204,"message":"Matching rules task has been aborted successfully."},{"code":401,"message":"User not permitted to Security policy exceptions."},{"code":404,"message":"Matching rules task was not found."}]}]},{"path":"/security_policies/exceptions/matching_rules/status/{taskId}","operations":[{"baseURL":"/securetrack/api","method":"GET","summary":"Get matching rules task status","notes":"","examples":["https://192.168.1.1/securetrack/api/security_policies/exceptions/matching_rules/status/2d8e0a3c-2b07-42b8-b501-336fe74080a3"],"position":"9","type":"void","nickname":"getStatus","produces":["application/json","application/xml"],"parameters":[{"name":"taskId","description":"The unique identifier of the matching rules task.","required":true,"type":"string","paramType":"path","allowMultiple":false,"allowableValues":""}],"responseMessages":[{"code":200,"message":"Matching rules task status was received."},{"code":401,"message":"User not permitted to Security policy exceptions."},{"code":404,"message":"Matching rules task status was not found."}]}]},{"path":"/security_policies/exceptions/{exceptionId:[0-9]+}","operations":[{"baseURL":"/securetrack/api","method":"GET","summary":"Get a specific exception","notes":"Gets a specific exception for unified security policies.","examples":["https://192.168.1.1/securetrack/api/security_policies/exceptions/14"],"position":"4","type":"SecurityPolicyExceptionDTO","nickname":"get","produces":["application/xml","application/json"],"parameters":[{"name":"exceptionId","description":"The ID of the exception to get.","required":true,"type":"integer","format":"int64","paramType":"path","allowMultiple":false,"allowableValues":""},{"name":"context","description":"Global MSSP context","required":false,"type":"integer","format":"int32","paramType":"query","allowMultiple":false,"allowableValues":""}],"responseMessages":[{"code":401,"message":"User not permitted to access the specified domain"},{"code":404,"message":"A security policy exception with the specified ID was not found."}]},{"baseURL":"/securetrack/api","method":"DELETE","summary":"Delete an exception","notes":"Delete the specific unified security policy exceptions","examples":["https://192.168.1.1/securetrack/api/security_policies/exceptions/14"],"position":"7","type":"void","nickname":"delete","produces":["application/xml","application/json"],"parameters":[{"name":"exceptionId","description":"The ID of the exception to delete.","required":true,"type":"integer","format":"int64","paramType":"path","allowMultiple":false,"allowableValues":""}],"responseMessages":[{"code":404,"message":"The security policy with the specified ID does not exist"},{"code":401,"message":"User not permitted to access the specified domain."}]}]},{"path":"/security_policies/exceptions/","operations":[{"baseURL":"/securetrack/api","method":"POST","summary":"Create an exception","notes":"Create an exception for unified security policies.","examples":["https://192.168.1.1/securetrack/api/security_policies/exceptions|\u0026lt;?xml version\u003d\"1.0\" encoding\u003d\"UTF-8\"?\u0026gt;\n\u0026lt;security_policy_exception\u0026gt;\n\t\u0026lt;approved_by\u0026gt;admin\u0026lt;/approved_by\u0026gt;\n\t\u0026lt;created_by\u0026gt;st_user\u0026lt;/created_by\u0026gt;\n\t\u0026lt;creation_date\u0026gt;2015-01-01\u0026lt;/creation_date\u0026gt;\n\t\u0026lt;description\u0026gt;Allow traffic from 192.168.1.1 to 192.168.1.2 on TCP port 4321\u0026lt;/description\u0026gt;\n\t\u0026lt;exempted_traffic_list\u0026gt;\n\t\t\u0026lt;exempted_traffic\u0026gt;\n\t\t\t\u0026lt;comment\u0026gt;Creating USP exception for ticket 123\u0026lt;/comment\u0026gt;\n\t\t\t\u0026lt;dest_network_collection\u0026gt;\n\t\t\t\t\u0026lt;network_items\u0026gt;\n\t\t\t\t\t\u0026lt;network_item xmlns:xsi\u003d\"http://www.w3.org/2001/XMLSchema-instance\" xsi:type\u003d\"subnet\"\u0026gt;\n\t\t\t\t\t\t\u0026lt;ip\u0026gt;192.168.1.2\u0026lt;/ip\u0026gt;\n\t\t\t\t\t\t\u0026lt;netmask\u0026gt;255.255.255.255\u0026lt;/netmask\u0026gt;\n\t\t\t\t\t\u0026lt;/network_item\u0026gt;\n\t\t\t\t\u0026lt;/network_items\u0026gt;\n\t\t\t\u0026lt;/dest_network_collection\u0026gt;\n\t\t\t\u0026lt;security_requirements\u0026gt;\n\t\t\t\t\u0026lt;zone_to_zone_security_requirement\u0026gt;\n\t\t\t\t\t\u0026lt;from_zone\u0026gt;LAN\u0026lt;/from_zone\u0026gt;\n\t\t\t\t\t\u0026lt;policy_name\u0026gt;corporate security policy\u0026lt;/policy_name\u0026gt;\n\t\t\t\t\t\u0026lt;to_zone\u0026gt;DMZ\u0026lt;/to_zone\u0026gt;\n\t\t\t\t\u0026lt;/zone_to_zone_security_requirement\u0026gt;\n\t\t\t\u0026lt;/security_requirements\u0026gt;\n\t\t\t\u0026lt;service_collection\u0026gt;\n\t\t\t\t\u0026lt;service_items\u0026gt;\n\t\t\t\t\t\u0026lt;service_item xmlns:xsi\u003d\"http://www.w3.org/2001/XMLSchema-instance\" xsi:type\u003d\"custom\"\u0026gt;\n\t\t\t\t\t\t\u0026lt;port\u0026gt;4321\u0026lt;/port\u0026gt;\n\t\t\t\t\t\t\u0026lt;protocol\u0026gt;tcp\u0026lt;/protocol\u0026gt;\n\t\t\t\t\t\u0026lt;/service_item\u0026gt;\n\t\t\t\t\t\u0026lt;service_item xmlns:xsi\u003d\"http://www.w3.org/2001/XMLSchema-instance\" xsi:type\u003d\"device_service\"\u0026gt;\n\t\t\t\t\t\t\u0026lt;mgmt_id\u0026gt;1\u0026lt;/mgmt_id\u0026gt;\n\t\t\t\t\t\t\u0026lt;service_uid\u0026gt;{5aa1c104-bd4d-4635-a281-b3a5442639ba}\u0026lt;/service_uid\u0026gt;\n\t\t\t\t\t\u0026lt;/service_item\u0026gt;\n\t\t\t\t\t\u0026lt;service_item xmlns:xsi\u003d\"http://www.w3.org/2001/XMLSchema-instance\" xsi:type\u003d\"predefined\"\u0026gt;\n\t\t\t\t\t\t\u0026lt;predefined_service_name\u0026gt;http\u0026lt;/predefined_service_name\u0026gt;\n\t\t\t\t\t\u0026lt;/service_item\u0026gt;\n\t\t\t\t\t\u0026lt;service_item xmlns:xsi\u003d\"http://www.w3.org/2001/XMLSchema-instance\" xsi:type\u003d\"range_service\"\u0026gt;\n\t\t\t\t\t\t\u0026lt;minProtocol\u0026gt;10\u0026lt;/minProtocol\u0026gt;\n\t\t\t\t\t\t\u0026lt;maxProtocol\u0026gt;20\u0026lt;/maxProtocol\u0026gt;\n\t\t\t\t\t\u0026lt;/service_item\u0026gt;\n\t\t\t\t\u0026lt;/service_items\u0026gt;\n\t\t\t\u0026lt;/service_collection\u0026gt;\n\t\t\t\u0026lt;source_network_collection\u0026gt;\n\t\t\t\t\u0026lt;network_items\u0026gt;\n\t\t\t\t\t\u0026lt;network_item xmlns:xsi\u003d\"http://www.w3.org/2001/XMLSchema-instance\" xsi:type\u003d\"subnet\"\u0026gt;\n\t\t\t\t\t\t\u0026lt;ip\u0026gt;192.168.1.1\u0026lt;/ip\u0026gt;\n\t\t\t\t\t\t\u0026lt;netmask\u0026gt;255.255.255.255\u0026lt;/netmask\u0026gt;\n\t\t\t\t\t\u0026lt;/network_item\u0026gt;\n\t\t\t\t\u0026lt;/network_items\u0026gt;\n\t\t\t\u0026lt;/source_network_collection\u0026gt;\n\t\t\u0026lt;/exempted_traffic\u0026gt;\n\t\u0026lt;/exempted_traffic_list\u0026gt;\n\t\u0026lt;expiration_date\u0026gt;2025-01-01\u0026lt;/expiration_date\u0026gt;\n\t\u0026lt;name\u0026gt;Allow traffic from 192.168.1.1 to 192.168.1.2 on TCP port 4321\u0026lt;/name\u0026gt;\n\t\u0026lt;requested_by\u0026gt;admin\u0026lt;/requested_by\u0026gt;\n\t\u0026lt;ticket_id\u0026gt;123\u0026lt;/ticket_id\u0026gt;\n\u0026lt;/security_policy_exception\u0026gt;"],"position":"5","type":"void","nickname":"create","consumes":["application/xml","application/json"],"parameters":[{"name":"context","description":"Global MSSP context","required":false,"type":"integer","format":"int32","paramType":"query","allowMultiple":false,"allowableValues":""},{"name":"body","rootElement":"security_policy_exception","description":"","required":false,"type":"SecurityPolicyExceptionDTO","format":"","paramType":"body","allowMultiple":false}],"responseMessages":[{"code":400,"message":"The specified network item is not valid."},{"code":400,"message":"The specified zone name does not exist."},{"code":400,"message":"The security policy with the specified name does not exist"},{"code":400,"message":"The security policy \u0027created by\u0027 user is not valid."},{"code":400,"message":"The security policy with the specified name already exists."},{"code":401,"message":"User not permitted to access the specified domain."}]},{"baseURL":"/securetrack/api","method":"GET","summary":"Get all exceptions","notes":"Gets a list of all unified security policy exceptions.","examples":["https://192.168.1.1/securetrack/api/security_policies/exceptions"],"position":"6","type":"SecurityPolicyExceptionListDTO","nickname":"get","produces":["application/xml","application/json"],"parameters":[{"name":"context","description":"Global MSSP context","required":false,"type":"integer","format":"int32","paramType":"query","allowMultiple":false,"allowableValues":""}],"responseMessages":[{"code":401,"message":"User not permitted to access the specified domain"}]}]},{"path":"/security_policies/exceptions/{exceptionId:[0-9]+}/matching_rules/start","operations":[{"baseURL":"/securetrack/api","method":"POST","summary":"Start a task to calculate matching rules for an exception","notes":"Create a calculation task to find matching rules.\u003cbr\u003eThe results will be on the relevant devices for each access.\u003cbr\u003eReturns a task Id that can be used to check the task status and get the task results","examples":["https://192.168.1.1/securetrack/api/security_policies/exceptions/1/matching_rules/start"],"position":"8","type":"void","nickname":"create","consumes":["application/json","application/xml"],"parameters":[{"name":"exceptionId","description":"Security policy Exception ID on which to run the API.","required":true,"type":"integer","format":"int64","paramType":"path","allowMultiple":false,"allowableValues":""}],"responseMessages":[{"code":401,"message":"User not permitted to Security policy exceptions."},{"code":404,"message":"A security policy exception with the specified ID was not found."}]}]},{"path":"/security_policies/exceptions/matching_rules/result/{taskId}","operations":[{"baseURL":"/securetrack/api","method":"GET","summary":"Get matching rules task results","notes":"","examples":["https://192.168.1.1/securetrack/api/security_policies/exceptions/matching_rules/result/2d8e0a3c-2b07-42b8-b501-336fe74080a3"],"position":"10","type":"ExceptionMatchingRulesDTO","nickname":"getResult","produces":["application/json","application/xml"],"parameters":[{"name":"taskId","description":"The unique identifier of the matching rules task.","required":true,"type":"string","paramType":"path","allowMultiple":false,"allowableValues":""}],"responseMessages":[{"code":200,"message":"Matching rules task results were received."},{"code":401,"message":"User not permitted to Security policy exceptions."},{"code":404,"message":"An error occurred during the calculation."},{"code":404,"message":"The calculation for the task has not finished yet."}]}]}],"models":{"subnet":{"id":"subnet","rootElement":"network_item","description":"","required":["ip","netmask","prefix","id"],"properties":{"ip":{"type":"string","description":"The IP address of the subnet query item","allowableValues":""},"netmask":{"type":"string","description":"The network mask of the subnet query item","allowableValues":""},"prefix":{"type":"string","description":"The CIDR prefix length of the subnet query item","allowableValues":""},"id":{"type":"string","description":"The ID of the query item","allowableValues":""}}},"QueryServiceCollectionDTO":{"id":"QueryServiceCollectionDTO","description":"","properties":{"service_item":{"type":"array","items":{"$ref":"QueryServiceItemDTO"}},"negate":{"type":"boolean"},"exclude_any":{"type":"boolean"},"is_any":{"type":"boolean"},"id":{"type":"string"}}},"SecurityRequirementDTO":{"id":"SecurityRequirementDTO","rootElement":"SecurityRequirementDTO","description":"","properties":{},"subTypes":["MatrixRequirementDTO","PCIRequirementDTO"]},"range_network":{"id":"range_network","rootElement":"network_item","description":"","required":["minIp","maxIp","id"],"properties":{"minIp":{"type":"string","description":"The first IP address of the network range query item","allowableValues":""},"maxIp":{"type":"string","description":"The last IP address of the network range query item","allowableValues":""},"id":{"type":"string","description":"The ID of the query item","allowableValues":""}}},"Severity[]":{"id":"Severity[]","description":"","properties":{}},"RuleReferenceDTO":{"id":"RuleReferenceDTO","rootElement":"rule_reference","description":"","properties":{"rule_id":{"type":"integer","format":"int64","description":"The rule ID ","allowableValues":""},"rule_link":{"description":"The location of the rule","$ref":"LinkDTO","httpMethods":["GET"],"position":"1","allowableValues":""}}},"ViolationZoneDTO":{"id":"ViolationZoneDTO","description":"","required":["network","zone_name"],"properties":{"network":{"type":"array","description":"The violating networks that are contained in the zone","items":{"$ref":"PathDTO"},"allowableValues":""},"zone_name":{"type":"string","description":"The name of the zone containing the violation","allowableValues":""}}},"DomainDTO":{"id":"DomainDTO","rootElement":"domain","description":"","required":["name"],"properties":{"description":{"type":"string","description":"The Description","position":"3","allowableValues":""},"address":{"type":"string","description":"The Address","position":"2","allowableValues":""},"name":{"type":"string","description":"The Name","position":"1","allowableValues":""},"id":{"type":"string","description":"The id","allowableValues":""}}},"RulePropertyTypeDTO[]":{"id":"RulePropertyTypeDTO[]","description":"","properties":{}},"QueryNetworkCollectionDTO":{"id":"QueryNetworkCollectionDTO","description":"","properties":{"network_item":{"type":"array","items":{"$ref":"QueryNetworkItemDTO"}},"negate":{"type":"boolean"},"exclude_any":{"type":"boolean"},"is_any":{"type":"boolean"},"id":{"type":"string"}}},"predefined":{"id":"predefined","rootElement":"service_item","description":"","properties":{"predefined_service_range":{"type":"array","items":{"$ref":"QueryPredefinedServiceItemRangeDTO"}},"predefined_service_id":{"type":"integer","format":"int64"},"predefined_service_name":{"type":"string"},"id":{"type":"string"}}},"MatchingRuleDTO":{"id":"MatchingRuleDTO","description":"","properties":{"ruleReference":{"description":"The security rule that is causing the matching","$ref":"RuleReferenceDTO","allowableValues":""},"exempted_violation_instance":{"type":"array","description":"Exempted violations","items":{"$ref":"InstanceViolationDTO"},"allowableValues":""}}},"PathDTO":{"id":"PathDTO","description":"","required":["path"],"properties":{"path":{"type":"array","description":"The path of the violating objects","items":{"type":"String"},"allowableValues":""}}},"SecurityPolicyEntryToExceptionAccessDTO":{"id":"SecurityPolicyEntryToExceptionAccessDTO","description":"","required":["from_zone","to_zone","policy_name"],"properties":{"from_zone":{"type":"string","description":"","allowableValues":""},"to_zone":{"type":"string","description":"","allowableValues":""},"policy_name":{"type":"string","description":"","allowableValues":""},"from_domain":{"type":"string"},"to_domain":{"type":"string"}}},"zone":{"id":"zone","rootElement":"network_item","description":"","required":["domain_name","zone_id","zone_name","id"],"properties":{"domain_name":{"type":"string","description":"The name of the domain for the zone query item","allowableValues":""},"zone_id":{"type":"string","description":"The ID of the zone for the zone query item","allowableValues":""},"zone_name":{"type":"string","description":"The name of the zone for the zone query item","allowableValues":""},"id":{"type":"string","description":"The ID of the query item","allowableValues":""}}},"SecurityPolicyExceptionListDTO":{"id":"SecurityPolicyExceptionListDTO","rootElement":"security_policy_exception_list","description":"","properties":{"security_policy_exception":{"type":"array","items":{"$ref":"SecurityPolicyExceptionDTO"}}}},"TufinTestDTO":{"id":"TufinTestDTO","rootElement":"TufinTestDTO","description":"","required":["mitigation","tufin_test_description"],"properties":{"extra_info":{"type":"string","description":"Long description of the test","allowableValues":""},"mitigation":{"type":"string","description":"Suggested mitigation action for the test","allowableValues":""},"tufin_test_description":{"type":"string","description":"Description of the test","allowableValues":""}}},"FlowTypeDTO[]":{"id":"FlowTypeDTO[]","description":"","properties":{}},"RulePropertyDTO":{"id":"RulePropertyDTO","rootElement":"RulePropertyDTO","description":"","required":["payload","description","type"],"properties":{"payload":{"type":"string","description":"The payload","allowableValues":""},"description":{"type":"string","description":"The type of the rule property","allowableValues":""},"type":{"description":"The type of the rule property","$ref":"RulePropertyTypeDTO","allowableValues":"EXPLICIT_SOURCE,EXPLICIT_DESTINATION,EXPLICIT_SERVICE,HAS_COMMENT,IS_LOGGED,LAST_HIT_WITHIN,SOURCE_MAX_IP,DESTINATION_MAX_IP,SERVICE_MAX_SERVICES"}}},"SecurityPolicyExceptionDTO":{"id":"SecurityPolicyExceptionDTO","rootElement":"security_policy_exception","description":"","required":["expiration_date","name"],"properties":{"expiration_date":{"type":"string","description":"","allowableValues":""},"ticket_id":{"type":"string"},"created_by":{"type":"string"},"approved_by":{"type":"string"},"requested_by":{"type":"string"},"exempted_traffic":{"type":"array","items":{"$ref":"SecurityPolicyExceptionAccessDTO"}},"domain":{"$ref":"DomainDTO"},"description":{"type":"string"},"creation_date":{"type":"string"},"name":{"type":"string","description":"","allowableValues":""},"id":{"type":"string"}}},"device_network":{"id":"device_network","rootElement":"network_item","description":"","required":["network_name","mgmt_id","network_uid","mgmt_name","id"],"properties":{"network_name":{"type":"string","description":"The name of the device query item","allowableValues":""},"mgmt_id":{"type":"string","description":"The management ID of the device query item","allowableValues":""},"network_uid":{"type":"string","description":"The UID of the device query item","allowableValues":""},"mgmt_name":{"type":"string","description":"The management name of the device query item","allowableValues":""},"id":{"type":"string","description":"The ID of the query item","allowableValues":""}}},"QueryPredefinedServiceItemRangeDTO":{"id":"QueryPredefinedServiceItemRangeDTO","rootElement":"predefined_service_range","description":"","properties":{"min":{"type":"integer","format":"int32"},"negate":{"type":"boolean"},"max":{"type":"integer","format":"int32"},"protocol":{"type":"integer","format":"int16"}}},"AccessType":{"id":"AccessType","description":"","properties":{"value":{"type":"string"}}},"RulePropertyViolationDTO":{"id":"RulePropertyViolationDTO","rootElement":"RulePropertyViolationDTO","description":"","required":["type"],"properties":{"type":{"description":"The type of the rule property violation","$ref":"RulePropertyTypeDTO","allowableValues":"EXPLICIT_SOURCE,EXPLICIT_DESTINATION,EXPLICIT_SERVICE,HAS_COMMENT,IS_LOGGED,LAST_HIT_WITHIN,SOURCE_MAX_IP,DESTINATION_MAX_IP,SERVICE_MAX_SERVICES"}}},"Pair":{"id":"Pair","description":"","properties":{"second":{"$ref":"Object"},"first":{"$ref":"Object"}}},"PCIRequirementDTO":{"id":"PCIRequirementDTO","rootElement":"PCIRequirementDTO","description":"","required":["profile_name","description","test_name"],"properties":{"profile_name":{"type":"string","description":"The name of the PCI requirement profile","allowableValues":""},"description":{"type":"string","description":"The description of the PCI requirement","allowableValues":""},"test_name":{"type":"string","description":"The name of the PCI test","allowableValues":""}}},"ViolatingServicesDTO":{"id":"ViolatingServicesDTO","description":"","properties":{"violating_service":{"type":"array","items":{"$ref":"PathDTO"}},"negated":{"type":"boolean"}}},"LinkDTO":{"id":"LinkDTO","description":"","required":["@href"],"properties":{"@href":{"type":"string","description":"The location of the referenced object","httpMethods":["GET"],"allowableValues":""}}},"FlowDTO":{"id":"FlowDTO","rootElement":"FlowDTO","description":"","required":["type"],"properties":{"type":{"description":"The type of the flow","$ref":"FlowTypeDTO","allowableValues":"HOST_TO_HOST,HOST_TO_SUBNET,SUBNET_TO_HOST"}}},"QueryCustomServiceItemProtocolType[]":{"id":"QueryCustomServiceItemProtocolType[]","description":"","properties":{}},"RulePropertyTypeDTO":{"id":"RulePropertyTypeDTO","description":"","properties":{}},"FlowViolatingObjectsDTO":{"id":"FlowViolatingObjectsDTO","description":"","required":["negated","violating_object"],"properties":{"negated":{"type":"boolean","description":"If the flow violating objects are negated","allowableValues":""},"violating_object":{"type":"array","description":"The objects that violate the flow","items":{"$ref":"PathDTO"},"allowableValues":""}}},"QueryNetworkItemDTO":{"id":"QueryNetworkItemDTO","rootElement":"QueryNetworkItemDTO","description":"","required":["id"],"properties":{"id":{"type":"string","description":"The ID of the query item","allowableValues":""}},"subTypes":["zone","subnet","device_network","range_network"]},"custom":{"id":"custom","rootElement":"service_item","description":"","properties":{"protocol":{"type":"string"},"port":{"type":"string"},"id":{"type":"string"}}},"ExceptionAccessMatchingRulesDTO":{"id":"ExceptionAccessMatchingRulesDTO","description":"","properties":{"matching_rules_for_device":{"type":"array","description":"The matching rules","items":{"$ref":"DeviceMatchingRulesDTO"},"allowableValues":""},"exception_access":{"description":"The exception access that is causing the match","$ref":"SecurityPolicyExceptionAccessDTO","allowableValues":""}}},"SecurityPolicyExceptionAccessDTO":{"id":"SecurityPolicyExceptionAccessDTO","description":"","required":["service_collection","source_network_collection","dest_network_collection","zone_to_zone_security_requirement"],"properties":{"service_collection":{"description":"The services of the exception access","$ref":"QueryServiceCollectionDTO","allowableValues":""},"source_network_collection":{"description":"The source networks of the exception access","$ref":"QueryNetworkCollectionDTO","allowableValues":""},"dest_network_collection":{"description":"The destination networks of the exception access","$ref":"QueryNetworkCollectionDTO","allowableValues":""},"zone_to_zone_security_requirement":{"type":"array","description":"","items":{"$ref":"SecurityPolicyEntryToExceptionAccessDTO"},"allowableValues":""},"comment":{"type":"string","description":"The comment for the exception access","allowableValues":""},"status":{"type":"string","description":"The status of the exception access","allowableValues":"valid, invalid"}}},"Severity":{"id":"Severity","description":"","properties":{"display":{"type":"string"},"value":{"type":"string"}}},"ExceptionMatchingRulesDTO":{"id":"ExceptionMatchingRulesDTO","rootElement":"matching_rules_for_exception","description":"","properties":{"matching_rules_for_exception_access":{"type":"array","description":"The rules that match the security policy exception","items":{"$ref":"ExceptionAccessMatchingRulesDTO"},"allowableValues":""}}},"FlowTypeDTO":{"id":"FlowTypeDTO","description":"","required":["description"],"properties":{"description":{"type":"string","description":"The description of the flow type","allowableValues":""}}},"device_service":{"id":"device_service","rootElement":"service_item","description":"","properties":{"service_uid":{"type":"string"},"mgmt_id":{"type":"string"},"mgmt_name":{"type":"string"},"service_name":{"type":"string"},"id":{"type":"string"}}},"QueryServiceItemDTO":{"id":"QueryServiceItemDTO","rootElement":"QueryServiceItemDTO","description":"","properties":{"id":{"type":"string"}},"subTypes":["custom","device_service","predefined","range_service"]},"DeviceMatchingRulesDTO":{"id":"DeviceMatchingRulesDTO","description":"","properties":{"device_id":{"type":"integer","format":"int32","description":"The ID of the device","allowableValues":""},"matching_rule":{"type":"array","description":"The rules that match the security policy exception","items":{"$ref":"MatchingRuleDTO"},"allowableValues":""}}},"MatrixRequirementDTO":{"id":"MatrixRequirementDTO","rootElement":"MatrixRequirementDTO","description":"","required":["from_zone","to_zone","policy_control_name","access_type"],"properties":{"from_zone":{"type":"string","description":"The source zone of the requirement","allowableValues":""},"to_zone":{"type":"string","description":"The destination zone of the requirement","allowableValues":""},"policy_control_name":{"type":"string","description":"The name of the matrix","allowableValues":""},"access_type":{"description":"The access type for the requirement","$ref":"AccessType","allowableValues":"BLOCK_ALL,BLOCK_ONLY,ALLOW_ONLY,ALLOW_ALL"},"rule_property":{"type":"array","description":"The rule properties that are defined for the requirement","items":{"$ref":"RulePropertyDTO"},"allowableValues":""},"flow":{"description":"The flow that is defined for the requirement","$ref":"FlowDTO","allowableValues":""},"allowed_services":{"description":"The services that are allowed by the requirement","$ref":"QueryServiceCollectionDTO","allowableValues":""},"blocked_services":{"description":"The services that are blocked by the requirement","$ref":"QueryServiceCollectionDTO","allowableValues":""}}},"QueryCustomServiceItemProtocolType":{"id":"QueryCustomServiceItemProtocolType","description":"","properties":{"portRange":{"$ref":"Pair"},"value":{"type":"integer","format":"int32"}}},"Object":{"id":"Object","description":"","properties":{}},"AccessType[]":{"id":"AccessType[]","description":"","properties":{}},"InstanceViolationDTO":{"id":"InstanceViolationDTO","description":"","properties":{"sources_in_zone":{"description":"The source zone and network objects that the violation contains","$ref":"ViolationZoneDTO","allowableValues":""},"destinations_in_zone":{"description":"The destination zone and network objects that the violation contains","$ref":"ViolationZoneDTO","allowableValues":""},"security_requirement":{"description":"The security requirement that is being violated","$ref":"SecurityRequirementDTO","allowableValues":""},"violating_services":{"description":"The services that the violation contains","$ref":"ViolatingServicesDTO","allowableValues":""},"tufin_test":{"type":"array","items":{"$ref":"TufinTestDTO"}},"rule_property_violation":{"type":"array","description":"Violations of rule properties","items":{"$ref":"RulePropertyViolationDTO"},"allowableValues":""},"flow_source_violations":{"description":"Sources that violate the flow","$ref":"FlowViolatingObjectsDTO","allowableValues":""},"flow_destination_violations":{"description":"Destinations that violate the flow","$ref":"FlowViolatingObjectsDTO","allowableValues":""},"severity":{"$ref":"Severity"},"creation_date":{"type":"string","description":"Date this violation first occurred","allowableValues":""}}},"range_service":{"id":"range_service","rootElement":"service_item","description":"","properties":{"minProtocol":{"type":"integer","format":"int32"},"maxProtocol":{"type":"integer","format":"int32"},"minPort":{"type":"integer","format":"int32","description":"","httpMethods":["GET"],"allowableValues":""},"maxPort":{"type":"integer","format":"int32","description":"","httpMethods":["GET"],"allowableValues":""},"id":{"type":"string"}}}}}