{"apiVersion":"1.0.0","resourcePath":"/Unified Security Policy - Cloud Tag Policy","apis":[{"path":"/tag_violations/","operations":[{"baseURL":"/securetrack/api","method":"GET","summary":"Get all cloud tag policy violations for a VPC","notes":"Retrieve all cloud tag policy violations for the specified VPC and severity level.","examples":["https://192.168.1.1/securetrack/api/tag_violations?deviceId\u003d123\u0026severity\u003dCRITICAL||\u0026lt;?xml version\u003d\"1.0\" encoding\u003d\"UTF-8\" standalone\u003d\"yes\"?\u0026gt;\n\u0026lt;tag_policy_device_violations\u0026gt;\n\t\u0026lt;violating_resources_count\u0026gt;2\u0026lt;/violating_resources_count\u0026gt;\n\t\u0026lt;device_name\u0026gt;Amazon Test VPC \u0026lt;/device_name\u0026gt;\n\t\u0026lt;severity\u0026gt;critical\u0026lt;/severity\u0026gt;\n\t\u0026lt;violating_resources\u0026gt;\n\t\t\u0026lt;violating_resource\u0026gt;\n\t\t\t\u0026lt;tag_violations\u0026gt;\n\t\t\t\t\u0026lt;tag_violation\u0026gt;\n\t\t\t\t\t\u0026lt;violation_message\u0026gt;Tag \u0027Name\u0027 value \u0027email server\u0027 is not valid. Valid values are [R\u0026amp;D, HR]\u0026lt;/violation_message\u0026gt;\n\t\t\t\t\t\u0026lt;policy_id\u0026gt;tp-100\u0026lt;/policy_id\u0026gt;\n\t\t\t\t\t\u0026lt;policy_name\u0026gt;Tag policy 1\u0026lt;/policy_name\u0026gt;\n\t\t\t\t\t\u0026lt;requirement_name\u0026gt;validValue_constraint2\u0026lt;/requirement_name\u0026gt;\n\t\t\t\t\t\u0026lt;requirement_severity\u0026gt;high\u0026lt;/requirement_severity\u0026gt;\n\t\t\t\t\t\u0026lt;violation_attributes xmlns:xsi\u003d\"http://www.w3.org/2001/XMLSchema-instance\" xsi:type\u003d\"valid_values\"\u0026gt;\n\t\t\t\t\t\t\u0026lt;tag\u0026gt;Name\u0026lt;/tag\u0026gt;\n\t\t\t\t\t\t\u0026lt;valid_values\u0026gt;\n\t\t\t\t\t\t\t\u0026lt;valid_value\u0026gt;R\u0026amp;D\u0026lt;/valid_value\u0026gt;\n\t\t\t\t\t\t\t\u0026lt;valid_value\u0026gt;HR\u0026lt;/valid_value\u0026gt;\n\t\t\t\t\t\t\u0026lt;/valid_values\u0026gt;\n\t\t\t\t\t\t\u0026lt;invalid_value\u0026gt;email server\u0026lt;/invalid_value\u0026gt;\n\t\t\t\t\t\u0026lt;/violation_attributes\u0026gt;\n\t\t\t\t\u0026lt;/tag_violation\u0026gt;\n\t\t\t\u0026lt;/tag_violations\u0026gt;\n\t\t\t\u0026lt;resource_id\u0026gt;i-abc12345\u0026lt;/resource_id\u0026gt;\n\t\t\t\u0026lt;resource_name\u0026gt;email server\u0026lt;/resource_name\u0026gt;\n\t\t\u0026lt;/violating_resource\u0026gt;\n\t\t\u0026lt;violating_resource\u0026gt;\n\t\t\t\u0026lt;tag_violations\u0026gt;\n\t\t\t\t\u0026lt;tag_violation\u0026gt;\n\t\t\t\t\t\u0026lt;violation_message\u0026gt;Tag \u0027Application\u0027 is missing\u0026lt;/violation_message\u0026gt;\n\t\t\t\t\t\u0026lt;policy_id\u0026gt;tp-105\u0026lt;/policy_id\u0026gt;\n\t\t\t\t\t\u0026lt;policy_name\u0026gt;Tag policy 1\u0026lt;/policy_name\u0026gt;\n\t\t\t\t\t\u0026lt;requirement_name\u0026gt;mandatory_constraint1\u0026lt;/requirement_name\u0026gt;\n\t\t\t\t\t\u0026lt;requirement_severity\u0026gt;critical\u0026lt;/requirement_severity\u0026gt;\n\t\t\t\t\t\u0026lt;violation_attributes xmlns:xsi\u003d\"http://www.w3.org/2001/XMLSchema-instance\" xsi:type\u003d\"mandatory_tags\"\u0026gt;\n\t\t\t\t\t\t\u0026lt;missing_tag\u0026gt;Application\u0026lt;/missing_tag\u0026gt;\n\t\t\t\t\t\u0026lt;/violation_attributes\u0026gt;\n\t\t\t\t\u0026lt;/tag_violation\u0026gt;\n\t\t\t\u0026lt;/tag_violations\u0026gt;\n\t\t\t\u0026lt;resource_id\u0026gt;i-12345678\u0026lt;/resource_id\u0026gt;\n\t\t\t\u0026lt;resource_name\u0026gt;Violations tests server\u0026lt;/resource_name\u0026gt;\n\t\t\u0026lt;/violating_resource\u0026gt;\n\t\u0026lt;/violating_resources\u0026gt;\n\u0026lt;/tag_policy_device_violations\u0026gt;"],"position":"1","type":"StTagPolicyViolationsDTO","nickname":"getDeviceViolations","produces":["application/xml","application/json"],"parameters":[{"name":"context","description":"Global MSSP context.","required":false,"type":"integer","format":"int32","paramType":"query","allowMultiple":false,"allowableValues":""},{"name":"deviceId","description":"The device ID for which to get violations","required":true,"type":"integer","format":"int32","paramType":"query","allowMultiple":false,"allowableValues":""},{"name":"severity","description":"Return only violations of this severity","required":true,"type":"string","paramType":"query","allowMultiple":false,"allowableValues":"CRITICAL,HIGH,MEDIUM,LOW"},{"name":"resourceId","description":"The id of the VM instance","required":false,"type":"string","paramType":"query","allowMultiple":false,"allowableValues":""},{"name":"start","description":"Returns the results beginning with the specified result number.","required":false,"type":"string","paramType":"query","allowMultiple":false,"allowableValues":""},{"name":"count","description":"Returns the specified number of results. If this field is not added or if a number greater than 100 is specified, the query uses \"count\u003d100\".","required":false,"type":"string","paramType":"query","allowMultiple":false,"allowableValues":""}],"responseMessages":[{"code":200,"message":"Successful"},{"code":400,"message":"Invalid request"},{"code":401,"message":"Insufficient user permissions"},{"code":404,"message":"A device with the specified ID was not found"}]}]},{"path":"/violation_check/","operations":[{"baseURL":"/securetrack/api","method":"POST","summary":"Check if tags are compliant with cloud tag policies","notes":"Check if the tags of a cloud resource are compliant with the specified cloud tag policy. Specify the tag policy to validate in the TagPolicyViolationsCheckRequestDTO. The tags of a cloud resource are specified as a json object with the attribute \u0027tags\u0027 at the root level. \u0027tags\u0027 attributes can be a list of tag names or a map including both the tag name and value. If no tags are specified or if the tag is specified incorrectly, The compliance check will treat the resource as if it has no tags. If no cloud tag policy violations are found the API returns an empty violations list.","examples":["https://192.168.1.1/securetrack/api/tagpolicy/violation_check?policy_external_id\u003d{policyId} | {\n\t\"type\": \"vm\",\n\t\"name\": \"CRM-FE\",\n\t\"os\": \"ubuntu14.4\",\n\t\"image\": \"AMI-12345\",\n\t\"tags\": {\n\t\t\"Role\": \"webserver\",\n\t\t\"Budget\": \"corporate\",\n\t\t\"Owner\": \"Steve.Smith\"\n\t}\n}"],"position":"5","type":"TagPolicyViolationsResponseDTO","nickname":"checkResourceViolations","produces":["application/json"],"consumes":["application/json"],"parameters":[{"name":"context","description":"Returns results for the specified domain ID","required":false,"type":"integer","format":"int32","paramType":"query","allowMultiple":false,"allowableValues":""},{"name":"policy_external_id","description":"Tag policy external identifier","required":true,"type":"string","paramType":"query","allowMultiple":false,"allowableValues":""},{"name":"body","rootElement":"TagPolicyViolationsCheckRequestDTO","description":"Tag policy violation check request","required":true,"type":"TagPolicyViolationsCheckRequestDTO","format":"","paramType":"body","allowMultiple":false,"allowableValues":""}],"responseMessages":[{"code":200,"message":"Successful"},{"code":400,"message":"Invalid request"},{"code":401,"message":"Insufficient user permissions"},{"code":404,"message":"Resource not found"}]}]},{"path":"/policies/{policyId}","operations":[{"baseURL":"/securetrack/api","method":"GET","summary":"Get cloud tag policy","notes":"This API retrieves the details of the cloud tag policy specified by policyId.\u003cbr\u003e\u003cbr\u003eUser must have admin permissions to the policy affiliated domain. If the return code is not OK, the errorMessage field of the TagPolicyResponseDTO may contain additional details describing the cause of the error.","examples":["https://192.168.1.1/securetrack/api/tagpolicy/policies/{policyId} ||{\n\t\t\"status\": \"OK\",\n\t\t\"result\": [\n\t\t\t\t{\n\t\t\t\t\t\t\"policy_id\": \"tp-101\",\n\t\t\t\t\t\t\"policy_name\": \"myPolicyName\",\n\t\t\t\t\t\t\"requirements\": [\n\t\t\t\t\t\t\t\t{\n\t\t\t\t\t\t\t\t\t\t\"requirement_type\": \"mandatory_tags\",\n\t\t\t\t\t\t\t\t\t\t\"requirement_name\": \"myMandatoryTagsRequirement\",\n\t\t\t\t\t\t\t\t\t\"requirement_severity\": \"CRTICAL\",\n\t\t\t\t\t\t\t\t\t\t\"tags\": [\n\t\t\t\t\t\t\t\t\t\t\t\t\"Owner\",\n\t\t\t\t\t\t\t\t\t\t\t\t\"Name\"\n\t\t\t\t\t\t\t\t\t\t]\n\t\t\t\t\t\t\t\t},\n\t\t\t\t\t\t\t\t{\n\t\t\t\t\t\t\t\t\t\t\"requirement_type\": \"valid_values\",\n\t\t\t\t\t\t\t\t\t\t\"requirement_name\": \"myValidValueRequirement\",\n\t\t\t\t\t\t\t\t\t\"requirement_severity\": \"CRTICAL\",\n\t\t\t\t\t\t\t\t\t\t\"tag\": \"Budget\",\n\t\t\t\t\t\t\t\t\t\t\"values\": [\n\t\t\t\t\t\t\t\t\t\t\t\t\"R\u0026D\",\n\t\t\t\t\t\t\t\t\t\t\t\t\"HR\"\n\t\t\t\t\t\t\t\t\t\t]\n\t\t\t\t\t\t\t\t}\n\t\t\t\t\t\t]\n\t\t\t\t}\n\t\t]\n}"],"position":"2","type":"TagPolicyDetailedResponseDTO","nickname":"get","produces":["application/json"],"consumes":["application/json"],"parameters":[{"name":"context","description":"Returns results for the specified domain ID","required":false,"type":"integer","format":"int32","paramType":"query","allowMultiple":false,"allowableValues":""},{"name":"policyId","description":"cloud tag policy id","required":false,"type":"string","paramType":"path","allowMultiple":false,"allowableValues":""}],"responseMessages":[{"code":200,"message":"Successful"},{"code":400,"message":"Invalid request"},{"code":401,"message":"Insufficient user permissions"},{"code":404,"message":"Resource not found"}]},{"baseURL":"/securetrack/api","method":"PUT","summary":"Replace a cloud tag policy","notes":"Replace the cloud tag policy specified by policyID with the new policy attributes.\u003cbr\u003e\u003cbr\u003eUse PATCH in order to partially modify a policy. If the return code is not OK, the errorMessage field of the TagPolicyResponseDTO may contain additional details describing the cause of the error.","examples":["https://{ip}/securetrack/api/tagpolicy/policies/{policyId} |{\n\t\"policy_name\": \"myPolicyName\",\n\t\"requirements\": [\n\t\t{\n\t\t\t\"requirement_type\": \"mandatory_tags\",\n\t\t\t\"requirement_name\": \"mandatory_requirement1\",\n\t\t\t\"requirement_severity\": \"CRTICAL\",\n\t\t\t\"tags\": [\n\t\t\t\t\"Owner\",\n\t\t\t\t\"Role\"\n\t\t\t]\n\t\t}\n\t]\n}|{\n\t\t\"status\": \"OK\",\n\t\t\"policy_id\": \"tp-123\"\n}"],"position":"3","type":"TagPolicyResponseDTO","nickname":"replace","produces":["application/json"],"consumes":["application/json"],"parameters":[{"name":"context","description":"Replace policy of the specified domain ID","required":false,"type":"integer","format":"int32","paramType":"query","allowMultiple":false,"allowableValues":""},{"name":"policyId","description":"cloud tag policy id","required":false,"type":"string","paramType":"path","allowMultiple":false,"allowableValues":""},{"name":"body","rootElement":"TagPolicyDTO","description":"cloud tag policy dTO","required":false,"type":"TagPolicyDTO","format":"","paramType":"body","allowMultiple":false,"allowableValues":""}]},{"baseURL":"/securetrack/api","method":"PATCH","summary":"Modify a cloud tag policy","notes":"Partially modify a cloud tag policy by stating the modified attributes. Providing requirements replaces the entire list.\u003cbr\u003e\u003cbr\u003eSpecifying an empty requirement list is not permitted. Modify some attributes of the cloud tag policy specified by policyID with the attributes provided. If one or more \"requirement\" objects is provided, the exsiting \"requirement\" objects will be deleted and replaced with the new objetcs. Specifying an empty requirement list is not permitted.If the return code is not OK, the errorMessage field of the TagPolicyResponseDTO may contain additional details describing the cause of the error.","examples":["https://{ip}/securetrack/api/tagpolicy/policies/{policyId} |{\n\t\"policy_name\": \"myPolicyName\",\n\t\"requirements\": [\n\t\t{\n\t\t\t\"requirement_type\": \"mandatory_tags\",\n\t\t\t\"requirement_name\": \"mandatory_requirement1\",\n\t\t\t\"requirement_severity\": \"CRTICAL\",\n\t\t\t\"tags\": [\n\t\t\t\t\"Owner\",\n\t\t\t\t\"Role\"\n\t\t\t]\n\t\t}\n\t]\n}|{\n\t\t\"status\": \"OK\",\n\t\t\"policy_id\": \"tp-123\"\n}"],"position":"4","type":"TagPolicyResponseDTO","nickname":"modify","produces":["application/json"],"consumes":["application/json"],"parameters":[{"name":"context","description":"Rename policy of the specified domain ID","required":false,"type":"integer","format":"int32","paramType":"query","allowMultiple":false,"allowableValues":""},{"name":"policyId","description":"cloud tag policy id","required":false,"type":"string","paramType":"path","allowMultiple":false,"allowableValues":""},{"name":"body","rootElement":"TagPolicyDTO","description":"cloud tag policy dTO","required":false,"type":"TagPolicyDTO","format":"","paramType":"body","allowMultiple":false,"allowableValues":""}],"responseMessages":[{"code":200,"message":"Successful"},{"code":400,"message":"Invalid request"},{"code":401,"message":"Insufficient user permissions"},{"code":404,"message":"Resource not found"}]},{"baseURL":"/securetrack/api","method":"DELETE","summary":"Delete cloud tag policy","notes":"Delete the cloud tag policy specified by policyId.\u003cbr\u003e\u003cbr\u003eIf the return code is not OK, the errorMessage field of the TagPolicyResponseDTO may contain additional details describing the cause of the error.","examples":["https://192.168.1.1/securetrack/api/tagpolicy/policies/{policyId} || {\n\t\t\"status\": \"OK\",\n\t\t\"policy_name\": \"myPolicyName\"\n}"],"position":"4","type":"TagPolicyResponseDTO","nickname":"delete","produces":["application/json"],"consumes":["application/json"],"parameters":[{"name":"context","description":"Delete policy of the specified domain ID","required":false,"type":"integer","format":"int32","paramType":"query","allowMultiple":false,"allowableValues":""},{"name":"policyId","description":"cloud tag policy id","required":false,"type":"string","paramType":"path","allowMultiple":false,"allowableValues":""}],"responseMessages":[{"code":200,"message":"Successful"},{"code":400,"message":"Invalid request"},{"code":401,"message":"Insufficient user permissions"},{"code":404,"message":"Resource not found"}]}]},{"path":"/policies/","operations":[{"baseURL":"/securetrack/api","method":"POST","summary":"Create a cloud tag policy","notes":"Create a new cloud tag policy. The policyName field specified in the TagPolicyDTO must be unique. Define the requirements enforced by the cloud tag policy in the requirements field of the TagPolicyDTO. The supported value for the \"requirement_type\" field are \"mandatory_tags\" and \"valid_values\"If the return code is not OK, the errorMessage field of the TagPolicyResponseDTO may contain additional details describing the cause of the error.","examples":["https://192.168.1.1/securetrack/api/tagpolicy/policies/ | {\n\t\"policy_name\": \"Production-VPC-Tag-Policy\",\n\t\"policy_description\": \"Instances tags in production\",\n\t\"requirements\": [\n\t\t{\n\t\t\t\"requirement_type\": \"mandatory_tags\",\n\t\t\t\"requirement_name\": \"mandatory_financial_tags\",\n\t\t\t\"requirement_severity\": \"HIGH\",\n\t\t\t\"tags\": [\n\t\t\t\t\"Owner\",\n\t\t\t\t\"Budget\"\n\t\t\t]\n\t\t},\n\t\t{\n\t\t\t\"requirement_type\": \"valid_values\",\n\t\t\t\"requirement_name\": \"budget_valid_values\",\n\t\t\t\"requirement_severity\": \"CRITICAL\",\n\t\t\t\"tag\": \"Budget\",\n\t\t\t\"values\": [\n\t\t\t\t\"Corporate\",\n\t\t\t\t\"Dev\"\n\t\t\t]\n\t\t}\n\t]\n}|{\n\t\t\"status\": \"OK\",\n\t\t\"policy_id\": \"tp-123\"\n}"],"position":"","type":"TagPolicyResponseDTO","nickname":"create","produces":["application/json"],"consumes":["application/json"],"parameters":[{"name":"context","description":"Create policy for the specified domain ID","required":false,"type":"integer","format":"int32","paramType":"query","allowMultiple":false,"allowableValues":""},{"name":"body","rootElement":"TagPolicyDTO","description":"cloud tag policy DTO","required":false,"type":"TagPolicyDTO","format":"","paramType":"body","allowMultiple":false,"allowableValues":""}],"responseMessages":[{"code":200,"message":"Successful"},{"code":400,"message":"Invalid request"},{"code":401,"message":"Insufficient user permissions"},{"code":409,"message":"Policy name already exists"}]},{"baseURL":"/securetrack/api","method":"GET","summary":"Get all cloud tag policies","notes":"This API returns the details of all the tag policies.\u003cbr\u003e\u003cbr\u003eResults are filtered according to user domain permissions and request context. If the return code is not OK, the errorMessage field of the TagPolicyResponseDTO may contain additional details describing the cause of the error.","examples":["https://192.168.1.1/securetrack/api/tagpolicy/policies/ ||{\n\t\t\"status\": \"OK\",\n\t\t\"result\": [\n\t\t\t\t{\n\t\t\t\t\t\t\"policy_id\": \"tp-101\",\n\t\t\t\t\t\t\"policy_name\": \"myPolicy1\",\n\t\t\t\t\t\t\"requirements\": [\n\t\t\t\t\t\t\t\t{\n\t\t\t\t\t\t\t\t\t\t\"requirement_type\": \"mandatory_tags\",\n\t\t\t\t\t\t\t\t\t\t\"requirement_name\": \"myMandatoryRequirement\",\n\t\t\t\t\t\t\t\t\t\t\"requirement_severity\": \"HIGH\",\n\t\t\t\t\t\t\t\t\t\t\"tags\": [\n\t\t\t\t\t\t\t\t\t\t\t\t\"Owner\",\n\t\t\t\t\t\t\t\t\t\t\t\t\"Name\"\n\t\t\t\t\t\t\t\t\t\t]\n\t\t\t\t\t\t\t\t},\n\t\t\t\t\t\t\t\t{\n\t\t\t\t\t\t\t\t\t\t\"requirement_type\": \"valid_values\",\n\t\t\t\t\t\t\t\t\t\t\"requirement_name\": \"myValidValueRequirement\",\n\t\t\t\t\t\t\t\t\t\t\"requirement_severity\": \"CRTICAL\",\n\t\t\t\t\t\t\t\t\t\t\"tag\": \"Budget\",\n\t\t\t\t\t\t\t\t\t\t\"values\": [\n\t\t\t\t\t\t\t\t\t\t\t\t\"R\u0026D\",\n\t\t\t\t\t\t\t\t\t\t\t\t\"HR\"\n\t\t\t\t\t\t\t\t\t\t]\n\t\t\t\t\t\t\t\t}\n\t\t\t\t\t\t]\n\t\t\t\t},\n\t\t\t\t{\n\t\t\t\t\t\t\"policy_id\": \"tp-102\",\n\t\t\t\t\t\t\"policy_name\": \"myPolicy2\",\n\t\t\t\t\t\t\"requirements\": [\n\t\t\t\t\t\t\t\t{\n\t\t\t\t\t\t\t\t\t\t\"requirement_type\": \"mandatory_tags\",\n\t\t\t\t\t\t\t\t\t\t\"requirement_name\": \"myMandatoryRequirement\",\n\t\t\t\t\t\t\t\t\t\t\"requirement_severity\": \"HIGH\",\n\t\t\t\t\t\t\t\t\t\t\"tags\": [\n\t\t\t\t\t\t\t\t\t\t\t\t\"Owner\"\n\t\t\t\t\t\t\t\t\t\t]\n\t\t\t\t\t\t\t\t},\n\t\t\t\t\t\t\t\t{\n\t\t\t\t\t\t\t\t\t\t\"requirement_type\": \"valid_values\",\n\t\t\t\t\t\t\t\t\t\t\"requirement_name\": \"myValidValueRequirement\",\n\t\t\t\t\t\t\t\t\t\t\"requirement_severity\": \"CRTICAL\",\n\t\t\t\t\t\t\t\t\t\t\"tag\": \"Budget\",\n\t\t\t\t\t\t\t\t\t\t\"values\": [\n\t\t\t\t\t\t\t\t\t\t\t\t\"R\u0026D\",\n\t\t\t\t\t\t\t\t\t\t\t\t\"HR\"\n\t\t\t\t\t\t\t\t\t\t]\n\t\t\t\t\t\t\t\t}\n\t\t\t\t\t\t]\n\t\t\t\t}\n\t\t]\n}"],"position":"1","type":"TagPolicyDetailedResponseDTO","nickname":"getAll","produces":["application/json"],"consumes":["application/json"],"parameters":[{"name":"context","description":"Returns results for the specified domain ID","required":false,"type":"integer","format":"int32","paramType":"query","allowMultiple":false,"allowableValues":""}],"responseMessages":[{"code":200,"message":"Successful"},{"code":400,"message":"Invalid request"},{"code":401,"message":"Insufficient user permissions"}]}]}],"models":{"mandatory_tags_violation":{"id":"mandatory_tags_violation","rootElement":"StMissingMandatoryTagViolationDTO","description":"","required":["policy_name","violation_attributes","requirement_severity","requirement_name","policy_id","violation_message"],"properties":{"policy_name":{"type":"string","description":"Tag policy name","allowableValues":""},"violation_attributes":{"description":"Violation tag attributes. This value depends on tag policy requirement type","$ref":"StTagPolicyViolationAttributesDTO","allowableValues":""},"requirement_severity":{"type":"string","description":"Tag policy requirement severity","allowableValues":""},"requirement_name":{"type":"string","description":"Tag policy requirement name","allowableValues":""},"policy_id":{"type":"string","description":"Tag policy identifier","allowableValues":""},"violation_message":{"type":"string","description":"Violation message","allowableValues":""}}},"TagPolicyRequirementSeverity[]":{"id":"TagPolicyRequirementSeverity[]","description":"","properties":{}},"StTagPolicyViolationAttributesDTO":{"id":"StTagPolicyViolationAttributesDTO","description":"","properties":{},"subTypes":["valid_values","mandatory_tags"]},"MandatoryTagPolicyRequirementDTO":{"id":"MandatoryTagPolicyRequirementDTO","description":"","required":["tags","requirement_type","requirement_name"],"properties":{"tags":{"type":"array","description":"Tags list","items":{"type":"String"},"allowableValues":""},"requirement_type":{"type":"string","description":"Tag policy requirement type","allowableValues":"mandatory_tags"},"requirement_severity":{"description":"Tag policy requirement severity level","$ref":"TagPolicyRequirementSeverity","allowableValues":"CRITICAL,HIGH,MEDIUM,LOW"},"requirement_name":{"type":"string","description":"Tag policy requirement name","allowableValues":""},"requirement_description":{"type":"string","description":"Tag policy requirement description","allowableValues":""}}},"ValidValuesTagPolicyRequirementDTO":{"id":"ValidValuesTagPolicyRequirementDTO","description":"","required":["values","requirement_type","tag","requirement_name"],"properties":{"values":{"type":"array","description":"List of valid values for given tag name","items":{"type":"String"},"allowableValues":""},"requirement_type":{"type":"string","description":"Tag policy requirement type","allowableValues":"valid_values"},"tag":{"type":"string","description":"Tag name","allowableValues":""},"requirement_severity":{"description":"Tag policy requirement severity level","$ref":"TagPolicyRequirementSeverity","allowableValues":"CRITICAL,HIGH,MEDIUM,LOW"},"requirement_name":{"type":"string","description":"Tag policy requirement name","allowableValues":""},"requirement_description":{"type":"string","description":"Tag policy requirement description","allowableValues":""}}},"TagPolicyViolationsCheckRequestDTO":{"id":"TagPolicyViolationsCheckRequestDTO","rootElement":"TagPolicyViolationsCheckRequestDTO","description":"","required":["tagPolicyResource"],"properties":{"tagPolicyResource":{"description":"Tag policy resource JSON that contains \"tags\" field","$ref":"TagPolicyResource","allowableValues":""}}},"valid_values":{"id":"valid_values","rootElement":"StInvalidTagValueViolationAttributesDTO","description":"","required":["valid_value","tag","invalid_value"],"properties":{"valid_value":{"type":"array","description":"Tag valid values","items":{"type":"String"},"allowableValues":""},"tag":{"type":"string","description":"Tag name","allowableValues":""},"invalid_value":{"type":"string","description":"Tag violated value","allowableValues":""}}},"TagPolicyDetailedResponseDTO":{"id":"TagPolicyDetailedResponseDTO","rootElement":"TagPolicyDetailedResponseDTO","description":"","required":["status"],"properties":{"tagPolicyDTO":{"type":"array","items":{"$ref":"TagPolicyDTO"}},"errorMessage":{"type":"string"},"status":{"type":"string","description":"Response status","allowableValues":""}}},"valid_values_violation":{"id":"valid_values_violation","rootElement":"StInvalidTagValueViolationDTO","description":"","required":["policy_name","violation_attributes","requirement_severity","requirement_name","policy_id","violation_message"],"properties":{"policy_name":{"type":"string","description":"Tag policy name","allowableValues":""},"violation_attributes":{"description":"Violation tag attributes. This value depends on tag policy requirement type","$ref":"StTagPolicyViolationAttributesDTO","allowableValues":""},"requirement_severity":{"type":"string","description":"Tag policy requirement severity","allowableValues":""},"requirement_name":{"type":"string","description":"Tag policy requirement name","allowableValues":""},"policy_id":{"type":"string","description":"Tag policy identifier","allowableValues":""},"violation_message":{"type":"string","description":"Violation message","allowableValues":""}}},"StTagPolicyViolationDTO":{"id":"StTagPolicyViolationDTO","description":"","required":["policy_name","violation_attributes","requirement_severity","requirement_name","policy_id","violation_message"],"properties":{"policy_name":{"type":"string","description":"Tag policy name","allowableValues":""},"violation_attributes":{"description":"Violation tag attributes. This value depends on tag policy requirement type","$ref":"StTagPolicyViolationAttributesDTO","allowableValues":""},"requirement_severity":{"type":"string","description":"Tag policy requirement severity","allowableValues":""},"requirement_name":{"type":"string","description":"Tag policy requirement name","allowableValues":""},"policy_id":{"type":"string","description":"Tag policy identifier","allowableValues":""},"violation_message":{"type":"string","description":"Violation message","allowableValues":""}},"subTypes":["valid_values_violation","mandatory_tags_violation"]},"Logger":{"id":"Logger","description":"","properties":{}},"TagPolicyRequirementDTO":{"id":"TagPolicyRequirementDTO","description":"","required":["requirement_name"],"properties":{"requirement_severity":{"description":"Tag policy requirement severity level","$ref":"TagPolicyRequirementSeverity","allowableValues":"CRITICAL,HIGH,MEDIUM,LOW"},"requirement_name":{"type":"string","description":"Tag policy requirement name","allowableValues":""},"requirement_description":{"type":"string","description":"Tag policy requirement description","allowableValues":""}},"subTypes":["MandatoryTagPolicyRequirementDTO","ValidValuesTagPolicyRequirementDTO"]},"InvalidTagValueViolationAttributesDTO":{"id":"InvalidTagValueViolationAttributesDTO","rootElement":"invalid_tag_value_attributes","description":"","required":["valid_value","tag","invalid_value"],"properties":{"valid_value":{"type":"array","description":"Tag valid values","items":{"type":"String"},"allowableValues":""},"tag":{"type":"string","description":"Tag name","allowableValues":""},"invalid_value":{"type":"string","description":"Tag violated value","allowableValues":""}}},"TagPolicyDTO":{"id":"TagPolicyDTO","rootElement":"TagPolicyDTO","description":"","required":["policy_name","requirements"],"properties":{"requirements_last_modify_time":{"type":"string","format":"date-time","description":"Tag policy requirements last modify time","allowableValues":""},"policy_id":{"type":"string","description":"Tag policy external ID","allowableValues":""},"policy_name":{"type":"string","description":"Tag policy name","allowableValues":""},"requirements":{"type":"array","description":"Tag policy requirements list","items":{"$ref":"TagPolicyRequirementDTO"},"allowableValues":""},"policy_description":{"type":"string","description":"Tag policy description","allowableValues":""},"context":{"type":"integer","format":"int32","description":"Tag policy context","allowableValues":""}}},"StViolatingResourceDTO":{"id":"StViolatingResourceDTO","rootElement":"violating_resource","description":"","required":["resource_id","tag_violation","resource_name"],"properties":{"resource_id":{"type":"string","description":"Tag policy violating resource identifier","allowableValues":""},"tag_violation":{"type":"array","description":"Tag policy violations for resource","items":{"$ref":"StTagPolicyViolationDTO"},"allowableValues":""},"resource_name":{"type":"string","description":"Tag policy violating resource name","allowableValues":""}}},"TagPolicyResponseDTO":{"id":"TagPolicyResponseDTO","rootElement":"TagPolicyResponseDTO","description":"","required":["status"],"properties":{"externalId":{"type":"string"},"policyName":{"type":"string"},"errorMessage":{"type":"string"},"status":{"type":"string","description":"Response status","allowableValues":""}}},"TagPolicyViolationAttributesDTO":{"id":"TagPolicyViolationAttributesDTO","description":"","properties":{},"subTypes":["InvalidTagValueViolationAttributesDTO","MandatoryTagMissingViolationAttributesDTO"]},"StTagPolicyViolationsDTO":{"id":"StTagPolicyViolationsDTO","rootElement":"tag_policy_device_violations","description":"","required":["device_name","violating_resource","violating_resources_count","severity"],"properties":{"device_name":{"type":"string","description":"Device name","allowableValues":""},"violating_resource":{"type":"array","description":"Tag policy violating resources","items":{"$ref":"StViolatingResourceDTO"},"allowableValues":""},"violating_resources_count":{"type":"integer","format":"int32","description":"Tag policy violating resources count","allowableValues":""},"severity":{"type":"string","description":"Tag policy violating resources severity","allowableValues":""}}},"TagPolicyViolationsResponseDTO":{"id":"TagPolicyViolationsResponseDTO","rootElement":"TagPolicyViolationsResponseDTO","description":"","required":["violations","status"],"properties":{"violations":{"type":"array","description":"Tag policy violations list","items":{"$ref":"TagPolicyViolationDTO"},"allowableValues":""},"errorMessage":{"type":"string"},"status":{"type":"string","description":"Response status","allowableValues":""}}},"mandatory_tags":{"id":"mandatory_tags","rootElement":"StMandatoryTagMissingViolationAttributesDTO","description":"","required":["missing_tag"],"properties":{"missing_tag":{"type":"string","description":"Missing mandatory tag","allowableValues":""}}},"TagPolicyResource":{"id":"TagPolicyResource","description":"","properties":{}},"MandatoryTagMissingViolationAttributesDTO":{"id":"MandatoryTagMissingViolationAttributesDTO","rootElement":"mandatory_tag_missing_attributes","description":"","required":["missing_tag"],"properties":{"missing_tag":{"type":"string","description":"Missing mandatory tag","allowableValues":""}}},"TagPolicyRequirementSeverity":{"id":"TagPolicyRequirementSeverity","description":"","properties":{"value":{"type":"string"}}},"TagPolicyViolationDTO":{"id":"TagPolicyViolationDTO","description":"","required":["policy_name","violation_attributes","requirement_name","policy_id","violation_message"],"properties":{"policy_name":{"type":"string","description":"Tag policy name","allowableValues":""},"violation_attributes":{"description":"Violation tag attributes. This value depends on tag policy requirement type","$ref":"TagPolicyViolationAttributesDTO","allowableValues":""},"requirement_severity":{"$ref":"TagPolicyRequirementSeverity"},"requirement_name":{"type":"string","description":"Tag policy requirement name","allowableValues":""},"policy_id":{"type":"string","description":"Tag policy identifier","allowableValues":""},"violation_message":{"type":"string","description":"Violation message","allowableValues":""}}}}}