{"apiVersion":"1.0.0","resourcePath":"/Unified Security Policy - Access Request Violations","apis":[{"path":"/violations/access_requests/status/{taskId}","operations":[{"baseURL":"/securetrack/api","method":"GET","summary":"Get violation task status","notes":"Get access requests violations task status.","examples":["https://192.168.1.1/securetrack/api/violations/access_requests/status/2d8e0a3c-2b07-42b8-b501-336fe74080a3"],"position":"2","type":"void","nickname":"checkProgress","produces":["application/json","application/xml"],"parameters":[{"name":"taskId","description":"The unique identifier of the access request violations task.","required":true,"type":"string","paramType":"path","allowMultiple":false,"allowableValues":""}],"responseMessages":[{"code":200,"message":"Access request violations task status was received."},{"code":401,"message":"Access is denied."},{"code":404,"message":"Access request violations task status was not found."}]}]},{"path":"/violations/access_requests/sync","operations":[{"baseURL":"/securetrack/api","method":"POST","summary":"Get violations for an access request","notes":"Calculate the violations for the given access request.\u003cbr\u003eNote: this API may take a while to complete.\u003cbr\u003eSee the asynchronous API /violations/access_request/task as an alternative.","examples":["https://192.168.1.1/securetrack/api/violations/access_requests/sync?use_topology\u003dfalse\u0026ar_domain_mode\u003dfalse|\u0026lt;access_requests\u0026gt;\n\t\u0026lt;access_request\u0026gt;\n\t    \u0026lt;use_topology\u0026gt;false\u0026lt;/use_topology\u0026gt;\n\t    \u0026lt;access_request_order\u0026gt;0\u0026lt;/access_request_order\u0026gt;\n\t    \u0026lt;access_request_source xsi:type\u003d\"internet\" xmlns:xsi\u003d\"http://www.w3.org/2001/XMLSchema-instance\"/\u0026gt;\n\t    \u0026lt;access_request_destination xsi:type\u003d\"ip_network\" xmlns:xsi\u003d\"http://www.w3.org/2001/XMLSchema-instance\"\u0026gt;\n\t\t        \u0026lt;network xsi:type\u003d\"raw_network_subnet\"\u0026gt;\n\t\t            \u0026lt;negate\u0026gt;false\u0026lt;/negate\u0026gt;\n\t\t            \u0026lt;ip\u0026gt;10.100.0.1\u0026lt;/ip\u0026gt;\n\t\t            \u0026lt;mask\u0026gt;255.255.255.255\u0026lt;/mask\u0026gt;\n\t\t       \u0026lt;/network\u0026gt;\n\t    \u0026lt;/access_request_destination\u0026gt;\n\t    \u0026lt;access_request_service xsi:type\u003d\"implicit_service\" xmlns:xsi\u003d\"http://www.w3.org/2001/XMLSchema-instance\"\u0026gt;\n\t\t        \u0026lt;name\u0026gt;ssh\u0026lt;/name\u0026gt;\n\t\t        \u0026lt;service\u0026gt;\n\t\t\t           \u0026lt;predefined\u0026gt;true\u0026lt;/predefined\u0026gt;\n\t\t\t            \u0026lt;min_protocol\u0026gt;6\u0026lt;/min_protocol\u0026gt;\n\t\t\t            \u0026lt;max_protocol\u0026gt;6\u0026lt;/max_protocol\u0026gt;\n\t\t\t            \u0026lt;min_port\u0026gt;22\u0026lt;/min_port\u0026gt;\n\t\t\t            \u0026lt;max_port\u0026gt;22\u0026lt;/max_port\u0026gt;\n\t\t\t            \u0026lt;negate\u0026gt;false\u0026lt;/negate\u0026gt;\n\t\t        \u0026lt;/service\u0026gt;\n\t    \u0026lt;/access_request_service\u0026gt;\n\t    \u0026lt;action\u0026gt;ACCEPT\u0026lt;/action\u0026gt;\n\t\u0026lt;/access_request\u0026gt;\n\u0026lt;/access_requests\u0026gt;\n"],"position":"","type":"SecurityPolicyViolationsForMultiArDTO","nickname":"findViolations","produces":["application/xml","application/json"],"consumes":["application/json","application/xml"],"parameters":[{"name":"body","rootElement":"access_requests","description":"AccessRequestListDTO","required":true,"type":"AccessRequestListDTO","format":"","paramType":"body","allowMultiple":false,"allowableValues":""},{"name":"use_topology","description":"Use topology to determine access request domains.","required":false,"type":"boolean","paramType":"query","allowMultiple":false,"allowableValues":""},{"name":"ar_domain_mode","description":"The access request supports multiple domains.","required":false,"type":"boolean","paramType":"query","allowMultiple":false,"allowableValues":""}],"responseMessages":[{"code":200,"message":"Access request violations were calculated."},{"code":400,"message":"Access request order is not unique."},{"code":400,"message":"Domain cannot be specified when domain mode is false."},{"code":400,"message":"Cannot specify both ticket domain id and source and destination domains."},{"code":400,"message":"No domain specified in MSSP mode."},{"code":400,"message":"Domain does not exist."},{"code":400,"message":"Access request is malformed."},{"code":400,"message":"No valid access requests (Access requests cannot have topology enabled and the Internet object in the Source/Destination)."},{"code":401,"message":"Access is denied."}]}]},{"path":"/violations/access_requests/task/{taskId}","operations":[{"baseURL":"/securetrack/api","method":"DELETE","summary":"Cancel violation task","notes":"Delete an access request violations task.","examples":["https://192.168.1.1/securetrack/api/violations/access_requests/task/2d8e0a3c-2b07-42b8-b501-336fe74080a3"],"position":"4","type":"void","nickname":"cancel","parameters":[{"name":"taskId","description":"The unique identifier of the access request violations task.","required":true,"type":"string","paramType":"path","allowMultiple":false,"allowableValues":""}],"responseMessages":[{"code":204,"message":"Access request violations task has been aborted successfully."},{"code":401,"message":"Access is denied."},{"code":404,"message":"Access request violations task was not found."}]}]},{"path":"/violations/access_requests/task","operations":[{"baseURL":"/securetrack/api","method":"POST","summary":"Start a task to calculate violations for an access request","notes":"Create a calculation task to find access requests violations.\u003cbr\u003eReturns a task Id that can be used to check the task status and get the task results","examples":["https://192.168.1.1/securetrack/api/violations/access_requests/task?use_topology\u003dfalse\u0026ar_domain_mode\u003dfalse|\u0026lt;access_requests\u0026gt;\n\t\u0026lt;access_request\u0026gt;\n\t    \u0026lt;use_topology\u0026gt;false\u0026lt;/use_topology\u0026gt;\n\t    \u0026lt;access_request_order\u0026gt;0\u0026lt;/access_request_order\u0026gt;\n\t    \u0026lt;access_request_source xsi:type\u003d\"internet\" xmlns:xsi\u003d\"http://www.w3.org/2001/XMLSchema-instance\"/\u0026gt;\n\t    \u0026lt;access_request_destination xsi:type\u003d\"ip_network\" xmlns:xsi\u003d\"http://www.w3.org/2001/XMLSchema-instance\"\u0026gt;\n\t\t        \u0026lt;network xsi:type\u003d\"raw_network_subnet\"\u0026gt;\n\t\t            \u0026lt;negate\u0026gt;false\u0026lt;/negate\u0026gt;\n\t\t            \u0026lt;ip\u0026gt;10.100.0.1\u0026lt;/ip\u0026gt;\n\t\t            \u0026lt;mask\u0026gt;255.255.255.255\u0026lt;/mask\u0026gt;\n\t\t       \u0026lt;/network\u0026gt;\n\t    \u0026lt;/access_request_destination\u0026gt;\n\t    \u0026lt;access_request_service xsi:type\u003d\"implicit_service\" xmlns:xsi\u003d\"http://www.w3.org/2001/XMLSchema-instance\"\u0026gt;\n\t\t        \u0026lt;name\u0026gt;ssh\u0026lt;/name\u0026gt;\n\t\t        \u0026lt;service\u0026gt;\n\t\t\t           \u0026lt;predefined\u0026gt;true\u0026lt;/predefined\u0026gt;\n\t\t\t            \u0026lt;min_protocol\u0026gt;6\u0026lt;/min_protocol\u0026gt;\n\t\t\t            \u0026lt;max_protocol\u0026gt;6\u0026lt;/max_protocol\u0026gt;\n\t\t\t            \u0026lt;min_port\u0026gt;22\u0026lt;/min_port\u0026gt;\n\t\t\t            \u0026lt;max_port\u0026gt;22\u0026lt;/max_port\u0026gt;\n\t\t\t            \u0026lt;negate\u0026gt;false\u0026lt;/negate\u0026gt;\n\t\t        \u0026lt;/service\u0026gt;\n\t    \u0026lt;/access_request_service\u0026gt;\n\t    \u0026lt;action\u0026gt;ACCEPT\u0026lt;/action\u0026gt;\n\t\u0026lt;/access_request\u0026gt;\n\u0026lt;/access_requests\u0026gt;\n"],"position":"1","type":"void","nickname":"create","consumes":["application/json","application/xml"],"parameters":[{"name":"body","rootElement":"access_requests","description":"","required":false,"type":"AccessRequestListDTO","format":"","paramType":"body","allowMultiple":false},{"name":"use_topology","description":"Use topology to determine access request domains.","required":false,"type":"boolean","paramType":"query","allowMultiple":false,"allowableValues":""},{"name":"ar_domain_mode","description":"The access request uses resources from multiple domains.","required":false,"type":"boolean","paramType":"query","allowMultiple":false,"allowableValues":""}],"responseMessages":[{"code":202,"message":"Access request violations task was accepted."},{"code":400,"message":"Access request order is not unique."},{"code":400,"message":"Domain cannot be specified when domain mode is false."},{"code":400,"message":"Cannot specify both ticket domain id and source and destination domains."},{"code":400,"message":"No domain specified in MSSP mode."},{"code":400,"message":"Domain does not exist."},{"code":400,"message":"Access request is malformed."},{"code":400,"message":"No valid access requests (Access requests cannot have topology enabled and the Internet object in the Source/Destination)"},{"code":400,"message":"No network source were specified."},{"code":400,"message":"No network destination were specified."},{"code":401,"message":"Access is denied."},{"code":503,"message":"Access request violations task was rejected."}]}]},{"path":"/violations/access_requests/result/{taskId}","operations":[{"baseURL":"/securetrack/api","method":"GET","summary":"Get violation task results","notes":"Get result of access requests violations task.","examples":["https://192.168.1.1/securetrack/api/violations/access_requests/result/2d8e0a3c-2b07-42b8-b501-336fe74080a3"],"position":"3","type":"SecurityPolicyViolationsForMultiArDTO","nickname":"getResult","produces":["application/json","application/xml"],"parameters":[{"name":"taskId","description":"The unique identifier of the access request violations task.","required":true,"type":"string","paramType":"path","allowMultiple":false,"allowableValues":""}],"responseMessages":[{"code":200,"message":"Access request violations task results were received."},{"code":401,"message":"Access is denied."},{"code":404,"message":"An error occurred during the calculation."},{"code":404,"message":"The calculation for the task has not finished yet."}]}]}],"models":{"block_only_matrix_cell_violation":{"id":"block_only_matrix_cell_violation","rootElement":"block_only_matrix_cell_violation","description":"","properties":{"blocked_service":{"type":"array","description":"The list of allowed services","items":{"$ref":"ServiceInViolationDTO"},"allowableValues":""},"not_blocked_service":{"type":"array","description":"The list of violating services","items":{"$ref":"ServiceInViolationDTO"},"allowableValues":""},"flow":{"description":"The type of the flow","$ref":"FlowDTO","allowableValues":"HOST_TO_HOST, HOST_TO_SUBNET, SUBNET_TO_HOST"},"flow_source":{"type":"array","description":"Sources that violate the flow","items":{"$ref":"NetworkObjectInViolationDTO"},"allowableValues":""},"flow_destination":{"type":"array","description":"Destinations that violate the flow","items":{"$ref":"NetworkObjectInViolationDTO"},"allowableValues":""},"from_zone":{"description":"The source zone","$ref":"ZoneOtherDTO","position":"1","allowableValues":""},"to_zone":{"description":" The destination zone","$ref":"ZoneOtherDTO","position":"2","allowableValues":""},"source_network":{"type":"array","description":"The source network objects","items":{"$ref":"NetworkObjectInViolationDTO"},"position":"3","allowableValues":""},"destination_network":{"type":"array","description":"The destination network objects","items":{"$ref":"NetworkObjectInViolationDTO"},"position":"4","allowableValues":""},"type":{"type":"string"}},"subTypes":["RestrictedCellDTO"]},"SecurityZoneMatrixDTO":{"id":"SecurityZoneMatrixDTO","rootElement":"security_zone_matrix","description":"","properties":{"type":{"description":"The type of security policy matrix","$ref":"SecurityPolicyMatrixType","position":"1","allowableValues":""},"domain_name":{"type":"string","description":"The domain name of the security policy matrix","position":"5","allowableValues":""},"domain_id":{"type":"string","description":"The domain ID of the security policy matrix","position":"4","allowableValues":""},"name":{"type":"string","description":"The name of the security policy matrix","position":"3","allowableValues":""},"id":{"type":"integer","format":"int64","description":"The ID of the security policy matrix","position":"2","allowableValues":""}}},"SecurityPolicyViolationForArDTO":{"id":"SecurityPolicyViolationForArDTO","rootElement":"security_policy_violation_for_ar","description":"","properties":{"cannot_compute_reason":{"type":"string","description":"The reason for the violation calculation failure","allowableValues":""},"violation":{"type":"array","description":"The list of security policy violations","items":{"$ref":"ViolationDTO"},"allowableValues":""},"access_request_order":{"type":"integer","format":"int64","description":"The ID of the access request","allowableValues":""}}},"AccessRequestServiceDTO":{"id":"AccessRequestServiceDTO","description":"","properties":{"name":{"type":"string","description":"The name of the service of the access request","allowableValues":""},"id":{"type":"string"}},"subTypes":["implicit_service","object_service"]},"RawAction[]":{"id":"RawAction[]","description":"","properties":{}},"ViolationDTO":{"id":"ViolationDTO","rootElement":"violation","description":"","properties":{"severity":{"description":"The severity of the security policy violation","$ref":"SecurityPolicyViolationSeverity","allowableValues":"critical, high, medium, low"}},"subTypes":["security_zone_matrix_violation"]},"RawServiceDTO":{"id":"RawServiceDTO","rootElement":"raw_service","description":"","required":["min_protocol","max_protocol","min_port","max_port"],"properties":{"sAServiceId":{"type":"integer","format":"int64","description":"The ID of the service from SecureApp","allowableValues":""},"min_protocol":{"type":"integer","format":"int32","description":"Minimum protocol value","allowableValues":""},"max_protocol":{"type":"integer","format":"int32","description":"Maximum protocol value","allowableValues":""},"min_port":{"type":"integer","format":"int32","description":"Minimum port value","allowableValues":""},"max_port":{"type":"integer","format":"int32","description":"Maximum port value","allowableValues":""},"predefined":{"type":"boolean","description":"Is a predefined service","allowableValues":""},"negate":{"type":"boolean","description":"All services except for the specified service","allowableValues":""}}},"AccessRequestListDTO":{"id":"AccessRequestListDTO","rootElement":"access_requests","description":"","required":["access_request"],"properties":{"access_request":{"type":"array","description":"List of access requests","items":{"$ref":"AccessRequestDTO"},"position":"1","allowableValues":""},"ticket_domain_id":{"type":"integer","format":"int32","description":"The domain ID of the ticket","position":"2","allowableValues":""}}},"implicit_service":{"id":"implicit_service","rootElement":"access_request_service_implicit","description":"","required":["service"],"properties":{"service":{"description":"The implicit service of the access request","$ref":"RawServiceDTO","allowableValues":""},"name":{"type":"string","description":"The name of the service of the access request","allowableValues":""},"id":{"type":"string"}}},"RawAction":{"id":"RawAction","description":"","properties":{}},"RestrictedCellDTO":{"id":"RestrictedCellDTO","description":"","properties":{"requirementServices":{"type":"array","items":{"$ref":"ServiceInViolationDTO"}},"flow":{"description":"The type of the flow","$ref":"FlowDTO","allowableValues":"HOST_TO_HOST, HOST_TO_SUBNET, SUBNET_TO_HOST"},"flow_source":{"type":"array","description":"Sources that violate the flow","items":{"$ref":"NetworkObjectInViolationDTO"},"allowableValues":""},"flow_destination":{"type":"array","description":"Destinations that violate the flow","items":{"$ref":"NetworkObjectInViolationDTO"},"allowableValues":""},"violatingServices":{"type":"array","items":{"$ref":"ServiceInViolationDTO"}},"from_zone":{"description":"The source zone","$ref":"ZoneOtherDTO","position":"1","allowableValues":""},"to_zone":{"description":" The destination zone","$ref":"ZoneOtherDTO","position":"2","allowableValues":""},"source_network":{"type":"array","description":"The source network objects","items":{"$ref":"NetworkObjectInViolationDTO"},"position":"3","allowableValues":""},"destination_network":{"type":"array","description":"The destination network objects","items":{"$ref":"NetworkObjectInViolationDTO"},"position":"4","allowableValues":""},"type":{"type":"string"}}},"single_network_object":{"id":"single_network_object","rootElement":"single_network_object","description":"","properties":{"access_request_network":{"description":"The network object of the access request","$ref":"AccessRequestNetworkDTO","allowableValues":""}}},"SecurityPolicyMatrixType":{"id":"SecurityPolicyMatrixType","description":"","properties":{"value":{"type":"string","description":"The type of the security policy matrix","allowableValues":""}}},"SecurityPolicyViolationsForMultiArDTO":{"id":"SecurityPolicyViolationsForMultiArDTO","rootElement":"security_policy_violations_for_multi_ar","description":"","properties":{"security_policy_violations_for_ar":{"type":"array","description":"The list of violations of the access request","items":{"$ref":"SecurityPolicyViolationForArDTO"},"position":"1","allowableValues":""}}},"raw_network_range":{"id":"raw_network_range","rootElement":"raw_network_range","description":"","required":["min_ip","max_ip"],"properties":{"min_ip":{"type":"string","description":"The minimum IP address of the network range","allowableValues":""},"max_ip":{"type":"string","description":"The maximum IP address of the network range","allowableValues":""},"negate":{"type":"boolean","description":"All addresses except for the specified addresses","position":"1","allowableValues":""}}},"ldap_entity":{"id":"ldap_entity","rootElement":"access_request_ldap_entity","description":"","properties":{"ldapEntityDn":{"type":"string"},"ldapEntityId":{"type":"string"},"entityName":{"type":"string"},"sANetworkObjectId":{"type":"integer","format":"int64","description":"The ID of SecureApp network object","position":"3","allowableValues":""},"source_region":{"type":"string","description":"The source region of the access request network object","position":"2","allowableValues":""},"id":{"type":"string","description":"The ID of the access request network object","position":"1","allowableValues":""}}},"raw_network_subnet":{"id":"raw_network_subnet","rootElement":"raw_network_subnet","description":"","required":["mask","ip","prefix"],"properties":{"mask":{"type":"string","description":"The mask of the network","allowableValues":""},"ip":{"type":"string","description":"The IP address of the network","allowableValues":""},"prefix":{"type":"string","description":"The prefix of the network","allowableValues":""},"negate":{"type":"boolean","description":"All addresses except for the specified addresses","position":"1","allowableValues":""}}},"ip_network":{"id":"ip_network","rootElement":"access_request_network_ip","description":"","required":["network"],"properties":{"network":{"description":"The network","$ref":"RawNetworkDTO","allowableValues":""},"sANetworkObjectId":{"type":"integer","format":"int64","description":"The ID of SecureApp network object","position":"3","allowableValues":""},"source_region":{"type":"string","description":"The source region of the access request network object","position":"2","allowableValues":""},"id":{"type":"string","description":"The ID of the access request network object","position":"1","allowableValues":""}}},"SecurityPolicyViolationSeverity[]":{"id":"SecurityPolicyViolationSeverity[]","description":"","properties":{}},"MatrixCellDTO":{"id":"MatrixCellDTO","rootElement":"matrix_cell_violation","description":"","properties":{"from_zone":{"description":"The source zone","$ref":"ZoneOtherDTO","position":"1","allowableValues":""},"to_zone":{"description":" The destination zone","$ref":"ZoneOtherDTO","position":"2","allowableValues":""},"source_network":{"type":"array","description":"The source network objects","items":{"$ref":"NetworkObjectInViolationDTO"},"position":"3","allowableValues":""},"destination_network":{"type":"array","description":"The destination network objects","items":{"$ref":"NetworkObjectInViolationDTO"},"position":"4","allowableValues":""},"type":{"type":"string"}},"subTypes":["blocked_matrix_cell_violation","restricted_matrix_cell_violation","block_only_matrix_cell_violation"]},"NetworkObjectInViolationDTO":{"id":"NetworkObjectInViolationDTO","rootElement":"network_object_in_violation","description":"","properties":{},"subTypes":["single_network_object","network_object_member"]},"object_network":{"id":"object_network","rootElement":"access_request_network_object","description":"","required":["uid","management_id"],"properties":{"uid":{"type":"string","description":"The UID of the network object","allowableValues":""},"management_id":{"type":"integer","format":"int32","description":"The management ID of the network object","allowableValues":""},"sANetworkObjectId":{"type":"integer","format":"int64","description":"The ID of SecureApp network object","position":"3","allowableValues":""},"source_region":{"type":"string","description":"The source region of the access request network object","position":"2","allowableValues":""},"id":{"type":"string","description":"The ID of the access request network object","position":"1","allowableValues":""}}},"service_member":{"id":"service_member","description":"","properties":{"last_member":{"description":"The violating service within the service group of the access request","$ref":"object_service","allowableValues":""},"path":{"type":"array","description":"The location of the violating service within the service group of the access request","items":{"type":"String"},"allowableValues":""}}},"RawNetworkDTO":{"id":"RawNetworkDTO","description":"","properties":{"negate":{"type":"boolean","description":"All addresses except for the specified addresses","position":"1","allowableValues":""}},"subTypes":["raw_network_ipv6","raw_network_subnet","raw_network_range"]},"AccessRequestDTO":{"id":"AccessRequestDTO","rootElement":"access_request","description":"","required":["access_request_application","use_topology","access_request_source","access_request_destination","access_request_order","access_request_service","action"],"properties":{"access_request_application":{"type":"array","description":"List of applications","items":{"$ref":"AccessRequestApplicationDTO"},"position":"6","allowableValues":""},"use_topology":{"type":"boolean","description":"Is using topology","position":"1","allowableValues":""},"source_domain_id":{"type":"integer","format":"int32","description":"The domain ID of the source network","position":"8","allowableValues":""},"destination_domain_id":{"type":"integer","format":"int32","description":"The domain ID of the destination network","position":"9","allowableValues":""},"access_request_source":{"type":"array","description":"List of source networks","items":{"$ref":"AccessRequestNetworkDTO"},"position":"3","allowableValues":""},"access_request_destination":{"type":"array","description":"List of destination networks","items":{"$ref":"AccessRequestNetworkDTO"},"position":"4","allowableValues":""},"access_request_order":{"type":"integer","format":"int64","description":"The ID of the access request","position":"2","allowableValues":""},"access_request_service":{"type":"array","description":"List of services","items":{"$ref":"AccessRequestServiceDTO"},"position":"5","allowableValues":""},"action":{"description":"The action","$ref":"RawAction","position":"7","allowableValues":""}}},"blocked_matrix_cell_violation":{"id":"blocked_matrix_cell_violation","rootElement":"blocked_matrix_cell_violation","description":"","properties":{"from_zone":{"description":"The source zone","$ref":"ZoneOtherDTO","position":"1","allowableValues":""},"to_zone":{"description":" The destination zone","$ref":"ZoneOtherDTO","position":"2","allowableValues":""},"source_network":{"type":"array","description":"The source network objects","items":{"$ref":"NetworkObjectInViolationDTO"},"position":"3","allowableValues":""},"destination_network":{"type":"array","description":"The destination network objects","items":{"$ref":"NetworkObjectInViolationDTO"},"position":"4","allowableValues":""},"type":{"type":"string"}}},"AccessRequestNetworkDTO":{"id":"AccessRequestNetworkDTO","description":"","properties":{"sANetworkObjectId":{"type":"integer","format":"int64","description":"The ID of SecureApp network object","position":"3","allowableValues":""},"source_region":{"type":"string","description":"The source region of the access request network object","position":"2","allowableValues":""},"id":{"type":"string","description":"The ID of the access request network object","position":"1","allowableValues":""}},"subTypes":["ip_network","object_network","internet","ldap_entity","security_group_name"]},"FlowDTO":{"id":"FlowDTO","description":"","properties":{}},"restricted_matrix_cell_violation":{"id":"restricted_matrix_cell_violation","rootElement":"restricted_matrix_cell_violation","description":"","properties":{"allowed_service":{"type":"array","description":"The list of allowed services","items":{"$ref":"ServiceInViolationDTO"},"allowableValues":""},"not_allowed_service":{"type":"array","description":"The list of violating services","items":{"$ref":"ServiceInViolationDTO"},"allowableValues":""},"flow":{"description":"The type of the flow","$ref":"FlowDTO","allowableValues":"HOST_TO_HOST, HOST_TO_SUBNET, SUBNET_TO_HOST"},"flow_source":{"type":"array","description":"Sources that violate the flow","items":{"$ref":"NetworkObjectInViolationDTO"},"allowableValues":""},"flow_destination":{"type":"array","description":"Destinations that violate the flow","items":{"$ref":"NetworkObjectInViolationDTO"},"allowableValues":""},"from_zone":{"description":"The source zone","$ref":"ZoneOtherDTO","position":"1","allowableValues":""},"to_zone":{"description":" The destination zone","$ref":"ZoneOtherDTO","position":"2","allowableValues":""},"source_network":{"type":"array","description":"The source network objects","items":{"$ref":"NetworkObjectInViolationDTO"},"position":"3","allowableValues":""},"destination_network":{"type":"array","description":"The destination network objects","items":{"$ref":"NetworkObjectInViolationDTO"},"position":"4","allowableValues":""},"type":{"type":"string"}},"subTypes":["RestrictedCellDTO"]},"ServiceInViolationDTO":{"id":"ServiceInViolationDTO","description":"","properties":{},"subTypes":["single_service","service_member"]},"security_group_name":{"id":"security_group_name","rootElement":"access_request_security_group_name","description":"","required":["security_group_name"],"properties":{"security_group_name":{"type":"string","description":"Security group name","allowableValues":"At least 3 letters"},"sANetworkObjectId":{"type":"integer","format":"int64","description":"The ID of SecureApp network object","position":"3","allowableValues":""},"source_region":{"type":"string","description":"The source region of the access request network object","position":"2","allowableValues":""},"id":{"type":"string","description":"The ID of the access request network object","position":"1","allowableValues":""}}},"FlowDTO[]":{"id":"FlowDTO[]","description":"","properties":{}},"network_object_member":{"id":"network_object_member","rootElement":"network_object_member","description":"","properties":{"last_member":{"description":"The violating network object within the network object group of the access request","$ref":"object_network","allowableValues":""},"path":{"type":"array","description":"The location of the violating network object within the network object group of the access request","items":{"type":"String"},"allowableValues":""}}},"ZoneOtherDTO":{"id":"ZoneOtherDTO","rootElement":"zone","description":"","properties":{"domain_name":{"type":"string","description":"The zone domain","position":"3","allowableValues":""},"name":{"type":"string","description":"The name of the zone","position":"2","allowableValues":""},"id":{"type":"string","description":"The ID of the zone","position":"1","allowableValues":""}}},"object_service":{"id":"object_service","rootElement":"access_request_service_object","description":"","required":["uid","management_id"],"properties":{"uid":{"type":"string","description":"The UID of the service object","allowableValues":""},"management_id":{"type":"integer","format":"int32","description":"The management ID of the service object","allowableValues":""},"name":{"type":"string","description":"The name of the service of the access request","allowableValues":""},"id":{"type":"string"}}},"raw_network_ipv6":{"id":"raw_network_ipv6","rootElement":"raw_network_ipv6","description":"","required":["ip","prefix"],"properties":{"ip":{"type":"string","description":"The IP address of the network","allowableValues":""},"prefix":{"type":"string","description":"The prefix of the network","allowableValues":""},"negate":{"type":"boolean","description":"All addresses except for the specified addresses","position":"1","allowableValues":""}}},"SecurityPolicyViolationSeverity":{"id":"SecurityPolicyViolationSeverity","description":"","properties":{}},"SecurityPolicyMatrixType[]":{"id":"SecurityPolicyMatrixType[]","description":"","properties":{}},"security_zone_matrix_violation":{"id":"security_zone_matrix_violation","rootElement":"security_zone_matrix_violation","description":"","properties":{"security_zone_matrix":{"description":"The security zone matrix","$ref":"SecurityZoneMatrixDTO","position":"1","allowableValues":""},"matrix_cell_violation":{"description":"The matrix cell","$ref":"MatrixCellDTO","position":"2","allowableValues":""},"severity":{"description":"The severity of the security policy violation","$ref":"SecurityPolicyViolationSeverity","allowableValues":"critical, high, medium, low"}}},"access_request_application_identity":{"id":"access_request_application_identity","rootElement":"access_request_application_identity","description":"","properties":{"application_service":{"type":"array","description":"List of services","items":{"$ref":"AccessRequestServiceDTO"},"allowableValues":""},"name":{"type":"string","description":"The name of the application","allowableValues":""}}},"single_service":{"id":"single_service","description":"","properties":{"access_request_service":{"description":"The service of the access request","$ref":"AccessRequestServiceDTO","allowableValues":""}}},"internet":{"id":"internet","rootElement":"access_request_internet_network","description":"","properties":{"sANetworkObjectId":{"type":"integer","format":"int64","description":"The ID of SecureApp network object","position":"3","allowableValues":""},"source_region":{"type":"string","description":"The source region of the access request network object","position":"2","allowableValues":""},"id":{"type":"string","description":"The ID of the access request network object","position":"1","allowableValues":""}}},"AccessRequestApplicationDTO":{"id":"AccessRequestApplicationDTO","description":"","properties":{"name":{"type":"string","description":"The name of the application","allowableValues":""}},"subTypes":["access_request_application_identity"]}}}