{"apiVersion":"1.0.0","resourcePath":"/Unified Security Policy - Alerts","apis":[{"path":"/security_policies/alerts/{id:[0-9]+}","operations":[{"baseURL":"/securetrack/api","method":"GET","summary":"Get a specific alert","notes":"Returns a specified alert.\u003cbr\u003eIf the alert_id does not exist, an error message is returned.","examples":["https://192.168.1.1/securetrack/api/security_policies/alerts/1"],"position":"1","type":"UspAlertConfigurationDTO","nickname":"getById","produces":["application/xml","application/json"],"parameters":[{"name":"context","description":"MSSP context","required":false,"type":"integer","format":"int32","paramType":"query","allowMultiple":false,"allowableValues":""},{"name":"id","description":"The alert Id","required":true,"type":"integer","format":"int64","paramType":"path","allowMultiple":false,"allowableValues":""}],"responseMessages":[{"code":401,"message":"Alert ID does not exist"}]},{"baseURL":"/securetrack/api","method":"PUT","summary":"Update an alert","notes":"Update an alert for unified security policies.\u003cbr\u003eAlerts can be defined for all devices (all_devices:true) or for specified device IDs.\u003cbr\u003eAn email and/or user name must be defined. For multiple entries of emails or user names, use a semicolon to separate values. For SecureTrack, users in the collection are populated with \"user_ids\". The alert will be sent to the users (according to the addresses configured in SecureTrack) and to the emails.\u003cbr\u003eTo get the domain_id (optional parameter), call /domains/ API and use the ID included within the returned domain DTO.\u003cbr\u003eAt least one severity should be marked as \u0027true\u0027.\u003cbr\u003eThere are no default values","examples":["https://192.168.1.1/securetrack/api/security_policies/alerts/1 |{\n\t\"usp_alert_configuration\": {\n\t\t\"name\": \"uspAlert\",\n\t\t\"description\": \"description\",\n\t\t\"status\": \"ACTIVE\",\n\t\t\"domain_id\": 6,\n\t\t\"all_devices\": false,\n\t\t\"device_ids\": {\n\t\t\t\"device_id\": [\n\t\t\t\t1,\n\t\t\t\t2,\n\t\t\t\t3,\n\t\t\t\t4\n\t\t\t]\n\t\t},\n\t\t\"low_severity\": true,\n\t\t\"medium_severity\": true,\n\t\t\"high_severity\": true,\n\t\t\"critical_severity\": false,\n\t\t\"user_ids\": {\n\t\t\t\"user_id\": \"moshe\"\n\t\t},\n\t\t\"emails\": \"user@doamin.com\",\n\t\t\"send_syslog\": true\n\t}\n}"],"position":"5","type":"void","nickname":"updateUSPAlert","consumes":["application/xml","application/json"],"parameters":[{"name":"context","description":"Global MSSP context","required":false,"type":"integer","format":"int32","paramType":"query","allowMultiple":false,"allowableValues":""},{"name":"id","description":"The alert ID for updating","required":false,"type":"integer","format":"int64","paramType":"path","allowMultiple":false,"allowableValues":""},{"name":"body","rootElement":"usp_alert_configuration","description":"","required":false,"type":"UspAlertConfigurationDTO","format":"","paramType":"body","allowMultiple":false}],"responseMessages":[{"code":204,"message":"Alert ID: \u0027alertId\u0027 was updated successfully"},{"code":404,"message":"Alert ID: \u0027alertId\u0027 does not exist"},{"code":412,"message":"Alert name not specified"},{"code":409,"message":"Alert name specified already exists"},{"code":412,"message":"Status not specified"},{"code":412,"message":"Domain not specified"},{"code":404,"message":"Domain specified does not exist"},{"code":401,"message":"User is not authorized to configure alerts for domain \u0027domainId\u0027"},{"code":412,"message":"Device not specified"},{"code":404,"message":"Device ID specified does not exist or belongs to a different domain"},{"code":403,"message":"Device: \u0027deviceId\u0027 not supported for USP"},{"code":412,"message":"Severity not specified"},{"code":412,"message":"No recipient details entered for alert"},{"code":412,"message":"Invalid email address. Format must be name@domain.com"},{"code":404,"message":"Username: \u0027userName\u0027 does not exist"},{"code":403,"message":"User is not authorized to configure alerts for Super Admin user: \u0027userName\u0027"},{"code":403,"message":"Username: \u0027userName\u0027 not valid for the specified domain"}]}]},{"path":"/security_policies/alerts/{ids:(([0-9]+,)*[0-9]+|\\*)}","operations":[{"baseURL":"/securetrack/api","method":"DELETE","summary":"Delete alerts by ids","notes":"Delete specified alerts by IDs\u003cbr\u003eTo delete multiple alert_ids, use a comma between each ID","examples":["https://192.168.1.1/securetrack/api/security_policies/alerts/87","https://192.168.1.1/securetrack/api/security_policies/alerts/86,87,88"],"position":"","type":"void","nickname":"deleteUSPAlert","parameters":[{"name":"context","description":"Delete alerts in the specified domain ID.","required":false,"type":"integer","format":"int32","paramType":"query","allowMultiple":false,"allowableValues":""},{"name":"ids","description":"The alert Ids for deletion","required":true,"type":"string","paramType":"path","allowMultiple":false,"allowableValues":""}],"responseMessages":[{"code":200,"message":""},{"code":401,"message":"Security Policy Alert Ids: :|\u0027alert ids\u0027| don\u0027t exist"}]}]},{"path":"/security_policies/alerts/","operations":[{"baseURL":"/securetrack/api","method":"GET","summary":"Get alerts","notes":"Returns a list of all alerts. If an empty list is returned, it implies that there are no configured alerts for that context.\u003cbr\u003eYou must set start and count parameters to limit the number of returned alerts.\u003cbr\u003eStart is zero based - to start from the second rule use start\u003d1, to get rules 51-60 use start\u003d50 and count\u003d10.","examples":["https://192.168.1.1/securetrack/api/security_policies/alerts?start\u003d10\u0026count\u003d25"],"position":"2","type":"UspAlertConfigurationListDTO","nickname":"getAll","produces":["application/xml","application/json"],"parameters":[{"name":"context","description":"MSSP context","required":false,"type":"integer","format":"int32","paramType":"query","allowMultiple":false,"allowableValues":""},{"name":"start","description":"Returns the results beginning with the specified result number","required":true,"type":"integer","format":"int32","paramType":"query","allowMultiple":false,"allowableValues":""},{"name":"count","description":"Returns the specified number of results","required":true,"type":"integer","format":"int32","paramType":"query","allowMultiple":false,"allowableValues":""}],"responseMessages":[{"code":400,"message":"Value for start parameter is missing or not valid"},{"code":400,"message":"Value for count parameter is missing or not valid"}]},{"baseURL":"/securetrack/api","method":"POST","summary":"Create an alert","notes":"Create an alert for unified security policies.\u003cbr\u003eReturns location with the alert id to get the alert.\u003cbr\u003eAlerts can be defined for all devices (all_devices:true) or for specified device IDs.\u003cbr\u003eAn email and/or user name must be defined. For multiple entries of emails or user names, use a semicolon to separate values. For SecureTrack, users in the collection are populated with \"user_ids\". The alert will be sent to the users (according to the addresses configured in SecureTrack) and to the emails.\u003cbr\u003eTo get the domain_id (optional parameter), call /domains/ API and use the ID included within the returned domain DTO.\u003cbr\u003eAt least one severity should be marked as \u0027true\u0027.\u003cbr\u003eThere are no default values","examples":["https://192.168.1.1/securetrack/api/security_policies/alerts|{\n\t\"usp_alert_configuration\": {\n\t\t\"name\": \"uspAlert\",\n\t\t\"description\": \"description\",\n\t\t\"status\": \"ACTIVE\",\n\t\t\"domain_id\": 6,\n\t\t\"all_devices\": false,\n\t\t\"device_ids\": {\n\t\t\t\"device_id\": [\n\t\t\t\t1,\n\t\t\t\t2,\n\t\t\t\t3,\n\t\t\t\t4\n\t\t\t]\n\t\t},\n\t\t\"low_severity\": true,\n\t\t\"medium_severity\": true,\n\t\t\"high_severity\": true,\n\t\t\"critical_severity\": false,\n\t\t\"user_ids\": {\n\t\t\t\"user_id\": \"moshe\"\n\t\t},\n\t\t\"emails\": \"user@doamin.com\",\n\t\t\"send_syslog\": true\n\t}\n}"],"position":"5","type":"void","nickname":"createUSPAlert","consumes":["application/xml","application/json"],"parameters":[{"name":"context","description":"Global MSSP context","required":false,"type":"integer","format":"int32","paramType":"query","allowMultiple":false,"allowableValues":""},{"name":"body","rootElement":"usp_alert_configuration","description":"","required":false,"type":"UspAlertConfigurationDTO","format":"","paramType":"body","allowMultiple":false}],"responseMessages":[{"code":201,"message":"Security policy alert id :|\u0027alertId\u0027| ,  name : \u0027alertName\u0027"},{"code":412,"message":"Alert name not specified"},{"code":409,"message":"Alert name specified already exists"},{"code":412,"message":"Status not specified"},{"code":412,"message":"Domain not specified"},{"code":404,"message":"Domain specified does not exist"},{"code":401,"message":"User is not authorized to configure alerts for domain \u0027domainId\u0027"},{"code":412,"message":"Device not specified"},{"code":404,"message":"Device ID specified does not exist or belongs to a different domain"},{"code":403,"message":"Device: \u0027deviceId\u0027 not supported for USP"},{"code":412,"message":"Severity not specified"},{"code":412,"message":"No recipient details entered for alert"},{"code":412,"message":"Invalid email address. Format must be name@domain.com"},{"code":404,"message":"Username: \u0027userName\u0027 does not exist"},{"code":403,"message":"User is not authorized to configure alerts for Super Admin user: \u0027userName\u0027"},{"code":403,"message":"Username: \u0027userName\u0027 not valid for the specified domain"}]}]}],"models":{"UspAlertConfigurationStatusDTO":{"id":"UspAlertConfigurationStatusDTO","description":"","properties":{}},"UspAlertConfigurationDTO":{"id":"UspAlertConfigurationDTO","rootElement":"usp_alert_configuration","description":"","required":["all_devices","domain_id","send_syslog","emails","device_id","user_id","critical_severity","high_severity","low_severity","medium_severity","status","name","id"],"properties":{"all_devices":{"type":"boolean","description":"Marked if the alert is configured for all devices","allowableValues":""},"domain_id":{"type":"integer","format":"int32","description":"Domain ID","allowableValues":""},"send_syslog":{"type":"boolean","description":"True if alert is sent via syslog","allowableValues":""},"emails":{"type":"string","description":"The recipients email addresses","allowableValues":""},"device_id":{"type":"array","description":"Device IDs to be alerted on","items":{"type":"Integer"},"allowableValues":""},"user_id":{"type":"array","description":"The recipients users","items":{"type":"String"},"allowableValues":""},"critical_severity":{"type":"boolean","description":"True if alert is applicable for critical severity","allowableValues":""},"high_severity":{"type":"boolean","description":"True if alert is applicable for high severity","allowableValues":""},"low_severity":{"type":"boolean","description":"True if alert is applicable for low severity","allowableValues":""},"medium_severity":{"type":"boolean","description":"True if alert is applicable for medium severity","allowableValues":""},"description":{"type":"string","description":"Alert description","allowableValues":""},"status":{"description":"Alert status (ACTIVE/INACTIVE)","$ref":"UspAlertConfigurationStatusDTO","allowableValues":""},"name":{"type":"string","description":"Alert name","allowableValues":""},"id":{"type":"integer","format":"int64","description":"Alert ID","allowableValues":""}}},"UspAlertConfigurationListDTO":{"id":"UspAlertConfigurationListDTO","rootElement":"usp_alert_configurations","description":"","required":["usp_alert_configuration"],"properties":{"usp_alert_configuration":{"type":"array","description":"The alerts list","items":{"$ref":"UspAlertConfigurationDTO"},"httpMethods":["GET"],"allowableValues":""}}},"UspAlertConfigurationStatusDTO[]":{"id":"UspAlertConfigurationStatusDTO[]","description":"","properties":{}}}}