{"apiVersion":"1.0.0","resourcePath":"/Unified Security Policy - Violations","apis":[{"path":"/violating_rules/{deviceId:[0-9]+}/count","operations":[{"baseURL":"/securetrack/api","method":"GET","summary":"Get the amount of violating rules for the specified device.","notes":"","examples":["https://192.168.1.1/securetrack/api/violating_rules/1/count"],"position":"","type":"CountDTO","nickname":"getRulesCount","produces":["application/xml","application/json"],"parameters":[{"name":"deviceId","description":"The device ID for which to get violations.","required":true,"type":"integer","format":"int32","paramType":"path","allowMultiple":false,"allowableValues":""}],"responseMessages":[{"code":200,"message":"The violation count was successfully retrieved"},{"code":404,"message":"A device with the specified ID was not found"}]}]},{"path":"/violating_rules/{deviceId:[0-9]+}/device_violations","operations":[{"baseURL":"/securetrack/api","method":"GET","summary":"Get the violating rules for the specified device.","notes":"policyName is supported for management devices running in Advanced management mode.","examples":["https://192.168.1.1/securetrack/api/violating_rules/1/device_violations?policy\u003dpolicy_name\u0026type\u003dSECURITY_POLICY\u0026severity\u003dMEDIUM"],"position":"1","type":"SecurityPolicyDeviceViolationsDTO","nickname":"getDeviceViolations","produces":["application/xml","application/json"],"parameters":[{"name":"deviceId","description":"The device ID for which to get violations","required":true,"type":"integer","format":"int32","paramType":"path","allowMultiple":false,"allowableValues":""},{"name":"policyName","description":"Return only violations that match this policy","required":false,"type":"string","paramType":"query","allowMultiple":false,"allowableValues":""},{"name":"severity","description":"Return only violations of this severity","required":true,"type":"string","paramType":"query","allowMultiple":false,"allowableValues":"CRITICAL,HIGH,MEDIUM,LOW"},{"name":"type","description":"Return only violations of this type","required":true,"type":"string","paramType":"query","allowMultiple":false,"allowableValues":"SECURITY_POLICY,PCI,SOX"}],"responseMessages":[{"code":200,"message":"The violations were successfully retrieved"},{"code":400,"message":"The specified value for the violation severity is invalid"},{"code":400,"message":"The specified value for the violation type is invalid"},{"code":400,"message":"You cannot specify a policyName because the device is not running in Advanced management mode"},{"code":404,"message":"A device with the specified ID was not found"},{"code":404,"message":"A policy with the specified policyName was not found for this device"}]}]}],"models":{"SaApplicationDTO":{"id":"SaApplicationDTO","rootElement":"secure_app_application","description":"","properties":{"app_name":{"type":"string","description":"Application name","httpMethods":["GET"],"position":"9","allowableValues":""},"app_owner":{"type":"string","description":"Application owner","httpMethods":["GET"],"position":"10","allowableValues":""}}},"AclDTO":{"id":"AclDTO","rootElement":"acl","description":"","required":["global","name","interfaces"],"properties":{"global":{"type":"boolean","description":"Is ACL global","httpMethods":["GET"],"position":"12","allowableValues":""},"name":{"type":"string","description":"Name for ACL","httpMethods":["GET"],"position":"10","allowableValues":""},"interfaces":{"type":"array","description":"Interfaces for ACL","items":{"$ref":"InterfaceDTO"},"httpMethods":["GET"],"position":"11","allowableValues":""}}},"CloudSecurityRuleDTO":{"id":"CloudSecurityRuleDTO","rootElement":"rule","description":"","required":["src_networks_negated","dest_networks_negated","src_services_negated","dest_services_negated","uid","binding","cp_uid","order","id"],"properties":{"ip_type":{"type":"string"},"priority":{"type":"string"},"src_networks_negated":{"type":"boolean","description":"Negated source networks","httpMethods":["GET"],"position":"28","allowableValues":""},"dest_networks_negated":{"type":"boolean","description":"Negated destination networks","httpMethods":["GET"],"position":"29","allowableValues":""},"src_services_negated":{"type":"boolean","description":"Negated source services","httpMethods":["GET"],"position":"30","allowableValues":""},"dest_services_negated":{"type":"boolean","description":"Negated destination services","httpMethods":["GET"],"position":"31","allowableValues":""},"rule_location_display":{"type":"string","description":"Rule Location Display","httpMethods":["GET"],"position":"36","allowableValues":""},"associatedNatRule":{"description":"NAT rule","$ref":"NatRuleDTO","httpMethods":["GET"],"position":"35","allowableValues":""},"src_zone_any":{"type":"boolean","description":"is source zone any ","httpMethods":["GET"],"position":"43","allowableValues":""},"dst_zone_any":{"type":"boolean","description":"is destination zone any ","httpMethods":["GET"],"position":"44","allowableValues":""},"external":{"type":"boolean","description":"Is external","httpMethods":["GET"],"position":"14","allowableValues":""},"src_network":{"type":"array","description":"Source networks","items":{"$ref":"ObjectReferenceDTO"},"httpMethods":["GET"],"position":"15","allowableValues":""},"dst_network":{"type":"array","description":"Destination networks","items":{"$ref":"ObjectReferenceDTO"},"httpMethods":["GET"],"position":"16","allowableValues":""},"src_service":{"type":"array","description":"Source services","items":{"$ref":"ObjectReferenceDTO"},"httpMethods":["GET"],"position":"17","allowableValues":""},"dst_service":{"type":"array","description":"Destination services","items":{"$ref":"ObjectReferenceDTO"},"httpMethods":["GET"],"position":"18","allowableValues":""},"textual_rep":{"type":"string","description":"the textual representation of this rule","httpMethods":["GET"],"position":"45","allowableValues":""},"application":{"type":"array","description":"Applications","items":{"$ref":"ObjectReferenceDTO"},"httpMethods":["GET"],"position":"19","allowableValues":""},"users":{"type":"array","description":"Users","items":{"$ref":"ObjectReferenceDTO"},"httpMethods":["GET"],"position":"23","allowableValues":""},"documentation":{"description":"Rule documentation","$ref":"RuleDocumentationDTO","httpMethods":["GET"],"position":"27","allowableValues":""},"rule_location":{"type":"string","description":"Rule Location","httpMethods":["GET"],"position":"35","allowableValues":""},"rule_number":{"type":"integer","format":"int64","description":"Rule number","httpMethods":["GET"],"position":"10","allowableValues":""},"disabled":{"type":"boolean","description":"Is disabled","httpMethods":["GET"],"position":"14","allowableValues":""},"src_zone":{"type":"array","description":"source zones","items":{"type":"String"},"httpMethods":["GET"],"position":"41","allowableValues":""},"dst_zone":{"type":"array","description":"destination zones","items":{"type":"String"},"httpMethods":["GET"],"position":"42","allowableValues":""},"install":{"type":"array","description":"Installed-ons","items":{"$ref":"ObjectReferenceDTO"},"httpMethods":["GET"],"position":"22","allowableValues":""},"track":{"description":"Rule tracking infomation","$ref":"RuleTrackDTO","httpMethods":["GET"],"position":"13","allowableValues":""},"user_access":{"type":"array","description":"User access","items":{"$ref":"ObjectReferenceDTO"},"httpMethods":["GET"],"position":"24","allowableValues":""},"rule_type":{"type":"string","description":"rule_type","httpMethods":["GET"],"position":"39","allowableValues":""},"vpn":{"type":"array","description":"VPN","items":{"$ref":"ObjectReferenceDTO"},"httpMethods":["GET"],"position":"21","allowableValues":""},"implicit":{"type":"boolean","description":"Is implicit","httpMethods":["GET"],"position":"14","allowableValues":""},"acceleration_breaker":{"type":"boolean","description":"Acceleration breaker","httpMethods":["GET"],"position":"37","allowableValues":""},"authentication_rule":{"type":"boolean","description":"Authentication rule","httpMethods":["GET"],"position":"38","allowableValues":""},"fmg_from_zone":{"type":"string","description":"Fortimanager source zone","httpMethods":["GET"],"position":"32","allowableValues":""},"fmg_to_zone":{"type":"string","description":"Fortimanager destination zone","httpMethods":["GET"],"position":"33","allowableValues":""},"sub_policy":{"type":"string","description":"Sub policy","httpMethods":["GET"],"position":"34","allowableValues":""},"time":{"type":"array","description":"Time","items":{"$ref":"ObjectReferenceDTO"},"httpMethods":["GET"],"position":"20","allowableValues":""},"comment":{"type":"string","description":"Comment","httpMethods":["GET"],"position":"11","allowableValues":""},"option":{"type":"array","description":"Options","items":{"type":"String"},"httpMethods":["GET"],"position":"26","allowableValues":""},"action":{"type":"string","description":"Rule action","httpMethods":["GET"],"position":"12","allowableValues":""},"name":{"type":"string","description":"Name","httpMethods":["GET"],"position":"9","allowableValues":""},"uid":{"type":"string","description":"The UID of the rule","httpMethods":["GET"],"position":"13","allowableValues":""},"device_id":{"type":"integer","format":"int32","description":"The device ID for this rule","httpMethods":["GET"],"position":"11","allowableValues":""},"binding":{"type":"array","description":"The bindings of the rule","items":{"$ref":"BindingDTO"},"httpMethods":["GET"],"position":"15","allowableValues":""},"cp_uid":{"type":"string","description":"The CheckPoint UID of the rule","httpMethods":["GET"],"position":"16","allowableValues":""},"order":{"type":"integer","format":"int32","description":"The Order of the rule","httpMethods":["GET"],"position":"14","allowableValues":""},"id":{"type":"string","description":"The ID of the rule","httpMethods":["GET"],"position":"12","allowableValues":""}}},"PolicyTargetDTO":{"id":"PolicyTargetDTO","rootElement":"installable_target","description":"","properties":{"device_id":{"type":"integer","format":"int32"},"firewall_id":{"type":"string"},"virtual_firewall_name":{"type":"string"}}},"SecurityPolicyDeviceViolationsDTO":{"id":"SecurityPolicyDeviceViolationsDTO","rootElement":"security_policy_device_violations","description":"","required":["device_name","violating_rules_count","violating_rule","severity"],"properties":{"device_name":{"type":"string","description":"The name of the device that contains the violation","allowableValues":""},"violating_rules_count":{"type":"integer","format":"int32","description":"The number of violating rules","allowableValues":""},"violating_rule":{"type":"array","description":"The violating rules","items":{"$ref":"ViolatingRuleDTO"},"allowableValues":""},"severity":{"description":"The severity of the violation","$ref":"Severity","allowableValues":""}}},"predefined":{"id":"predefined","rootElement":"service_item","description":"","properties":{"predefined_service_range":{"type":"array","items":{"$ref":"QueryPredefinedServiceItemRangeDTO"}},"predefined_service_id":{"type":"integer","format":"int64"},"predefined_service_name":{"type":"string"},"id":{"type":"string"}}},"Comparator":{"id":"Comparator","description":"","properties":{}},"ManagementDomainPolicyDTO":{"id":"ManagementDomainPolicyDTO","rootElement":"policy","description":"","required":["itg_id","admin_domain","unique_active_in_itg","admin_domain_id","itg","name","id"],"properties":{"installable_target":{"type":"array","items":{"$ref":"PolicyTargetDTO"}},"itg_id":{"type":"integer","format":"int32","description":"Installation target group ID","httpMethods":["GET"],"position":"11","allowableValues":""},"admin_domain":{"type":"string","description":"Admin domain name","httpMethods":["GET"],"position":"15","allowableValues":""},"unique_active_in_itg":{"type":"boolean","description":"Unique active installation target group","httpMethods":["GET"],"position":"13","allowableValues":""},"admin_domain_id":{"type":"integer","format":"int64","description":"Admin domain ID","httpMethods":["GET"],"position":"14","allowableValues":""},"itg":{"type":"string","description":"Installation target group name","httpMethods":["GET"],"position":"12","allowableValues":""},"name":{"type":"string","description":"Name","httpMethods":["GET"],"position":"10","allowableValues":""},"id":{"type":"integer","format":"int64","description":"ID","httpMethods":["GET"],"position":"9","allowableValues":""}}},"WorkflowTicketStatusType[]":{"id":"WorkflowTicketStatusType[]","description":"","properties":{}},"ClassMapDTO":{"id":"ClassMapDTO","rootElement":"class_map","description":"","properties":{"acl_name":{"type":"string"},"service":{"type":"array","items":{"$ref":"ObjectReferenceDTO"}},"name":{"type":"string"}}},"TufinTestDTO":{"id":"TufinTestDTO","rootElement":"TufinTestDTO","description":"","required":["mitigation","tufin_test_description"],"properties":{"extra_info":{"type":"string","description":"Long description of the test","allowableValues":""},"mitigation":{"type":"string","description":"Suggested mitigation action for the test","allowableValues":""},"tufin_test_description":{"type":"string","description":"Description of the test","allowableValues":""}}},"AccessType":{"id":"AccessType","description":"","properties":{"value":{"type":"string"}}},"BindingDTO":{"id":"BindingDTO","rootElement":"binding","description":"","required":["direction","policy","from_zone","to_zone","acl","rule_count","policy_map_name","security_rule_count","nat_stage","default","postnat_iface","prenat_iface"],"properties":{"uid":{"type":"string"},"direction":{"type":"string","description":"Direction of rule set","httpMethods":["GET"],"position":"18","allowableValues":""},"policy":{"description":"Management policy for rule set","$ref":"ManagementPolicyDTO","httpMethods":["GET"],"position":"13","allowableValues":""},"from_zone":{"type":"array","description":"Source zones of rule set","items":{"$ref":"PolicyZoneDTO"},"httpMethods":["GET"],"position":"11","allowableValues":""},"to_zone":{"type":"array","description":"Destination zones of rule set","items":{"$ref":"PolicyZoneDTO"},"httpMethods":["GET"],"position":"12","allowableValues":""},"ip_type":{"$ref":"IpType"},"acl":{"description":"ACL for rule set","$ref":"AclDTO","httpMethods":["GET"],"position":"9","allowableValues":""},"rule_count":{"type":"integer","format":"int32","description":"Number of rules for this rule set","httpMethods":["GET"],"position":"16","allowableValues":""},"nat_type":{"type":"string","description":"Junos SRX NAT only - Type of NAT used [SOURCE, DESTINATION, STATIC_DESTINATION, STATIC_SOURCE]","httpMethods":["GET"],"position":"23","allowableValues":""},"from_collection":{"type":"string","description":"Junos SRX NAT only - A group of sources for the NAT rule-set [Interface, Zone, Routing Instance]","httpMethods":["GET"],"position":"24","allowableValues":""},"to_collection":{"type":"string","description":"Junos SRX NAT only - A group of destinations for the NAT rule-set [Interface, Zone, Routing Instance]","httpMethods":["GET"],"position":"25","allowableValues":""},"device_policy_id":{"type":"integer","format":"int64","description":"StoneSoft only","httpMethods":["GET"],"position":"23","allowableValues":""},"policy_map_name":{"type":"string","description":"Policy map name of rule set","httpMethods":["GET"],"position":"14","allowableValues":""},"security_rule_count":{"type":"integer","format":"int32","description":"Number of security rules for this rule set","httpMethods":["GET"],"position":"17","allowableValues":""},"nat_stage":{"type":"string","description":"NAT stage for rule set","httpMethods":["GET"],"position":"19","allowableValues":""},"default":{"type":"boolean","description":"Is default rule set","httpMethods":["GET"],"position":"20","allowableValues":""},"postnat_iface":{"type":"string","description":"External interfaces for rule set","httpMethods":["GET"],"position":"22","allowableValues":""},"prenat_iface":{"type":"string","description":"Internal interfaces for rule set","httpMethods":["GET"],"position":"21","allowableValues":""},"from_type":{"type":"string","description":"Junos SRX NAT only - Type of source for rule-set [Interface, Zone, Routing Instance]","httpMethods":["GET"],"position":"26","allowableValues":""},"to_type":{"type":"string","description":"Junos SRX NAT only - Type of destination for rule-set [Interface, Zone, Routing Instance]","httpMethods":["GET"],"position":"27","allowableValues":""},"cloudSecurityGroupDTO":{"$ref":"CloudSecurityGroupDTO"}},"subTypes":["DirectionalSecurityGroupBindingDTO"]},"FlowDTO":{"id":"FlowDTO","rootElement":"FlowDTO","description":"","required":["type"],"properties":{"type":{"description":"The type of the flow","$ref":"FlowTypeDTO","allowableValues":"HOST_TO_HOST,HOST_TO_SUBNET,SUBNET_TO_HOST"}}},"LinkDTO":{"id":"LinkDTO","description":"","required":["@href"],"properties":{"@href":{"type":"string","description":"The location of the referenced object","httpMethods":["GET"],"allowableValues":""}}},"RuleDTO":{"id":"RuleDTO","rootElement":"rule","description":"","required":["uid","binding","cp_uid","order","id"],"properties":{"uid":{"type":"string","description":"The UID of the rule","httpMethods":["GET"],"position":"13","allowableValues":""},"device_id":{"type":"integer","format":"int32","description":"The device ID for this rule","httpMethods":["GET"],"position":"11","allowableValues":""},"binding":{"type":"array","description":"The bindings of the rule","items":{"$ref":"BindingDTO"},"httpMethods":["GET"],"position":"15","allowableValues":""},"cp_uid":{"type":"string","description":"The CheckPoint UID of the rule","httpMethods":["GET"],"position":"16","allowableValues":""},"order":{"type":"integer","format":"int32","description":"The Order of the rule","httpMethods":["GET"],"position":"14","allowableValues":""},"id":{"type":"string","description":"The ID of the rule","httpMethods":["GET"],"position":"12","allowableValues":""}},"subTypes":["SecurityRuleDTO","SectionRuleDTO","ZBSecurityRuleDTO","CloudSecurityRuleDTO"]},"FlowViolatingObjectsDTO":{"id":"FlowViolatingObjectsDTO","description":"","required":["negated","violating_object"],"properties":{"negated":{"type":"boolean","description":"If the flow violating objects are negated","allowableValues":""},"violating_object":{"type":"array","description":"The objects that violate the flow","items":{"$ref":"PathDTO"},"allowableValues":""}}},"InterfaceIpListDTO":{"id":"InterfaceIpListDTO","rootElement":"interface_ips","description":"","required":["interface_ip"],"properties":{"interface_ip":{"type":"array","description":"Interface IPs","items":{"$ref":"InterfaceIpDTO"},"httpMethods":["GET"],"position":"9","allowableValues":""}}},"FlowTypeDTO":{"id":"FlowTypeDTO","description":"","required":["description"],"properties":{"description":{"type":"string","description":"The description of the flow type","allowableValues":""}}},"RuleTrackDTO":{"id":"RuleTrackDTO","rootElement":"track","description":"","required":["interval","level"],"properties":{"interval":{"type":"string","description":"Tracking interval of rule","httpMethods":["GET"],"position":"11","allowableValues":""},"level":{"type":"string","description":"Tracking level of rule","httpMethods":["GET"],"position":"10","allowableValues":""}}},"SecurityRuleDTO":{"id":"SecurityRuleDTO","rootElement":"rule","description":"","required":["src_networks_negated","dest_networks_negated","src_services_negated","dest_services_negated","uid","binding","cp_uid","order","id"],"properties":{"src_networks_negated":{"type":"boolean","description":"Negated source networks","httpMethods":["GET"],"position":"28","allowableValues":""},"dest_networks_negated":{"type":"boolean","description":"Negated destination networks","httpMethods":["GET"],"position":"29","allowableValues":""},"src_services_negated":{"type":"boolean","description":"Negated source services","httpMethods":["GET"],"position":"30","allowableValues":""},"dest_services_negated":{"type":"boolean","description":"Negated destination services","httpMethods":["GET"],"position":"31","allowableValues":""},"rule_location_display":{"type":"string","description":"Rule Location Display","httpMethods":["GET"],"position":"36","allowableValues":""},"associatedNatRule":{"description":"NAT rule","$ref":"NatRuleDTO","httpMethods":["GET"],"position":"35","allowableValues":""},"src_zone_any":{"type":"boolean","description":"is source zone any ","httpMethods":["GET"],"position":"43","allowableValues":""},"dst_zone_any":{"type":"boolean","description":"is destination zone any ","httpMethods":["GET"],"position":"44","allowableValues":""},"external":{"type":"boolean","description":"Is external","httpMethods":["GET"],"position":"14","allowableValues":""},"src_network":{"type":"array","description":"Source networks","items":{"$ref":"ObjectReferenceDTO"},"httpMethods":["GET"],"position":"15","allowableValues":""},"dst_network":{"type":"array","description":"Destination networks","items":{"$ref":"ObjectReferenceDTO"},"httpMethods":["GET"],"position":"16","allowableValues":""},"src_service":{"type":"array","description":"Source services","items":{"$ref":"ObjectReferenceDTO"},"httpMethods":["GET"],"position":"17","allowableValues":""},"dst_service":{"type":"array","description":"Destination services","items":{"$ref":"ObjectReferenceDTO"},"httpMethods":["GET"],"position":"18","allowableValues":""},"textual_rep":{"type":"string","description":"the textual representation of this rule","httpMethods":["GET"],"position":"45","allowableValues":""},"application":{"type":"array","description":"Applications","items":{"$ref":"ObjectReferenceDTO"},"httpMethods":["GET"],"position":"19","allowableValues":""},"users":{"type":"array","description":"Users","items":{"$ref":"ObjectReferenceDTO"},"httpMethods":["GET"],"position":"23","allowableValues":""},"documentation":{"description":"Rule documentation","$ref":"RuleDocumentationDTO","httpMethods":["GET"],"position":"27","allowableValues":""},"rule_location":{"type":"string","description":"Rule Location","httpMethods":["GET"],"position":"35","allowableValues":""},"rule_number":{"type":"integer","format":"int64","description":"Rule number","httpMethods":["GET"],"position":"10","allowableValues":""},"disabled":{"type":"boolean","description":"Is disabled","httpMethods":["GET"],"position":"14","allowableValues":""},"src_zone":{"type":"array","description":"source zones","items":{"type":"String"},"httpMethods":["GET"],"position":"41","allowableValues":""},"dst_zone":{"type":"array","description":"destination zones","items":{"type":"String"},"httpMethods":["GET"],"position":"42","allowableValues":""},"install":{"type":"array","description":"Installed-ons","items":{"$ref":"ObjectReferenceDTO"},"httpMethods":["GET"],"position":"22","allowableValues":""},"track":{"description":"Rule tracking infomation","$ref":"RuleTrackDTO","httpMethods":["GET"],"position":"13","allowableValues":""},"user_access":{"type":"array","description":"User access","items":{"$ref":"ObjectReferenceDTO"},"httpMethods":["GET"],"position":"24","allowableValues":""},"rule_type":{"type":"string","description":"rule_type","httpMethods":["GET"],"position":"39","allowableValues":""},"vpn":{"type":"array","description":"VPN","items":{"$ref":"ObjectReferenceDTO"},"httpMethods":["GET"],"position":"21","allowableValues":""},"implicit":{"type":"boolean","description":"Is implicit","httpMethods":["GET"],"position":"14","allowableValues":""},"acceleration_breaker":{"type":"boolean","description":"Acceleration breaker","httpMethods":["GET"],"position":"37","allowableValues":""},"authentication_rule":{"type":"boolean","description":"Authentication rule","httpMethods":["GET"],"position":"38","allowableValues":""},"fmg_from_zone":{"type":"string","description":"Fortimanager source zone","httpMethods":["GET"],"position":"32","allowableValues":""},"fmg_to_zone":{"type":"string","description":"Fortimanager destination zone","httpMethods":["GET"],"position":"33","allowableValues":""},"sub_policy":{"type":"string","description":"Sub policy","httpMethods":["GET"],"position":"34","allowableValues":""},"time":{"type":"array","description":"Time","items":{"$ref":"ObjectReferenceDTO"},"httpMethods":["GET"],"position":"20","allowableValues":""},"comment":{"type":"string","description":"Comment","httpMethods":["GET"],"position":"11","allowableValues":""},"option":{"type":"array","description":"Options","items":{"type":"String"},"httpMethods":["GET"],"position":"26","allowableValues":""},"action":{"type":"string","description":"Rule action","httpMethods":["GET"],"position":"12","allowableValues":""},"name":{"type":"string","description":"Name","httpMethods":["GET"],"position":"9","allowableValues":""},"uid":{"type":"string","description":"The UID of the rule","httpMethods":["GET"],"position":"13","allowableValues":""},"device_id":{"type":"integer","format":"int32","description":"The device ID for this rule","httpMethods":["GET"],"position":"11","allowableValues":""},"binding":{"type":"array","description":"The bindings of the rule","items":{"$ref":"BindingDTO"},"httpMethods":["GET"],"position":"15","allowableValues":""},"cp_uid":{"type":"string","description":"The CheckPoint UID of the rule","httpMethods":["GET"],"position":"16","allowableValues":""},"order":{"type":"integer","format":"int32","description":"The Order of the rule","httpMethods":["GET"],"position":"14","allowableValues":""},"id":{"type":"string","description":"The ID of the rule","httpMethods":["GET"],"position":"12","allowableValues":""}}},"TranslationNatRuleDTO":{"id":"TranslationNatRuleDTO","rootElement":"nat_rule","description":"","required":["binding"],"properties":{"ruleNumber":{"type":"integer","format":"int32"},"disabled":{"type":"boolean"},"nat_type":{"type":"string"},"install":{"type":"array","description":"Install-ons for rule","items":{"$ref":"ObjectReferenceDTO"},"httpMethods":["GET"],"position":"16","allowableValues":""},"enable_net4tonet6":{"type":"boolean","description":"Enabled IPv4 to IPv6 translation","httpMethods":["GET"],"position":"18","allowableValues":""},"enable_route_lookup":{"type":"boolean","description":"Enabled route lookup","httpMethods":["GET"],"position":"19","allowableValues":""},"autoNat":{"type":"boolean"},"routing_instance":{"$ref":"RoutingInstanceDTO"},"orig_service":{"type":"array","description":"Original services for rule","items":{"$ref":"ObjectReferenceDTO"},"httpMethods":["GET"],"position":"13","allowableValues":""},"egress_interface":{"type":"array","description":"Outgoing interfaces for rule","items":{"$ref":"InterfaceDTO"},"httpMethods":["GET"],"position":"15","allowableValues":""},"srcNatMethod":{"type":"string"},"dstNatMethod":{"type":"string"},"serviceNatMethod":{"type":"string"},"set_name":{"type":"string"},"comment":{"type":"string"},"name":{"type":"string"},"uid":{"type":"string"},"binding":{"type":"array","description":"Bindings list for NAT rule","items":{"$ref":"BindingDTO"},"httpMethods":["GET"],"position":"9","allowableValues":""},"order":{"type":"integer","format":"int32"},"id":{"type":"string"}}},"MatrixRequirementDTO":{"id":"MatrixRequirementDTO","rootElement":"MatrixRequirementDTO","description":"","required":["from_zone","to_zone","policy_control_name","access_type"],"properties":{"from_zone":{"type":"string","description":"The source zone of the requirement","allowableValues":""},"to_zone":{"type":"string","description":"The destination zone of the requirement","allowableValues":""},"policy_control_name":{"type":"string","description":"The name of the matrix","allowableValues":""},"access_type":{"description":"The access type for the requirement","$ref":"AccessType","allowableValues":"BLOCK_ALL,BLOCK_ONLY,ALLOW_ONLY,ALLOW_ALL"},"rule_property":{"type":"array","description":"The rule properties that are defined for the requirement","items":{"$ref":"RulePropertyDTO"},"allowableValues":""},"flow":{"description":"The flow that is defined for the requirement","$ref":"FlowDTO","allowableValues":""},"allowed_services":{"description":"The services that are allowed by the requirement","$ref":"QueryServiceCollectionDTO","allowableValues":""},"blocked_services":{"description":"The services that are blocked by the requirement","$ref":"QueryServiceCollectionDTO","allowableValues":""}}},"QueryServiceItemDTO":{"id":"QueryServiceItemDTO","rootElement":"QueryServiceItemDTO","description":"","properties":{"id":{"type":"string"}},"subTypes":["custom","device_service","predefined","range_service"]},"InterfaceIpDTO":{"id":"InterfaceIpDTO","rootElement":"interface_ip","description":"","required":["ip","netmask"],"properties":{"ip":{"type":"string","description":"IP address of interface","httpMethods":["GET"],"position":"9","allowableValues":""},"netmask":{"type":"string","description":"Network mask of interface","httpMethods":["GET"],"position":"10","allowableValues":""},"visibility":{"type":"string","description":"ip visibility (private/public)","httpMethods":["GET"],"position":"11","allowableValues":""},"precedence":{"type":"string","description":"ip precedence (primary/secondary)","httpMethods":["GET"],"position":"12","allowableValues":""},"vendorAttachmentPolicy":{"type":"string","description":"ip vendor attachment policy","httpMethods":["GET"],"position":"13","allowableValues":""}}},"BasicInterfaceDTO":{"id":"BasicInterfaceDTO","rootElement":"interface","description":"","required":["name"],"properties":{"name":{"type":"string","description":"The name of the object","httpMethods":["GET"],"position":"9","allowableValues":""}},"subTypes":["InterfaceDTO"]},"WorkflowTicketStatusType":{"id":"WorkflowTicketStatusType","description":"","properties":{}},"Object":{"id":"Object","description":"","properties":{}},"DirectionalSecurityGroupBindingDTO":{"id":"DirectionalSecurityGroupBindingDTO","rootElement":"binding","description":"","required":["direction","policy","from_zone","to_zone","acl","rule_count","policy_map_name","security_rule_count","nat_stage","default","postnat_iface","prenat_iface"],"properties":{"uid":{"type":"string"},"direction":{"type":"string","description":"Direction of rule set","httpMethods":["GET"],"position":"18","allowableValues":""},"policy":{"description":"Management policy for rule set","$ref":"ManagementPolicyDTO","httpMethods":["GET"],"position":"13","allowableValues":""},"from_zone":{"type":"array","description":"Source zones of rule set","items":{"$ref":"PolicyZoneDTO"},"httpMethods":["GET"],"position":"11","allowableValues":""},"to_zone":{"type":"array","description":"Destination zones of rule set","items":{"$ref":"PolicyZoneDTO"},"httpMethods":["GET"],"position":"12","allowableValues":""},"ip_type":{"$ref":"IpType"},"acl":{"description":"ACL for rule set","$ref":"AclDTO","httpMethods":["GET"],"position":"9","allowableValues":""},"rule_count":{"type":"integer","format":"int32","description":"Number of rules for this rule set","httpMethods":["GET"],"position":"16","allowableValues":""},"nat_type":{"type":"string","description":"Junos SRX NAT only - Type of NAT used [SOURCE, DESTINATION, STATIC_DESTINATION, STATIC_SOURCE]","httpMethods":["GET"],"position":"23","allowableValues":""},"from_collection":{"type":"string","description":"Junos SRX NAT only - A group of sources for the NAT rule-set [Interface, Zone, Routing Instance]","httpMethods":["GET"],"position":"24","allowableValues":""},"to_collection":{"type":"string","description":"Junos SRX NAT only - A group of destinations for the NAT rule-set [Interface, Zone, Routing Instance]","httpMethods":["GET"],"position":"25","allowableValues":""},"device_policy_id":{"type":"integer","format":"int64","description":"StoneSoft only","httpMethods":["GET"],"position":"23","allowableValues":""},"policy_map_name":{"type":"string","description":"Policy map name of rule set","httpMethods":["GET"],"position":"14","allowableValues":""},"security_rule_count":{"type":"integer","format":"int32","description":"Number of security rules for this rule set","httpMethods":["GET"],"position":"17","allowableValues":""},"nat_stage":{"type":"string","description":"NAT stage for rule set","httpMethods":["GET"],"position":"19","allowableValues":""},"default":{"type":"boolean","description":"Is default rule set","httpMethods":["GET"],"position":"20","allowableValues":""},"postnat_iface":{"type":"string","description":"External interfaces for rule set","httpMethods":["GET"],"position":"22","allowableValues":""},"prenat_iface":{"type":"string","description":"Internal interfaces for rule set","httpMethods":["GET"],"position":"21","allowableValues":""},"from_type":{"type":"string","description":"Junos SRX NAT only - Type of source for rule-set [Interface, Zone, Routing Instance]","httpMethods":["GET"],"position":"26","allowableValues":""},"to_type":{"type":"string","description":"Junos SRX NAT only - Type of destination for rule-set [Interface, Zone, Routing Instance]","httpMethods":["GET"],"position":"27","allowableValues":""},"cloudSecurityGroupDTO":{"$ref":"CloudSecurityGroupDTO"}}},"CloudSecurityGroupDTO":{"id":"CloudSecurityGroupDTO","description":"","required":["access_allowed","exclusion","member","nat_info","uid","device_id","deviceName","application_id","global","comment","display_name","name","id","class_name"],"properties":{"access_allowed":{"type":"boolean","description":"access allowed","httpMethods":["GET","POST","PUT"],"position":"13","allowableValues":""},"exclusion":{"type":"array","description":"The exclusions","items":{"$ref":"ObjectReferenceDTO"},"position":"12","allowableValues":""},"member":{"type":"array","description":"The members","items":{"$ref":"ObjectReferenceDTO"},"httpMethods":["GET","POST","PUT"],"position":"11","allowableValues":""},"type_on_device":{"type":"string","description":"type on device","allowableValues":""},"domain_name":{"type":"string"},"management_domain":{"type":"string"},"overrides":{"type":"boolean","description":"Original value override, applicable only for Panorama NG","allowableValues":""},"any_zone":{"type":"boolean"},"nat_info":{"description":"NAT info for the network object","$ref":"NatInfoDTO","position":"10","allowableValues":""},"implicit":{"type":"boolean"},"uid":{"type":"string","description":"The uid of the device object","position":"6","allowableValues":""},"device_id":{"type":"integer","format":"int32","description":"The device ID of the device object","position":"6","allowableValues":""},"deviceName":{"type":"string","description":"Device name for device object","position":"9","allowableValues":""},"application_id":{"type":"integer","format":"int64","description":"Application ID of the device object","position":"8","allowableValues":""},"global":{"type":"boolean","description":"Is a global device object","httpMethods":["GET"],"position":"5","allowableValues":""},"comment":{"type":"string","description":"The comment of the device object","httpMethods":["GET","POST","PUT"],"position":"7","allowableValues":""},"display_name":{"type":"string","description":"The display name of the device object","httpMethods":["GET"],"position":"2","allowableValues":""},"name":{"type":"string","description":"The name of the device object","httpMethods":["GET","POST","PUT"],"position":"1","allowableValues":""},"id":{"type":"string","description":"The ID of the device object","httpMethods":["GET","PUT"],"allowableValues":""},"class_name":{"type":"string","description":"The class name of the device object","position":"3","allowableValues":""}}},"SectionRuleDTO":{"id":"SectionRuleDTO","rootElement":"rule","description":"","required":["header","uid","binding","cp_uid","order","id"],"properties":{"header":{"type":"string","description":"Section header","httpMethods":["GET"],"position":"9","allowableValues":""},"uid":{"type":"string","description":"The UID of the rule","httpMethods":["GET"],"position":"13","allowableValues":""},"device_id":{"type":"integer","format":"int32","description":"The device ID for this rule","httpMethods":["GET"],"position":"11","allowableValues":""},"binding":{"type":"array","description":"The bindings of the rule","items":{"$ref":"BindingDTO"},"httpMethods":["GET"],"position":"15","allowableValues":""},"cp_uid":{"type":"string","description":"The CheckPoint UID of the rule","httpMethods":["GET"],"position":"16","allowableValues":""},"order":{"type":"integer","format":"int32","description":"The Order of the rule","httpMethods":["GET"],"position":"14","allowableValues":""},"id":{"type":"string","description":"The ID of the rule","httpMethods":["GET"],"position":"12","allowableValues":""}}},"QueryServiceCollectionDTO":{"id":"QueryServiceCollectionDTO","description":"","properties":{"service_item":{"type":"array","items":{"$ref":"QueryServiceItemDTO"}},"negate":{"type":"boolean"},"exclude_any":{"type":"boolean"},"is_any":{"type":"boolean"},"id":{"type":"string"}}},"SecurityRequirementDTO":{"id":"SecurityRequirementDTO","rootElement":"SecurityRequirementDTO","description":"","properties":{},"subTypes":["MatrixRequirementDTO","PCIRequirementDTO"]},"IpType":{"id":"IpType","description":"","properties":{"ipv4":{"type":"boolean"},"ipv6":{"type":"boolean"}}},"Severity[]":{"id":"Severity[]","description":"","properties":{}},"ViolationZoneDTO":{"id":"ViolationZoneDTO","description":"","required":["network","zone_name"],"properties":{"network":{"type":"array","description":"The violating networks that are contained in the zone","items":{"$ref":"PathDTO"},"allowableValues":""},"zone_name":{"type":"string","description":"The name of the zone containing the violation","allowableValues":""}}},"RulePropertyTypeDTO[]":{"id":"RulePropertyTypeDTO[]","description":"","properties":{}},"PathDTO":{"id":"PathDTO","description":"","required":["path"],"properties":{"path":{"type":"array","description":"The path of the violating objects","items":{"type":"String"},"allowableValues":""}}},"RoutingInstanceDTO":{"id":"RoutingInstanceDTO","rootElement":"routing_instance","description":"","properties":{"name":{"type":"string"},"interfaces":{"$ref":"InterfaceListDTO"},"id":{"type":"integer","format":"int64"}}},"ManagementPolicyDTO":{"id":"ManagementPolicyDTO","rootElement":"policy","description":"","required":["itg_id","admin_domain","unique_active_in_itg","admin_domain_id","itg","name","id"],"properties":{"itg_id":{"type":"integer","format":"int32","description":"Installation target group ID","httpMethods":["GET"],"position":"11","allowableValues":""},"admin_domain":{"type":"string","description":"Admin domain name","httpMethods":["GET"],"position":"15","allowableValues":""},"unique_active_in_itg":{"type":"boolean","description":"Unique active installation target group","httpMethods":["GET"],"position":"13","allowableValues":""},"admin_domain_id":{"type":"integer","format":"int64","description":"Admin domain ID","httpMethods":["GET"],"position":"14","allowableValues":""},"itg":{"type":"string","description":"Installation target group name","httpMethods":["GET"],"position":"12","allowableValues":""},"name":{"type":"string","description":"Name","httpMethods":["GET"],"position":"10","allowableValues":""},"id":{"type":"integer","format":"int64","description":"ID","httpMethods":["GET"],"position":"9","allowableValues":""}},"subTypes":["ManagementDomainPolicyDTO"]},"FlowTypeDTO[]":{"id":"FlowTypeDTO[]","description":"","properties":{}},"RulePropertyDTO":{"id":"RulePropertyDTO","rootElement":"RulePropertyDTO","description":"","required":["payload","description","type"],"properties":{"payload":{"type":"string","description":"The payload","allowableValues":""},"description":{"type":"string","description":"The type of the rule property","allowableValues":""},"type":{"description":"The type of the rule property","$ref":"RulePropertyTypeDTO","allowableValues":"EXPLICIT_SOURCE,EXPLICIT_DESTINATION,EXPLICIT_SERVICE,HAS_COMMENT,IS_LOGGED,LAST_HIT_WITHIN,SOURCE_MAX_IP,DESTINATION_MAX_IP,SERVICE_MAX_SERVICES"}}},"SectionNatRuleDTO":{"id":"SectionNatRuleDTO","rootElement":"nat_rule","description":"","required":["binding"],"properties":{"header":{"type":"string"},"uid":{"type":"string"},"binding":{"type":"array","description":"Bindings list for NAT rule","items":{"$ref":"BindingDTO"},"httpMethods":["GET"],"position":"9","allowableValues":""},"order":{"type":"integer","format":"int32"},"id":{"type":"string"}}},"ZBSecurityRuleDTO":{"id":"ZBSecurityRuleDTO","rootElement":"rule","description":"","required":["src_networks_negated","dest_networks_negated","src_services_negated","dest_services_negated","uid","binding","cp_uid","order","id"],"properties":{"classMap":{"description":"Class map","$ref":"ClassMapDTO","httpMethods":["GET"],"position":"9","allowableValues":""},"effectiveAction":{"type":"string","description":"Effective action","httpMethods":["GET"],"position":"11","allowableValues":""},"src_networks_negated":{"type":"boolean","description":"Negated source networks","httpMethods":["GET"],"position":"28","allowableValues":""},"dest_networks_negated":{"type":"boolean","description":"Negated destination networks","httpMethods":["GET"],"position":"29","allowableValues":""},"src_services_negated":{"type":"boolean","description":"Negated source services","httpMethods":["GET"],"position":"30","allowableValues":""},"dest_services_negated":{"type":"boolean","description":"Negated destination services","httpMethods":["GET"],"position":"31","allowableValues":""},"rule_location_display":{"type":"string","description":"Rule Location Display","httpMethods":["GET"],"position":"36","allowableValues":""},"associatedNatRule":{"description":"NAT rule","$ref":"NatRuleDTO","httpMethods":["GET"],"position":"35","allowableValues":""},"src_zone_any":{"type":"boolean","description":"is source zone any ","httpMethods":["GET"],"position":"43","allowableValues":""},"dst_zone_any":{"type":"boolean","description":"is destination zone any ","httpMethods":["GET"],"position":"44","allowableValues":""},"external":{"type":"boolean","description":"Is external","httpMethods":["GET"],"position":"14","allowableValues":""},"src_network":{"type":"array","description":"Source networks","items":{"$ref":"ObjectReferenceDTO"},"httpMethods":["GET"],"position":"15","allowableValues":""},"dst_network":{"type":"array","description":"Destination networks","items":{"$ref":"ObjectReferenceDTO"},"httpMethods":["GET"],"position":"16","allowableValues":""},"src_service":{"type":"array","description":"Source services","items":{"$ref":"ObjectReferenceDTO"},"httpMethods":["GET"],"position":"17","allowableValues":""},"dst_service":{"type":"array","description":"Destination services","items":{"$ref":"ObjectReferenceDTO"},"httpMethods":["GET"],"position":"18","allowableValues":""},"textual_rep":{"type":"string","description":"the textual representation of this rule","httpMethods":["GET"],"position":"45","allowableValues":""},"application":{"type":"array","description":"Applications","items":{"$ref":"ObjectReferenceDTO"},"httpMethods":["GET"],"position":"19","allowableValues":""},"users":{"type":"array","description":"Users","items":{"$ref":"ObjectReferenceDTO"},"httpMethods":["GET"],"position":"23","allowableValues":""},"documentation":{"description":"Rule documentation","$ref":"RuleDocumentationDTO","httpMethods":["GET"],"position":"27","allowableValues":""},"rule_location":{"type":"string","description":"Rule Location","httpMethods":["GET"],"position":"35","allowableValues":""},"rule_number":{"type":"integer","format":"int64","description":"Rule number","httpMethods":["GET"],"position":"10","allowableValues":""},"disabled":{"type":"boolean","description":"Is disabled","httpMethods":["GET"],"position":"14","allowableValues":""},"src_zone":{"type":"array","description":"source zones","items":{"type":"String"},"httpMethods":["GET"],"position":"41","allowableValues":""},"dst_zone":{"type":"array","description":"destination zones","items":{"type":"String"},"httpMethods":["GET"],"position":"42","allowableValues":""},"install":{"type":"array","description":"Installed-ons","items":{"$ref":"ObjectReferenceDTO"},"httpMethods":["GET"],"position":"22","allowableValues":""},"track":{"description":"Rule tracking infomation","$ref":"RuleTrackDTO","httpMethods":["GET"],"position":"13","allowableValues":""},"user_access":{"type":"array","description":"User access","items":{"$ref":"ObjectReferenceDTO"},"httpMethods":["GET"],"position":"24","allowableValues":""},"rule_type":{"type":"string","description":"rule_type","httpMethods":["GET"],"position":"39","allowableValues":""},"vpn":{"type":"array","description":"VPN","items":{"$ref":"ObjectReferenceDTO"},"httpMethods":["GET"],"position":"21","allowableValues":""},"implicit":{"type":"boolean","description":"Is implicit","httpMethods":["GET"],"position":"14","allowableValues":""},"acceleration_breaker":{"type":"boolean","description":"Acceleration breaker","httpMethods":["GET"],"position":"37","allowableValues":""},"authentication_rule":{"type":"boolean","description":"Authentication rule","httpMethods":["GET"],"position":"38","allowableValues":""},"fmg_from_zone":{"type":"string","description":"Fortimanager source zone","httpMethods":["GET"],"position":"32","allowableValues":""},"fmg_to_zone":{"type":"string","description":"Fortimanager destination zone","httpMethods":["GET"],"position":"33","allowableValues":""},"sub_policy":{"type":"string","description":"Sub policy","httpMethods":["GET"],"position":"34","allowableValues":""},"time":{"type":"array","description":"Time","items":{"$ref":"ObjectReferenceDTO"},"httpMethods":["GET"],"position":"20","allowableValues":""},"comment":{"type":"string","description":"Comment","httpMethods":["GET"],"position":"11","allowableValues":""},"option":{"type":"array","description":"Options","items":{"type":"String"},"httpMethods":["GET"],"position":"26","allowableValues":""},"action":{"type":"string","description":"Rule action","httpMethods":["GET"],"position":"12","allowableValues":""},"name":{"type":"string","description":"Name","httpMethods":["GET"],"position":"9","allowableValues":""},"uid":{"type":"string","description":"The UID of the rule","httpMethods":["GET"],"position":"13","allowableValues":""},"device_id":{"type":"integer","format":"int32","description":"The device ID for this rule","httpMethods":["GET"],"position":"11","allowableValues":""},"binding":{"type":"array","description":"The bindings of the rule","items":{"$ref":"BindingDTO"},"httpMethods":["GET"],"position":"15","allowableValues":""},"cp_uid":{"type":"string","description":"The CheckPoint UID of the rule","httpMethods":["GET"],"position":"16","allowableValues":""},"order":{"type":"integer","format":"int32","description":"The Order of the rule","httpMethods":["GET"],"position":"14","allowableValues":""},"id":{"type":"string","description":"The ID of the rule","httpMethods":["GET"],"position":"12","allowableValues":""}}},"InterfaceDTO":{"id":"InterfaceDTO","rootElement":"interface","description":"","required":["direction","global","device_id","interface_ips","acl_name","id","name"],"properties":{"direction":{"type":"string","description":"The direction of the interface","httpMethods":["GET"],"position":"12","allowableValues":""},"global":{"type":"boolean","description":"Is a global interface","httpMethods":["GET"],"position":"12","allowableValues":""},"device_id":{"type":"integer","format":"int32","description":"Device ID for interface","httpMethods":["GET"],"position":"9","allowableValues":""},"interface_ips":{"description":"List of interfaces IPs","$ref":"InterfaceIpListDTO","httpMethods":["GET"],"position":"10","allowableValues":""},"acl_name":{"type":"string","description":"ACL name of the interface","httpMethods":["GET"],"position":"13","allowableValues":""},"id":{"type":"integer","format":"int64","description":"The ID of interface","httpMethods":["GET"],"position":"11","allowableValues":""},"name":{"type":"string","description":"The name of the object","httpMethods":["GET"],"position":"9","allowableValues":""}}},"CountDTO":{"id":"CountDTO","rootElement":"count","description":"","properties":{"":{"type":"integer","format":"int64"}}},"QueryPredefinedServiceItemRangeDTO":{"id":"QueryPredefinedServiceItemRangeDTO","rootElement":"predefined_service_range","description":"","properties":{"min":{"type":"integer","format":"int32"},"negate":{"type":"boolean"},"max":{"type":"integer","format":"int32"},"protocol":{"type":"integer","format":"int16"}}},"RulePropertyViolationDTO":{"id":"RulePropertyViolationDTO","rootElement":"RulePropertyViolationDTO","description":"","required":["type"],"properties":{"type":{"description":"The type of the rule property violation","$ref":"RulePropertyTypeDTO","allowableValues":"EXPLICIT_SOURCE,EXPLICIT_DESTINATION,EXPLICIT_SERVICE,HAS_COMMENT,IS_LOGGED,LAST_HIT_WITHIN,SOURCE_MAX_IP,DESTINATION_MAX_IP,SERVICE_MAX_SERVICES"}}},"Pair":{"id":"Pair","description":"","properties":{"second":{"$ref":"Object"},"first":{"$ref":"Object"}}},"NatRuleDTO":{"id":"NatRuleDTO","rootElement":"nat_rule","description":"","required":["binding"],"properties":{"uid":{"type":"string"},"binding":{"type":"array","description":"Bindings list for NAT rule","items":{"$ref":"BindingDTO"},"httpMethods":["GET"],"position":"9","allowableValues":""},"order":{"type":"integer","format":"int32"},"id":{"type":"string"}},"subTypes":["TranslationNatRuleDTO","SectionNatRuleDTO"]},"RuleDocumentationDTO":{"id":"RuleDocumentationDTO","rootElement":"rule_documentation","description":"","required":["violation","tech_owner","legacy_rule","record_set","permissiveness_level","shadowed","secure_app_application","comment"],"properties":{"violation":{"type":"array","description":"List of violations for this rule","items":{"$ref":"ViolationMetadataDTO"},"httpMethods":["GET"],"position":"24","allowableValues":""},"tech_owner":{"type":"string","description":"The techinal owner","httpMethods":["GET"],"position":"11","allowableValues":""},"legacy_rule":{"type":"boolean","description":"The rule advanced options","httpMethods":["GET"],"position":"18","allowableValues":""},"record_set":{"type":"array","description":"Documentation records for this rule","items":{"$ref":"RuleDocumentationRecordDTO"},"httpMethods":["GET"],"position":"13","allowableValues":""},"last_hit":{"type":"string","description":" The date of rule last hit","httpMethods":["GET"],"position":"23","allowableValues":""},"permissiveness_level":{"type":"string","description":"The rule permissiveness score","httpMethods":["GET"],"position":"20","allowableValues":""},"shadowed":{"type":"string","description":"The rule shadowed status","httpMethods":["GET"],"position":"17","allowableValues":""},"secure_app_application":{"type":"array","description":"SecureApp applications for this rule","items":{"$ref":"SaApplicationDTO"},"httpMethods":["GET"],"position":"16","allowableValues":""},"comment":{"type":"string","description":"The rule comment","httpMethods":["GET"],"position":"12","allowableValues":""},"last_modified":{"type":"string","description":"The date this rule was last modified","httpMethods":["GET"],"position":"22","allowableValues":""}},"subTypes":["RuleDocumentationRecordDTO"]},"PCIRequirementDTO":{"id":"PCIRequirementDTO","rootElement":"PCIRequirementDTO","description":"","required":["profile_name","description","test_name"],"properties":{"profile_name":{"type":"string","description":"The name of the PCI requirement profile","allowableValues":""},"description":{"type":"string","description":"The description of the PCI requirement","allowableValues":""},"test_name":{"type":"string","description":"The name of the PCI test","allowableValues":""}}},"ViolatingServicesDTO":{"id":"ViolatingServicesDTO","description":"","properties":{"violating_service":{"type":"array","items":{"$ref":"PathDTO"}},"negated":{"type":"boolean"}}},"ViolatingRuleDTO":{"id":"ViolatingRuleDTO","rootElement":"security_policy_rule_violations","description":"","required":["violation","rule","exempted_violation_instance"],"properties":{"violation":{"type":"array","description":"The security policy violations","items":{"$ref":"InstanceViolationDTO"},"allowableValues":""},"rule":{"description":"The rule that is causing the violation","$ref":"RuleDTO","allowableValues":""},"exempted_violation_instance":{"type":"array","description":"Exempted violations","items":{"$ref":"ExemptedViolationDTO"},"allowableValues":""}}},"QueryCustomServiceItemProtocolType[]":{"id":"QueryCustomServiceItemProtocolType[]","description":"","properties":{}},"RulePropertyTypeDTO":{"id":"RulePropertyTypeDTO","description":"","properties":{}},"ExemptedViolationDTO":{"id":"ExemptedViolationDTO","description":"","required":["creation_date","created_by","approved_by","requested_by"],"properties":{"expiration_date":{"type":"string","format":"date-time","description":"The expiration date for the exemption","allowableValues":""},"ticket_id":{"type":"string","description":"The ID of the ticket that resulted in the exemption","allowableValues":""},"creation_date":{"type":"string","format":"date-time","description":"The creation date of the violation exemption","allowableValues":""},"created_by":{"type":"string","description":"The creator of the violation exemption","allowableValues":""},"approved_by":{"type":"string","description":"The approver of the violation exemption","allowableValues":""},"requested_by":{"type":"string","description":"The requester of the violation exemption","allowableValues":""},"exempted_violation":{"description":"The violation that is exempted","$ref":"InstanceViolationDTO","allowableValues":""},"description":{"type":"string","description":"The exemption description","allowableValues":""},"name":{"type":"string"}}},"custom":{"id":"custom","rootElement":"service_item","description":"","properties":{"protocol":{"type":"string"},"port":{"type":"string"},"id":{"type":"string"}}},"IpType[]":{"id":"IpType[]","description":"","properties":{}},"RuleDocumentationRecordDTO":{"id":"RuleDocumentationRecordDTO","description":"","required":["ticketCr","expireDate","businessOwnerName","businessOwnerEmail","ticketStatus","id"],"properties":{"ticketCr":{"type":"string","description":"Ticket information for rule","httpMethods":["GET"],"position":"10","allowableValues":""},"expireDate":{"type":"string","format":"date-time","description":"Expiration date for rule","httpMethods":["GET"],"position":"11","allowableValues":""},"businessOwnerName":{"type":"string","description":"Business owner name for rule","httpMethods":["GET"],"position":"13","allowableValues":""},"businessOwnerEmail":{"type":"string","description":"Business owner Email address for rule","httpMethods":["GET"],"position":"14","allowableValues":""},"ticketOrigin":{"type":"string","description":"Ticketing system source of the specified ID. Supported values: \u0027scw\u0027","httpMethods":["GET"],"position":"16","allowableValues":""},"ticketStatus":{"description":"Workflow ticket status for rule","$ref":"WorkflowTicketStatusType","httpMethods":["GET"],"position":"15","allowableValues":""},"id":{"type":"integer","format":"int64","description":"Rule documentation ID","httpMethods":["GET"],"position":"9","allowableValues":""}}},"Severity":{"id":"Severity","description":"","properties":{"display":{"type":"string"},"value":{"type":"string"}}},"ObjectReferenceDTO":{"id":"ObjectReferenceDTO","description":"","required":["id"],"properties":{"uid":{"type":"string","description":"The unique identifier of the referenced object","httpMethods":["GET"],"position":"1","allowableValues":""},"member":{"type":"array","description":"List of references to a DM_INLINE group members","items":{"$ref":"ObjectReferenceDTO"},"position":"6","allowableValues":""},"display_name":{"type":"string","description":"The display name of the referenced object","httpMethods":["GET"],"position":"2","allowableValues":""},"link":{"description":"The data structure that contains the href tag, which sets the location of the referenced object in the SecureApp database","$ref":"LinkDTO","httpMethods":["GET"],"position":"5","allowableValues":""},"name":{"type":"string","description":"The name of the referenced object","httpMethods":["GET"],"position":"3","allowableValues":""},"id":{"type":"string","description":"ID","httpMethods":["GET","POST","PUT"],"allowableValues":""},"type":{"type":"string","description":"The type of the referenced object","httpMethods":["GET"],"position":"4","allowableValues":""}}},"device_service":{"id":"device_service","rootElement":"service_item","description":"","properties":{"service_uid":{"type":"string"},"mgmt_id":{"type":"string"},"mgmt_name":{"type":"string"},"service_name":{"type":"string"},"id":{"type":"string"}}},"PolicyZoneDTO":{"id":"PolicyZoneDTO","rootElement":"zone","description":"","required":["global","id","name"],"properties":{"global":{"type":"boolean","description":"Is a global zone","httpMethods":["GET"],"position":"10","allowableValues":""},"id":{"type":"integer","format":"int64","description":"ID of the zone","httpMethods":["GET"],"position":"9","allowableValues":""},"name":{"type":"string","description":"The name of the object","httpMethods":["GET"],"position":"9","allowableValues":""}}},"InterfaceListDTO":{"id":"InterfaceListDTO","rootElement":"interfaces","description":"","properties":{"interface":{"type":"array","description":"interfaces list","items":{"$ref":"BasicInterfaceDTO"},"httpMethods":["GET"],"position":"9","allowableValues":""}}},"QueryCustomServiceItemProtocolType":{"id":"QueryCustomServiceItemProtocolType","description":"","properties":{"portRange":{"$ref":"Pair"},"value":{"type":"integer","format":"int32"}}},"AccessType[]":{"id":"AccessType[]","description":"","properties":{}},"InstanceViolationDTO":{"id":"InstanceViolationDTO","description":"","properties":{"sources_in_zone":{"description":"The source zone and network objects that the violation contains","$ref":"ViolationZoneDTO","allowableValues":""},"destinations_in_zone":{"description":"The destination zone and network objects that the violation contains","$ref":"ViolationZoneDTO","allowableValues":""},"security_requirement":{"description":"The security requirement that is being violated","$ref":"SecurityRequirementDTO","allowableValues":""},"violating_services":{"description":"The services that the violation contains","$ref":"ViolatingServicesDTO","allowableValues":""},"tufin_test":{"type":"array","items":{"$ref":"TufinTestDTO"}},"rule_property_violation":{"type":"array","description":"Violations of rule properties","items":{"$ref":"RulePropertyViolationDTO"},"allowableValues":""},"flow_source_violations":{"description":"Sources that violate the flow","$ref":"FlowViolatingObjectsDTO","allowableValues":""},"flow_destination_violations":{"description":"Destinations that violate the flow","$ref":"FlowViolatingObjectsDTO","allowableValues":""},"severity":{"$ref":"Severity"},"creation_date":{"type":"string","description":"Date this violation first occurred","allowableValues":""}}},"range_service":{"id":"range_service","rootElement":"service_item","description":"","properties":{"minProtocol":{"type":"integer","format":"int32"},"maxProtocol":{"type":"integer","format":"int32"},"minPort":{"type":"integer","format":"int32","description":"","httpMethods":["GET"],"allowableValues":""},"maxPort":{"type":"integer","format":"int32","description":"","httpMethods":["GET"],"allowableValues":""},"id":{"type":"string"}}},"ViolationMetadataDTO":{"id":"ViolationMetadataDTO","description":"","required":["name","type"],"properties":{"name":{"type":"string","description":"The name of the violation","httpMethods":["GET"],"position":"1","allowableValues":""},"type":{"type":"string","description":"The type of the violation","httpMethods":["GET"],"position":"1","allowableValues":""}}}}}